"","dateTime8601","Instrument","Action","Station","Cast","Latitude","Longitude","Comment","Cruise"
"1","2019-02-01 16:00:14+00:00","Ship","startCruise","","",41.5863,-71.4091,"","EN627"
"2","2019-02-01 16:01:51+00:00","Echosounder12","start","","",41.5861,-71.4088,"","EN627"
"3","2019-02-01 16:02:20+00:00","UHDAS for both ADCPs","start","","",41.5858,-71.4083,"","EN627"
"4","2019-02-01 16:02:49+00:00","ADCP300","start","","",41.5858,-71.4083,"","EN627"
"5","2019-02-01 16:03:26+00:00","ADCP75","start","","",41.5857,-71.4074,"","EN627"
"6","2019-02-01 16:04:11+00:00","Underway Science seawater impeller","start","","",41.5854,-71.4065,"","EN627"
"7","2019-02-01 16:22:02+00:00","Underway Science seawater diaphragm pump","start","","",41.5588,-71.3927,"","EN627"
"8","2019-02-01 16:23:34+00:00","Thermosalinographs on underway impeller","start","","",41.5562,-71.3929,"SBE45","EN627"
"9","2019-02-01 16:42:46+00:00","IFCB continuous","start","","",41.5081,-71.4087,"","EN627"
"10","2019-02-01 17:07:00+00:00","EIMS","start","","",41.4437,-71.4122,"","EN627"
"11","2019-02-01 17:07:58+00:00","Attune Flow Cytometer","start","","",41.4407,-71.4125,"","EN627"
"12","2019-02-01 20:12:47+00:00","Echosounder12","other","","",41.1954,-70.8825,"RESET RANGE TO BETTER READ BOTTOM DEPTH","EN627"
"13","2019-02-01 21:05:30+00:00","CTD911","deploy","L1","2",41.19766667,-70.88283333,"","EN627"
"14","2019-02-01 21:39:15+00:00","CTD911","deploy","L1","3",41.197,-70.88183333,"","EN627"
"15","2019-02-01 22:11:53+00:00","BucketSample","start","L1","",41.1981,-70.8794,"bucket sample for Alexa Sterling","EN627"
"16","2019-02-01 22:54:58+00:00","Bongo Net","deploy","L1","B03",41.1969,-70.8787,"Most recent profile data is cast 3; Incomplete sample only kept 2 size fractions from 20um net","EN627"
"17","2019-02-01 22:59:59+00:00","Bongo Net","recover","L1","B03",41.1956,-70.8814,"hit bottom; 150 net and 335 net with sand; no sample in either. Sample recovered from 20um net; two size fractions","EN627"
"18","2019-02-01 23:10:00+00:00","Incubation","start","L1","",41.1926,-70.8857,"surface incubated at 65% and 15% light","EN627"
"19","2019-02-02 01:25:00+00:00","Underway Science seawater diaphragm pump","TOI discrete","","",41.0309,-70.6681,"","EN627"
"20","2019-02-02 01:43:00+00:00","Underway Science seawater diaphragm pump","TOI discrete","","",41.0328,-70.7264,"","EN627"
"21","2019-02-02 02:18:32+00:00","CTD911","deploy","u2a","5",41.02866667,-70.7635,"","EN627"
"22","2019-02-02 03:00:00+00:00","Underway Science seawater diaphragm pump","TOI discrete","","",41.0263,-70.8352,"","EN627"
"23","2019-02-02 03:15:00+00:00","Underway Science seawater diaphragm pump","TOI discrete","L2","",41.0283,-70.8862,"","EN627"
"24","2019-02-02 03:34:00+00:00","Underway Science seawater diaphragm pump","TOI discrete","","",41.0273,-70.9367,"","EN627"
"25","2019-02-02 04:03:51+00:00","CTD911","deploy","d2a","6",41.0255,-70.99033333,"","EN627"
"26","2019-02-02 04:56:00+00:00","Underway Science seawater diaphragm pump","TOI discrete","","",41.0066,-71.0562,"","EN627"
"27","2019-02-02 05:12:00+00:00","Underway Science seawater diaphragm pump","TOI discrete","","",41.0277,-71.1026,"","EN627"
"28","2019-02-02 06:29:33+00:00","CTD911","deploy","L2","7",41.02816667,-70.8815,"","EN627"
"29","2019-02-02 06:43:00+00:00","Underway Science seawater diaphragm pump","TOI discrete","L2","",41.0256,-70.8791,"in duplicate","EN627"
"30","2019-02-02 07:43:19+00:00","Bongo Net","deploy","L2","",41.0296,-70.8801,"NETS HIT BOTTOM AND COLLECTED SAND; NO SAMPLE SAVED; FOLLOWING THIS WITH WINCH WIRE SPEED CALIBRATION","EN627"
"31","2019-02-02 08:11:23+00:00","Other","start","","",41.0284,-70.8862,"WINCH WIRE OUT CALIBRATION; BONGO IN WATER WITH NO COD ENDS TO RINSE","EN627"
"32","2019-02-02 08:31:43+00:00","Bongo Net","deploy","L2","B07",41.0226,-70.8842,"SECOND ATTEMPT FOR B07","EN627"
"33","2019-02-02 10:02:19+00:00","CTD911","deploy","L3","8",40.86333333,-70.8845,"","EN627"
"34","2019-02-02 10:43:38+00:00","Bongo Net","deploy","L3","B08",40.8625,-70.8819,"","EN627"
"35","2019-02-02 10:49:48+00:00","Bongo Net","recover","L3","B08",40.8636,-70.8852,"","EN627"
"36","2019-02-02 11:20:00+00:00","Incubation","start","L3","",40.8525,-70.883,"surface incubated at 65% and 15% light","EN627"
"37","2019-02-02 14:29:00+00:00","Underway Science seawater diaphragm pump","TOI discrete","","",40.6957,-70.6663,"","EN627"
"38","2019-02-02 14:45:00+00:00","Underway Science seawater diaphragm pump","TOI discrete","","",40.6975,-70.7168,"","EN627"
"39","2019-02-02 15:14:29+00:00","CTD911","deploy","u4a","9",40.6935,-70.76933333,"","EN627"
"40","2019-02-02 15:53:00+00:00","Underway Science seawater diaphragm pump","TOI discrete","","",40.6896,-70.8254,"","EN627"
"41","2019-02-02 16:08:00+00:00","Underway Science seawater diaphragm pump","TOI discrete","","",40.6904,-70.881,"","EN627"
"42","2019-02-02 16:25:00+00:00","Underway Science seawater diaphragm pump","TOI discrete","","",40.6938,-70.9402,"","EN627"
"43","2019-02-02 16:40:34+00:00","UHDAS for both ADCPs","stop","","",40.6978,-70.9908,"","EN627"
"44","2019-02-02 16:44:00+00:00","UHDAS for both ADCPs","start","","",40.6962,-70.9917,"","EN627"
"45","2019-02-02 16:57:08+00:00","CTD911","deploy","d4a","10",40.6945,-70.9875,"","EN627"
"46","2019-02-02 17:10:04+00:00","Other","other","","",40.693868,-70.98368,"test for Cindy Sellers","EN627"
"47","2019-02-02 17:36:00+00:00","Underway Science seawater diaphragm pump","TOI discrete","","",40.695273,-71.05341,"","EN627"
"48","2019-02-02 17:51:00+00:00","Underway Science seawater diaphragm pump","TOI discrete","","",40.696232,-71.106715,"","EN627"
"49","2019-02-02 17:51:30+00:00","Fluorometers on underway impeller","start","","",40.69529,-71.107765,"model FLRTD serial number 492","EN627"
"50","2019-02-02 17:57:00+00:00","Underway Science seawater impeller","chl discrete","","",40.69251,-71.093628,"","EN627"
"51","2019-02-02 19:03:33+00:00","CTD911","deploy","L4","11",40.69466667,-70.88116667,"","EN627"
"52","2019-02-02 19:59:59+00:00","CTD911","deploy","L4","12",40.6975,-70.88283333,"","EN627"
"53","2019-02-02 20:12:04+00:00","Underway Science seawater diaphragm pump","TOI discrete","L4","",40.698072,-70.878508,"In Duplicate","EN627"
"54","2019-02-02 20:35:34+00:00","Bongo Net","deploy","L4","B12",40.694892,-70.87184,"","EN627"
"55","2019-02-02 20:45:19+00:00","Bongo Net","recover","L4","B12",40.690232,-70.872432,"","EN627"
"56","2019-02-02 20:57:00+00:00","Incubation","start","L4","",40.6844,-70.8738,"surface incubated at 65% and 15% light","EN627"
"57","2019-02-02 23:25:00+00:00","Incubation","stop","L1","",40.509053,-70.880658,"","EN627"
"58","2019-02-02 23:26:40+00:00","CTD911","deploy","L5","13",40.50866667,-70.8805,"","EN627"
"59","2019-02-03 03:07:00+00:00","Underway Science seawater impeller","chl discrete","","",40.356063,-70.921327,"","EN627"
"60","2019-02-03 03:46:31+00:00","SUNAV2","other","","",40.350842,-70.888725,"change deployment cable, flip battery housing orientation 180","EN627"
"61","2019-02-03 04:59:00+00:00","Underway Science seawater diaphragm pump","TOI discrete","","",40.362013,-70.663247,"","EN627"
"62","2019-02-03 05:23:00+00:00","Underway Science seawater diaphragm pump","TOI discrete","","",40.363003,-70.722117,"","EN627"
"63","2019-02-03 06:10:40+00:00","CTD911","deploy","u6a","14",40.3545,-70.76383333,"","EN627"
"64","2019-02-03 07:10:00+00:00","Underway Science seawater diaphragm pump","TOI discrete","","",40.36121,-70.840018,"","EN627"
"65","2019-02-03 07:27:04+00:00","Underway Science seawater diaphragm pump","TOI discrete","L6","",40.363128,-70.886137,"","EN627"
"66","2019-02-03 07:48:00+00:00","Underway Science seawater impeller","TOI discrete","","",40.362837,-70.942322,"","EN627"
"67","2019-02-03 07:53:00+00:00","EIMS","other","","",40.363172,-70.955668,"Switched from diaphragm to impeller pump","EN627"
"68","2019-02-03 08:18:28+00:00","CTD911","deploy","d6a","15",40.362,-70.99466667,"","EN627"
"69","2019-02-03 09:00:00+00:00","Underway Science seawater impeller","TOI discrete","","",40.360382,-71.058425,"","EN627"
"70","2019-02-03 10:47:27+00:00","CTD911","deploy","L6","16",40.36233333,-70.88733333,"","EN627"
"71","2019-02-03 11:00:00+00:00","Underway Science seawater impeller","chl discrete","","",40.363288,-70.890455,"","EN627"
"72","2019-02-03 11:06:00+00:00","Underway Science seawater impeller","other","L6","",40.363932,-70.892283,"Salt Sample","EN627"
"73","2019-02-03 11:33:34+00:00","Bongo Net","deploy","L6","B16",40.364375,-70.89299,"","EN627"
"74","2019-02-03 11:35:00+00:00","Incubation","stop","L3","",40.364775,-70.893945,"","EN627"
"75","2019-02-03 11:45:19+00:00","Bongo Net","recover","L6","B16",40.36728,-70.899867,"","EN627"
"76","2019-02-03 13:51:21+00:00","CTD911","deploy","L7","17",40.22816667,-70.88733333,"","EN627"
"77","2019-02-03 14:31:34+00:00","Bongo Net","deploy","L7","B17",40.227492,-70.889165,"added 2 minutes to account for fixing orientation of 20 um net; these during two minutes bongo was sampling surface water","EN627"
"78","2019-02-03 14:50:12+00:00","Bongo Net","recover","L7","B17",40.223787,-70.898028,"","EN627"
"79","2019-02-03 16:53:50+00:00","CTD911","deploy","L8","18",40.13566667,-70.76783333,"","EN627"
"80","2019-02-03 17:42:37+00:00","CTD911","deploy","L8","19",40.135,-70.76383333,"","EN627"
"81","2019-02-03 18:08:04+00:00","Underway Science seawater impeller","TOI discrete","L8","",40.134917,-70.762293,"In Duplicate","EN627"
"82","2019-02-03 18:44:06+00:00","Incubation","start","L8","",40.125538,-70.764515,"surface incubated at 65% and 15% light","EN627"
"83","2019-02-03 18:56:34+00:00","Bongo Net","deploy","L8","B19",40.120472,-70.766567,"Updated time to start of re-do cast--hit bottom on first cast","EN627"
"84","2019-02-03 19:12:04+00:00","Bongo Net","recover","L8","B19",40.115012,-70.76863,"","EN627"
"85","2019-02-03 19:40:00+00:00","Underway Science seawater impeller","chl discrete","","",40.101143,-70.852063,"","EN627"
"86","2019-02-03 20:57:04+00:00","Underway Science seawater impeller","TOI discrete","u9b","",40.096837,-70.661562,"","EN627"
"87","2019-02-03 20:59:49+00:00","Incubation","stop","L4","",40.097368,-70.67169,"end of L4 incubation","EN627"
"88","2019-02-03 21:11:04+00:00","Underway Science seawater impeller","TOI discrete","","",40.098425,-70.713837,"","EN627"
"89","2019-02-03 21:43:32+00:00","CTD911","deploy","u9a","20",40.09916667,-70.77133333,"","EN627"
"90","2019-02-03 22:05:00+00:00","Underway Science seawater impeller","chl discrete","","",40.101812,-70.770595,"","EN627"
"91","2019-02-03 22:31:00+00:00","Underway Science seawater impeller","TOI discrete","","",40.100272,-70.824063,"","EN627"
"92","2019-02-03 22:46:04+00:00","Underway Science seawater impeller","TOI discrete","L9","",40.099905,-70.880795,"","EN627"
"93","2019-02-03 23:01:00+00:00","Underway Science seawater impeller","TOI discrete","","",40.098538,-70.935633,"","EN627"
"94","2019-02-03 23:29:26+00:00","CTD911","deploy","d9a","21",40.09866667,-70.99116667,"","EN627"
"95","2019-02-04 00:27:00+00:00","Underway Science seawater impeller","TOI discrete","","",40.099412,-71.050107,"","EN627"
"96","2019-02-04 00:42:04+00:00","Underway Science seawater impeller","TOI discrete","d9b","",40.09871,-71.101085,"","EN627"
"97","2019-02-04 01:52:59+00:00","CTD911","deploy","L9","22",40.098,-70.8855,"","EN627"
"98","2019-02-04 02:28:04+00:00","Bongo Net","deploy","L9","",40.100357,-70.876457,"tow stopped; meter block malfunctioning NO SAMPLE SAVED","EN627"
"99","2019-02-04 02:31:04+00:00","Bongo Net","recover","L9","",40.101997,-70.876555,"No sample","EN627"
"100","2019-02-04 02:48:49+00:00","Bongo Net","deploy","L9","B22",40.104692,-70.878587,"","EN627"
"101","2019-02-04 03:07:04+00:00","Bongo Net","recover","L9","B22",40.112435,-70.87423,"","EN627"
"102","2019-02-04 05:35:45+00:00","CTD911","deploy","L10","23",39.93566667,-70.88283333,"","EN627"
"103","2019-02-04 06:40:45+00:00","CTD911","deploy","L10","24",39.9395,-70.883,"","EN627"
"104","2019-02-04 06:45:00+00:00","Underway Science seawater impeller","chl discrete","","",39.939402,-70.883445,"","EN627"
"105","2019-02-04 07:39:04+00:00","Bongo Net","deploy","L10","B24",39.938198,-70.884807,"","EN627"
"106","2019-02-04 08:00:00+00:00","Incubation","start","L10","",39.943435,-70.877867,"surface incubated at 65% and 15% light","EN627"
"107","2019-02-04 08:05:04+00:00","Bongo Net","recover","L10","B24",39.944832,-70.876267,"","EN627"
"108","2019-02-04 10:36:19+00:00","Bongo Net","deploy","L11","B25",39.77296,-70.883958,"extra 3 minutes at surface to untwist 20 um net upon deployment","EN627"
"109","2019-02-04 11:13:19+00:00","Bongo Net","recover","L11","B25",39.791038,-70.883995,"","EN627"
"110","2019-02-04 11:38:12+00:00","CTD911","deploy","L11","25",39.77516667,-70.885,"","EN627"
"111","2019-02-04 12:47:43+00:00","CTD911","deploy","L11","26",39.77466667,-70.8835,"","EN627"
"112","2019-02-04 13:30:04+00:00","Incubation","start","L11","",39.778078,-70.892842,"first of 2 incubations at L11","EN627"
"113","2019-02-04 14:49:04+00:00","Underway Science seawater impeller","TOI discrete","","",39.774583,-70.662593,"","EN627"
"114","2019-02-04 14:55:00+00:00","Underway Science seawater impeller","chl discrete","","",39.774342,-70.684165,"","EN627"
"115","2019-02-04 15:05:00+00:00","Underway Science seawater impeller","TOI discrete","","",39.773567,-70.720445,"","EN627"
"116","2019-02-04 15:27:50+00:00","CTD911","deploy","u11a","27",39.774,-70.77383333,"","EN627"
"117","2019-02-04 16:20:00+00:00","Underway Science seawater impeller","TOI discrete","","",39.771582,-70.830907,"","EN627"
"118","2019-02-04 16:34:00+00:00","Underway Science seawater impeller","TOI discrete","L11","",39.772195,-70.882282,"","EN627"
"119","2019-02-04 16:45:00+00:00","Underway Science seawater impeller","chl discrete","","",39.773822,-70.92293,"","EN627"
"120","2019-02-04 16:49:00+00:00","Underway Science seawater impeller","TOI discrete","","",39.774323,-70.937865,"","EN627"
"121","2019-02-04 17:17:40+00:00","CTD911","deploy","d11a","28",39.77483333,-70.99133333,"","EN627"
"122","2019-02-04 18:05:00+00:00","Underway Science seawater impeller","chl discrete","","",39.770905,-71.012735,"","EN627"
"123","2019-02-04 18:15:00+00:00","Underway Science seawater impeller","TOI discrete","","",39.773425,-71.050365,"","EN627"
"124","2019-02-04 18:29:04+00:00","Underway Science seawater impeller","TOI discrete","","",39.774667,-71.103722,"","EN627"
"125","2019-02-04 18:30:04+00:00","Incubation","stop","L8","",39.777008,-71.105195,"","EN627"
"126","2019-02-04 19:33:19+00:00","Bongo Net","other","L11","",39.77275,-70.88184,"Flowmeter Calibration 1 Start","EN627"
"127","2019-02-04 20:14:19+00:00","Bongo Net","other","L11","",39.765645,-70.860492,"Flowmeter Calibration 1 End","EN627"
"128","2019-02-04 20:25:49+00:00","Bongo Net","other","L11","",39.763642,-70.859907,"Flowmeter Calibration 2 Start","EN627"
"129","2019-02-04 20:36:19+00:00","Bongo Net","other","L11","",39.76604,-70.866005,"Flowmeter Calibration 2 End","EN627"
"130","2019-02-04 20:45:34+00:00","Underway Science seawater diaphragm pump","IFCB discrete","","UW1",39.769342,-70.87015,"IFCB102 collected from top of overflow bottle","EN627"
"131","2019-02-04 22:35:00+00:00","Underway Science seawater impeller","chl discrete","","",39.770577,-70.623918,"","EN627"
"132","2019-02-04 22:47:34+00:00","RMT10 Midwater Trawl (Tucker-style)","deploy","u11c","MWT28",39.771943,-70.604007,"THIS SHOULD BE ASSOCIATED TO CTD CAST 29 at u11c; CTD cast 28 was at d11a several hours prior to the trawl deployment","EN627"
"133","2019-02-04 23:34:09+00:00","Underway Science seawater diaphragm pump","IFCB discrete","","UW2",39.77314,-70.585512,"IFCB102 collected from top of overflow bottle","EN627"
"134","2019-02-04 23:39:34+00:00","RMT10 Midwater Trawl (Tucker-style)","other","u11c","",39.773327,-70.583588,"At max depth; 1337 wire out at 30 deg angle (went down at 30/min); waiting a bit at depth to retrieve to let it kite up; retrieved at 15/min to le","EN627"
"135","2019-02-05 01:30:04+00:00","RMT10 Midwater Trawl (Tucker-style)","recover","u11c","",39.77515,-70.52838,"","EN627"
"136","2019-02-05 02:42:06+00:00","CTD911","deploy","u11c","29",39.77466667,-70.5215,"","EN627"
"137","2019-02-05 03:38:19+00:00","Bongo Net","deploy","u11c","B29",39.78149,-70.527048,"","EN627"
"138","2019-02-05 04:09:19+00:00","Bongo Net","recover","u11c","B29",39.794687,-70.524907,"","EN627"
"139","2019-02-05 06:13:37+00:00","CTD911","deploy","L11","30",39.77516667,-70.88466667,"","EN627"
"140","2019-02-05 06:37:00+00:00","Underway Science seawater impeller","chl discrete","","",39.778645,-70.885897,"","EN627"
"141","2019-02-05 06:40:00+00:00","Underway Science seawater impeller","TOI discrete","L11","",39.77903,-70.885985,"","EN627"
"142","2019-02-05 06:40:04+00:00","Underway Science seawater impeller","TOI discrete","L11","",39.77903,-70.885985,"","EN627"
"143","2019-02-05 07:24:04+00:00","CTD911","deploy","L10.5","31",39.8595,-70.88466667,"","EN627"
"144","2019-02-05 07:30:00+00:00","Incubation","start","L11","",39.860983,-70.884445,"surface water; <200 and no pre-filter; second time at L11","EN627"
"145","2019-02-05 07:51:00+00:00","Underway Science seawater impeller","TOI discrete","L10.5","",39.86279,-70.882592,"in duplicate","EN627"
"146","2019-02-05 07:51:19+00:00","Underway Science seawater diaphragm pump","other","","",39.862808,-70.882572,"Adjusted flow; appeared to be decreased","EN627"
"147","2019-02-05 08:00:00+00:00","Incubation","stop","L10","",39.866262,-70.881078,"","EN627"
"148","2019-02-05 08:33:28+00:00","CTD911","deploy","L10","32",39.94266667,-70.88166667,"","EN627"
"149","2019-02-05 09:43:44+00:00","CTD911","deploy","L12","33",39.9385,-70.7745,"","EN627"
"150","2019-02-05 11:34:40+00:00","CTD911","deploy","L9.5","34",40.02083333,-70.8815,"","EN627"
"151","2019-02-05 12:15:00+00:00","Underway Science seawater impeller","chl discrete","","",40.067757,-70.88224,"","EN627"
"152","2019-02-05 12:32:13+00:00","CTD911","deploy","L9","35",40.1005,-70.88733333,"","EN627"
"153","2019-02-05 12:45:00+00:00","Underway Science seawater impeller","other","L9","",40.10352,-70.887622,"Salt Sample","EN627"
"154","2019-02-05 13:30:04+00:00","Incubation","stop","L11","",40.163333,-70.882697,"stop of the first incubation at L11","EN627"
"155","2019-02-05 13:34:48+00:00","CTD911","deploy","L7.5","36",40.165,-70.88266667,"","EN627"
"156","2019-02-05 14:38:37+00:00","CTD911","deploy","L7","37",40.22733333,-70.884,"","EN627"
"157","2019-02-05 14:59:49+00:00","Other","other","L7","37",40.240262,-70.883955,"Test comparing RStanley's Aandera AADI optode readout (componenet of EIMS) to URI SBE43s on rosette. Also compares SSW Impeller to surface Niskin Water","EN627"
"158","2019-02-05 15:59:34+00:00","CTD911","deploy","L6","38",40.36416667,-70.88883333,"","EN627"
"159","2019-02-05 17:12:27+00:00","CTD911","deploy","L13","39",40.365,-70.77883333,"","EN627"
"160","2019-02-05 19:04:42+00:00","CTD911","deploy","L5","40",40.51316667,-70.88466667,"","EN627"
"161","2019-02-05 19:24:04+00:00","Bongo Net","deploy","L5","B40",40.512102,-70.886,"","EN627"
"162","2019-02-05 19:33:34+00:00","Bongo Net","recover","L5","B40",40.507608,-70.881883,"","EN627"
"163","2019-02-05 21:16:18+00:00","CTD911","deploy","L4","41",40.69516667,-70.87816667,"","EN627"
"164","2019-02-05 22:51:18+00:00","CTD911","deploy","L3","42",40.86183333,-70.88383333,"","EN627"
"165","2019-02-06 00:18:00+00:00","Underway Science seawater impeller","chl discrete","","",41.028885,-70.88407,"","EN627"
"166","2019-02-06 00:21:45+00:00","CTD911","deploy","L2","43",41.02833333,-70.884,"","EN627"
"167","2019-02-06 01:42:34+00:00","CTD911","deploy","L1","44",41.195,-70.883,"","EN627"
"168","2019-02-06 01:43:00+00:00","Underway Science seawater impeller","chl discrete","","",41.19513,-70.882992,"","EN627"
"169","2019-02-06 02:03:04+00:00","Bongo Net","deploy","L1","B44",41.193605,-70.881818,"","EN627"
"170","2019-02-06 02:08:00+00:00","Bongo Net","recover","L1","B44",41.191173,-70.882293,"","EN627"
"171","2019-02-06 03:45:00+00:00","Underway Science seawater impeller","chl discrete","","",41.27684,-70.636987,"","EN627"
"172","2019-02-06 04:23:26+00:00","CTD911","deploy","MVCO","45",41.32016667,-70.57233333,"","EN627"
"173","2019-02-06 04:30:00+00:00","Underway Science seawater impeller","TOI discrete","MVCO","45",41.319372,-70.573045,"in duplicate","EN627"
"174","2019-02-06 04:40:14+00:00","Bongo Net","deploy","MVCO","B45",41.318197,-70.574758,"","EN627"
"175","2019-02-06 04:44:04+00:00","Bongo Net","recover","MVCO","B45",41.317912,-70.577323,"","EN627"
"176","2019-02-06 06:54:00+00:00","Underway Science seawater impeller","TOI discrete","L1","",41.180628,-70.89417,"steam  past L1 on way in. Not quite on station","EN627"
"177","2019-02-06 07:30:04+00:00","Incubation","stop","L11","",41.193475,-70.987707,"stop of the second incubation at L11","EN627"
"178","2019-02-06 07:43:00+00:00","Attune Flow Cytometer","stop","","",41.203037,-71.005518,"","EN627"
"179","2019-02-06 11:52:11+00:00","Echosounder12","stop","","",41.39324,-71.325918,"","EN627"
"180","2019-02-06 12:12:06+00:00","IFCB continuous","stop","","",41.407463,-71.351643,"","EN627"
"181","2019-02-06 12:14:21+00:00","Underway Science seawater diaphragm pump","stop","","",41.409175,-71.354457,"","EN627"
"182","2019-02-06 12:57:06+00:00","EIMS","stop","","",41.442183,-71.405763,"","EN627"
"183","2019-02-06 13:23:51+00:00","Fluorometers on underway impeller","stop","","",41.469332,-71.40855,"","EN627"
"184","2019-02-06 13:25:51+00:00","Underway Science seawater impeller","stop","","",41.471518,-71.408413,"","EN627"
"185","2019-02-06 14:23:04+00:00","UHDAS for both ADCPs","stop","","",41.494113,-71.418313,"","EN627"
"186","2019-02-06 14:24:27+00:00","ADCP300","stop","","",41.493235,-71.418745,"","EN627"
"187","2019-02-06 14:25:05+00:00","ADCP75","stop","","",41.49285,-71.418805,"","EN627"
"188","2019-02-06 14:50:23+00:00","Ship","endCruise","","",41.492137,-71.418028,"ship still docking","EN627"
"189","2019-08-15 14:39:20+00:00","MeteorologicalSensor","start","","",41.4922,-71.4187,"Met sensors remain running and logging","EN644"
"190","2019-08-19 12:57:19+00:00","Echosounder12","start","","",41.4922,-71.4187,"start 12 KHz before leaving dock","EN644"
"191","2019-08-19 13:03:16+00:00","Ship","startCruise","","",41.4922,-71.4186,"leaving Narragansett GSO dock last line removed","EN644"
"192","2019-08-19 13:39:09+00:00","Underway Science seawater impeller","start","","",41.4219,-71.4153,"pump (magnetic impeller pump) on and water valves open to flow through system","EN644"
"193","2019-08-19 13:50:56+00:00","Thermosalinographs on underway impeller","start","","",41.3949,-71.4201,"SBE21 thermosalinograph started","EN644"
"194","2019-08-19 13:51:43+00:00","Thermosalinographs on underway impeller","start","","",41.3924,-71.4206,"SBE45 continuously running and pumps started","EN644"
"195","2019-08-19 13:52:34+00:00","Fluorometers on underway impeller","start","","",41.3899,-71.4211,"Remote Temp and ECOFluor and WETStar fluorometer and SBE21 logging data","EN644"
"196","2019-08-19 14:09:48+00:00","Underway Science seawater diaphragm pump","start","","",41.3467,-71.4225,"pump (diaphragm pump) on and water valves open to that flow through system","EN644"
"197","2019-08-19 14:10:42+00:00","UHDAS for both ADCPs","start","","",41.3442,-71.4223,"UHDAS controls the ADCP75 and ADCP300","EN644"
"198","2019-08-19 14:11:21+00:00","ADCP75","start","","",41.3415,-71.4224,"UHDAS controls the ADCP75 and ADCP300","EN644"
"199","2019-08-19 14:11:49+00:00","ADCP300","start","","",41.3415,-71.4224,"UHDAS controls the ADCP75 and ADCP300","EN644"
"200","2019-08-19 15:00:00+00:00","Other","start","","",41.289,-71.2745,"HOBO data loggger started in ondeck incubators","EN644"
"201","2019-08-19 15:08:12+00:00","IFCB continuous","start","","",41.2793,-71.2447,"on diaphragm pump system","EN644"
"202","2019-08-19 15:14:57+00:00","Ship","other","","",41.2764,-71.2328,"bridge UPS died Ship will return to Narragansett to fix the issue","EN644"
"203","2019-08-19 15:30:54+00:00","EIMS","start","","",41.2617,-71.1891,"","EN644"
"204","2019-08-19 15:36:00+00:00","Attune Flow Cytometer","other","","",41.2567,-71.1749,"2 test samples to investigate hv settings matching FCBbeadss and gates","EN644"
"205","2019-08-19 16:30:00+00:00","Attune Flow Cytometer","start","","",41.2587,-71.1454,"","EN644"
"206","2019-08-19 16:45:00+00:00","Other","end","","",41.2584,-71.142,"HOBO data loggger ended in ondeck incubators","EN644"
"207","2019-08-19 16:57:57+00:00","SUNAV2","sync time","","",41.2582,-71.139,"before C1","EN644"
"208","2019-08-19 17:10:00+00:00","Underway Science seawater impeller","chl discrete","","",41.2585,-71.1361,"","EN644"
"209","2019-08-19 17:49:00+00:00","Underway Science seawater impeller","chl discrete","","",41.2585,-71.1262,"","EN644"
"210","2019-08-19 18:00:00+00:00","Underway Science seawater impeller","chl discrete","","",41.2597,-71.1214,"","EN644"
"211","2019-08-19 20:04:00+00:00","Underway Science seawater impeller","chl discrete","","",41.384,-71.3624,"","EN644"
"212","2019-08-19 20:26:00+00:00","Underway Science seawater impeller","chl discrete","","",41.4171,-71.4029,"","EN644"
"213","2019-08-19 20:38:04+00:00","Fluorometers on underway impeller","stop","","",41.443,-71.4117,"Stop underway pump at mouth of Narragansett Bay","EN644"
"214","2019-08-19 20:38:34+00:00","Thermosalinographs on underway impeller","stop","","",41.443,-71.4117,"Stop underway pump at mouth of Narragansett Bay","EN644"
"215","2019-08-19 20:39:14+00:00","Thermosalinographs on underway impeller","stop","","",41.4452,-71.4118,"Stop underway pump at mouth of Narragansett Bay","EN644"
"216","2019-08-19 20:41:32+00:00","Underway Science seawater impeller","stop","","",41.4496,-71.4121,"Stop underway pump at mouth of Narragansett Bay","EN644"
"217","2019-08-19 20:45:03+00:00","EIMS","stop","","",41.4581,-71.4116,"underway water going off so stop eims","EN644"
"218","2019-08-19 20:47:57+00:00","Underway Science seawater diaphragm pump","stop","","",41.4623,-71.4113,"Stop underway pump at mouth of Narragansett Bay","EN644"
"219","2019-08-19 20:48:59+00:00","Attune Flow Cytometer","stop","","",41.4645,-71.4112,"pump off for transit back to GSO for repairs","EN644"
"220","2019-08-19 20:49:35+00:00","IFCB continuous","stop","","",41.4666,-71.411,"pump off for transit back to GSO for repairs","EN644"
"221","2019-08-19 20:53:17+00:00","UHDAS for both ADCPs","stop","","",41.4742,-71.4108,"Coming into Narragansett Bay. UHDAS controls the ADCP75 and ADCP300","EN644"
"222","2019-08-19 20:53:45+00:00","ADCP75","stop","","",41.4742,-71.4108,"Coming into Narragansett Bay. UHDAS controls the ADCP75 and ADCP300","EN644"
"223","2019-08-19 20:54:08+00:00","ADCP300","stop","","",41.4758,-71.4108,"Coming into Narragansett Bay. UHDAS controls the ADCP75 and ADCP300","EN644"
"224","2019-08-19 21:55:39+00:00","Echosounder12","stop","","",41.4922,-71.4187,"Alongside, GSO","EN644"
"225","2019-08-19 21:58:27+00:00","Ship","other","","",41.4922,-71.4187,"Arrival at GSO for UPS swap out","EN644"
"226","2019-08-20 12:28:42+00:00","Other","start","","",41.4922,-71.4187,"HOBO data loggger started in ondeck incubators","EN644"
"227","2019-08-20 13:30:00+00:00","Other","start","","",41.4922,-71.4187,"Seawater flow-through incubators on","EN644"
"228","2019-08-20 15:05:22+00:00","Ship","other","","",41.4922,-71.4186,"leaving Narragansett GSO dock last line removed","EN644"
"229","2019-08-20 15:07:14+00:00","Echosounder12","start","","",41.4913,-71.4169,"start 12 KHz as leaving dock","EN644"
"230","2019-08-20 15:38:10+00:00","Underway Science seawater impeller","start","","",41.4183,-71.4148,"pump (magnetic impeller pump) on and water valves open to flow through system","EN644"
"231","2019-08-20 15:39:16+00:00","Thermosalinographs on underway impeller","start","","",41.4156,-71.4151,"pump (diaphragm pump) on and water valves open to that flow through system","EN644"
"232","2019-08-20 15:39:53+00:00","Fluorometers on underway impeller","start","","",41.4156,-71.4151,"pump (magnetic impeller pump) on and water valves open to flow through system","EN644"
"233","2019-08-20 15:40:56+00:00","UHDAS for both ADCPs","start","","",41.4129,-71.4153,"UHDAS controls the ADCP75 and ADCP300","EN644"
"234","2019-08-20 15:41:28+00:00","ADCP75","start","","",41.4102,-71.4155,"UHDAS controls the ADCP75 and ADCP300","EN644"
"235","2019-08-20 15:41:57+00:00","ADCP300","start","","",41.4102,-71.4155,"UHDAS controls the ADCP75 and ADCP300","EN644"
"236","2019-08-20 15:42:37+00:00","Underway Science seawater diaphragm pump","start","","",41.4075,-71.4157,"pump (diaphragm pump) on and water valves open to that flow through system","EN644"
"237","2019-08-20 18:14:50+00:00","IFCB continuous","start","","",41.2237,-70.9764,"","EN644"
"238","2019-08-20 18:22:50+00:00","Attune Flow Cytometer","start","","",41.2157,-70.9485,"still adjusting diaphragm flow settings but start anyways","EN644"
"239","2019-08-20 18:32:00+00:00","EIMS","start","","",41.206,-70.9173,"","EN644"
"240","2019-08-20 18:58:43+00:00","SUNAV2","onCTD","","",41.1969,-70.882,"","EN644"
"241","2019-08-20 18:59:34+00:00","SUNAV2","sync time","","",41.1969,-70.8818,"synce before C1 - 1 sec slow from yesterday","EN644"
"242","2019-08-20 19:02:39+00:00","CTD911","deploy","","1",41.1969,-70.8813,"","EN644"
"243","2019-08-20 20:07:17+00:00","Incubation C13","start","L1","1",41.1954,-70.8877,"T0 C13","EN644"
"244","2019-08-20 20:14:17+00:00","Incubation Grazing","start","L1","1",41.1945,-70.886,"","EN644"
"245","2019-08-20 20:19:00+00:00","Bongo Net","deploy","L1","B1",41.1934,-70.8845,"","EN644"
"246","2019-08-20 20:23:02+00:00","Bongo Net","recover","L1","B1",41.1922,-70.8822,"","EN644"
"247","2019-08-20 20:50:02+00:00","Incubation O2","start","L1","",41.1868,-70.8802,"","EN644"
"248","2019-08-20 20:52:00+00:00","Underway Science seawater diaphragm pump","DO discrete","","",41.1867,-70.8803,"","EN644"
"249","2019-08-20 20:52:00+00:00","Underway Science seawater diaphragm pump","DO discrete","","",41.1867,-70.8803,"","EN644"
"250","2019-08-20 21:19:32+00:00","Sting Ray","deploy towed","","1",41.1678,-70.8855,"","EN644"
"251","2019-08-20 21:20:17+00:00","Sting Ray","recover","","1",41.1667,-70.8855,"","EN644"
"252","2019-08-20 22:50:00+00:00","Sting Ray","deploy towed","between L1 and L2","2",41.0844,-70.8833,"","EN644"
"253","2019-08-20 23:30:00+00:00","SUNAV2","other","","",41.0334,-70.8841,"4way cable no good so revert back to standard ycable with manual power up prior to C2","EN644"
"254","2019-08-20 23:33:00+00:00","Sting Ray","recover","between L1 and L2","2",41.0292,-70.8837,"","EN644"
"255","2019-08-21 00:01:02+00:00","Bongo Net","deploy","L2","B2",41.0276,-70.8794,"","EN644"
"256","2019-08-21 00:10:00+00:00","Bongo Net","recover","L2","B2",41.0267,-70.8761,"","EN644"
"257","2019-08-21 00:35:13+00:00","CTD911","deploy","","2",41.0243,-70.8721,"","EN644"
"258","2019-08-21 00:48:00+00:00","Underway Science seawater diaphragm pump","TOI discrete","","",41.0238,-70.8716,"","EN644"
"259","2019-08-21 00:50:00+00:00","Underway Science seawater diaphragm pump","TOI discrete","","",41.0237,-70.8715,"","EN644"
"260","2019-08-21 01:36:17+00:00","Incubation Grazing","start","L2","2",41.0254,-70.7511,"","EN644"
"261","2019-08-21 01:37:17+00:00","Incubation C13","start","L2","2",41.0254,-70.7475,"T0 C13","EN644"
"262","2019-08-21 02:00:00+00:00","Incubation O2","start","L2","",41.0294,-70.6689,"","EN644"
"263","2019-08-21 02:02:00+00:00","Underway Science seawater diaphragm pump","TOI discrete","","",41.0298,-70.6615,"","EN644"
"264","2019-08-21 02:22:00+00:00","Underway Science seawater diaphragm pump","TOI discrete","","",41.0318,-70.7178,"","EN644"
"265","2019-08-21 02:36:00+00:00","Underway Science seawater diaphragm pump","TOI discrete","","",41.0288,-70.7681,"","EN644"
"266","2019-08-21 02:49:41+00:00","CTD911","deploy","","3",41.0308,-70.7678,"","EN644"
"267","2019-08-21 03:23:38+00:00","Underway Science seawater diaphragm pump","TOI discrete","","",41.0328,-70.8303,"","EN644"
"268","2019-08-21 03:39:28+00:00","Underway Science seawater diaphragm pump","TOI discrete","","",41.0331,-70.8876,"","EN644"
"269","2019-08-21 03:50:00+00:00","Underway Science seawater impeller","chl discrete","","",41.0331,-70.9224,"","EN644"
"270","2019-08-21 03:55:30+00:00","Underway Science seawater diaphragm pump","TOI discrete","","",41.0329,-70.9433,"","EN644"
"271","2019-08-21 04:10:00+00:00","Underway Science seawater diaphragm pump","TOI discrete","","",41.0313,-70.9921,"","EN644"
"272","2019-08-21 04:23:17+00:00","CTD911","deploy","","4",41.0304,-70.9898,"","EN644"
"273","2019-08-21 05:09:00+00:00","Underway Science seawater diaphragm pump","TOI discrete","","",41.0307,-71.0631,"","EN644"
"274","2019-08-21 05:22:00+00:00","Underway Science seawater diaphragm pump","TOI discrete","","",41.0312,-71.1085,"","EN644"
"275","2019-08-21 06:08:00+00:00","Underway Science seawater impeller","chl discrete","","",41.0291,-70.9625,"","EN644"
"276","2019-08-21 06:14:00+00:00","Underway Science seawater impeller","chl discrete","","",41.0292,-70.9405,"","EN644"
"277","2019-08-21 07:38:54+00:00","CTD911","deploy","","5",40.8626,-70.8816,"","EN644"
"278","2019-08-21 08:15:02+00:00","Bongo Net","deploy","L3","B5",40.8648,-70.8748,"","EN644"
"279","2019-08-21 08:25:02+00:00","Bongo Net","recover","L3","B5",40.8676,-70.8688,"","EN644"
"280","2019-08-21 10:32:32+00:00","CTD911","deploy","","6",41.0299,-70.8827,"","EN644"
"281","2019-08-21 10:51:02+00:00","Sting Ray","deploy towed","L2-L7","3",41.0297,-70.883,"","EN644"
"282","2019-08-21 12:18:03+00:00","SUNAV2","sync time","","",40.9273,-70.8849,"half sec slow next is cast 7","EN644"
"283","2019-08-21 17:01:17+00:00","Underway Science seawater diaphragm pump","DO discrete","","",40.5576,-70.8742,"","EN644"
"284","2019-08-21 17:35:17+00:00","Underway Science seawater diaphragm pump","TOI discrete","","",40.5119,-70.8733,"","EN644"
"285","2019-08-21 19:20:38+00:00","Underway Science seawater diaphragm pump","TOI discrete","","",40.3659,-70.8746,"","EN644"
"286","2019-08-21 19:30:02+00:00","Incubation C13","stop","L1","1",40.3529,-70.8731,"TF C13","EN644"
"287","2019-08-21 20:04:32+00:00","Sting Ray","recover","south of L6 ","3",40.3328,-70.8801,"ran out of disk space; recovered and decided to do regular sampling at L6 (not doing up and down this go round)","EN644"
"288","2019-08-21 20:27:19+00:00","CTD911","deploy","","7",40.3594,-70.8754,"","EN644"
"289","2019-08-21 21:12:00+00:00","Bongo Net","deploy","L6","B7",40.3441,-70.875,"","EN644"
"290","2019-08-21 21:20:01+00:00","Incubation C13","start","L6","7",40.3394,-70.875,"T0 C13","EN644"
"291","2019-08-21 21:25:00+00:00","Bongo Net","recover","L6","B7",40.3378,-70.8751,"","EN644"
"292","2019-08-21 21:40:01+00:00","Incubation Grazing","start","L6","7",40.3373,-70.8815,"T0 grazing","EN644"
"293","2019-08-21 22:06:00+00:00","Incubation O2","start","L6","",40.3379,-70.8778,"T0 oxygen","EN644"
"294","2019-08-21 22:12:01+00:00","Incubation Grazing","stop","L1","1",40.3348,-70.8776,"TF grazing","EN644"
"295","2019-08-21 22:16:16+00:00","Sting Ray","deploy towed","L6","4",40.3326,-70.8783,"L6-L7","EN644"
"296","2019-08-21 22:30:01+00:00","Incubation O2","stop","L1","",40.3149,-70.8787,"","EN644"
"297","2019-08-21 23:36:01+00:00","Incubation C13","stop","L2","2",40.2342,-70.8825,"TF C13","EN644"
"298","2019-08-21 23:54:01+00:00","Sting Ray","recover","L7","4",40.2228,-70.8842,"finish of L6 to L7 tow","EN644"
"299","2019-08-22 00:03:10+00:00","CTD911","deploy","","8",40.2192,-70.8852,"","EN644"
"300","2019-08-22 00:40:01+00:00","Incubation Grazing","stop","L2","2",40.2101,-70.8857,"","EN644"
"301","2019-08-22 01:45:01+00:00","Incubation O2","stop","L2","",40.2187,-70.8754,"","EN644"
"302","2019-08-22 02:18:29+00:00","Other","other","","",40.2226,-70.8706,"Main engine restarted","EN644"
"303","2019-08-22 02:51:00+00:00","Bongo Net","deploy","L7","B8",40.2217,-70.8846,"","EN644"
"304","2019-08-22 03:05:00+00:00","Bongo Net","recover","L7","B8",40.2158,-70.8879,"","EN644"
"305","2019-08-22 04:23:52+00:00","CTD911","deploy","","9",40.1264,-70.7817,"","EN644"
"306","2019-08-22 04:55:00+00:00","Underway Science seawater diaphragm pump","TOI discrete","L8","",40.1136,-70.7777,"","EN644"
"307","2019-08-22 04:55:35+00:00","Underway Science seawater diaphragm pump","TOI discrete","","",40.1132,-70.7777,"","EN644"
"308","2019-08-22 05:31:01+00:00","Bongo Net","deploy","L8","B9",40.1212,-70.7736,"","EN644"
"309","2019-08-22 05:36:01+00:00","Bongo Net","recover","L8","B9",40.1194,-70.7792,"Didn't collect sample because of bad weather","EN644"
"310","2019-08-22 05:40:00+00:00","Incubation C13","stop","L4","",40.1196,-70.78,"","EN644"
"311","2019-08-22 05:59:46+00:00","Incubation Grazing","start","L8","9",40.1274,-70.788,"","EN644"
"312","2019-08-22 05:59:46+00:00","Incubation C13","start","L8","9",40.1274,-70.788,"T0 C13","EN644"
"313","2019-08-22 06:00:00+00:00","Incubation O2","start","L8","EN644_009",40.1274,-70.788,"","EN644"
"314","2019-08-22 07:39:00+00:00","Underway Science seawater impeller","chl discrete","","",40.0979,-70.7736,"","EN644"
"315","2019-08-22 07:55:00+00:00","Underway Science seawater impeller","chl discrete","","",40.0987,-70.7221,"","EN644"
"316","2019-08-22 08:22:00+00:00","Underway Science seawater diaphragm pump","TOI discrete","","",40.0986,-70.6655,"","EN644"
"317","2019-08-22 08:39:00+00:00","Underway Science seawater diaphragm pump","TOI discrete","","",40.0988,-70.7188,"","EN644"
"318","2019-08-22 08:56:00+00:00","Underway Science seawater diaphragm pump","TOI discrete","","",40.098,-70.7702,"","EN644"
"319","2019-08-22 09:05:00+00:00","Underway Science seawater diaphragm pump","DO discrete","","",40.0981,-70.7704,"","EN644"
"320","2019-08-22 09:06:55+00:00","CTD911","deploy","","10",40.0982,-70.77,"","EN644"
"321","2019-08-22 09:30:00+00:00","Underway Science seawater impeller","chl discrete","","",40.0999,-70.7721,"","EN644"
"322","2019-08-22 09:44:00+00:00","Underway Science seawater diaphragm pump","TOI discrete","","",40.1001,-70.8187,"","EN644"
"323","2019-08-22 10:03:00+00:00","Underway Science seawater diaphragm pump","TOI discrete","","",40.0985,-70.8844,"","EN644"
"324","2019-08-22 10:18:00+00:00","Underway Science seawater diaphragm pump","TOI discrete","","",40.0978,-70.9361,"","EN644"
"325","2019-08-22 10:33:00+00:00","Underway Science seawater diaphragm pump","TOI discrete","","",40.0982,-70.9877,"","EN644"
"326","2019-08-22 10:41:36+00:00","CTD911","deploy","","11",40.0972,-70.991,"","EN644"
"327","2019-08-22 11:37:00+00:00","Underway Science seawater diaphragm pump","TOI discrete","","",40.1016,-71.1094,"","EN644"
"328","2019-08-22 11:40:00+00:00","SUNAV2","sync time","","",40.0972,-71.1094,"approx half sec slow before  C12","EN644"
"329","2019-08-22 12:47:00+00:00","Underway Science seawater diaphragm pump","TOI discrete","L9","",40.0953,-70.8834,"","EN644"
"330","2019-08-22 12:57:40+00:00","CTD911","deploy","","12",40.0935,-70.8875,"","EN644"
"331","2019-08-22 14:09:31+00:00","Bongo Net","deploy","L9","B12",40.0727,-70.9116,"Hit bottom; no sample","EN644"
"332","2019-08-22 14:32:01+00:00","Bongo Net","recover","L9","B12",40.0688,-70.9153,"","EN644"
"333","2019-08-22 15:07:31+00:00","Bongo Net","deploy","L9","12b",40.0949,-70.8869,"recast at L9 after htting bottom - hit bottom again","EN644"
"334","2019-08-22 15:26:01+00:00","Bongo Net","recover","L9","12b",40.0887,-70.8884,"hit bottom","EN644"
"335","2019-08-22 16:00:00+00:00","Incubation C13","start","L10","13",40.0521,-70.8865,"T0 C13","EN644"
"336","2019-08-22 16:30:00+00:00","Incubation Grazing","start","L10","13",39.9835,-70.8842,"T0 grazing","EN644"
"337","2019-08-22 16:30:00+00:00","Incubation O2","start","L10","13",39.9835,-70.8842,"","EN644"
"338","2019-08-22 16:38:00+00:00","Underway Science seawater diaphragm pump","DO discrete","","",39.9642,-70.8829,"","EN644"
"339","2019-08-22 16:55:56+00:00","CTD911","deploy","","13",39.9379,-70.8861,"","EN644"
"340","2019-08-22 17:47:01+00:00","Bongo Net","deploy","L10","B13",39.9319,-70.8849,"","EN644"
"341","2019-08-22 18:15:01+00:00","Bongo Net","recover","L10","B13",39.9255,-70.8883,"","EN644"
"342","2019-08-22 18:48:16+00:00","Other","other","","",39.9293,-70.8902,"Finish moving StingRay sled forward and trawl aft to uner the A-frame. Going to next site.","EN644"
"343","2019-08-22 19:04:49+00:00","Underway Science seawater diaphragm pump","TOI discrete","","",39.9397,-70.8319,"","EN644"
"344","2019-08-22 19:34:28+00:00","CTD911","deploy","","14",39.9334,-70.7751,"","EN644"
"345","2019-08-22 20:10:01+00:00","Incubation C13","stop","L6","7",39.9239,-70.7694,"TF C13","EN644"
"346","2019-08-22 20:55:38+00:00","Underway Science seawater diaphragm pump","DO discrete","","",39.8242,-70.8431,"","EN644"
"347","2019-08-22 21:59:08+00:00","CTD911","deploy","","15",39.7717,-70.7738,"","EN644"
"348","2019-08-22 21:59:46+00:00","Incubation Grazing","stop","L6","7",39.7717,-70.7738,"","EN644"
"349","2019-08-22 22:45:00+00:00","Incubation O2","stop","L6","",39.7669,-70.8117,"","EN644"
"350","2019-08-22 22:53:54+00:00","Underway Science seawater diaphragm pump","TOI discrete","","",39.7687,-70.8412,"","EN644"
"351","2019-08-22 23:45:02+00:00","CTD911","deploy","","16",39.7729,-70.9874,"","EN644"
"352","2019-08-23 00:57:06+00:00","CTD911","deploy","","17",39.7723,-70.8796,"","EN644"
"353","2019-08-23 03:07:02+00:00","Bongo Net","deploy","L11","B17",39.762,-71.0547,"","EN644"
"354","2019-08-23 03:30:02+00:00","Bongo Net","recover","L11","B17",39.756,-71.0559,"","EN644"
"355","2019-08-23 03:45:02+00:00","Incubation C13","stop","L8","",39.7515,-71.0573,"","EN644"
"356","2019-08-23 03:54:47+00:00","Incubation Grazing","start","L11","17",39.7524,-71.0578,"","EN644"
"357","2019-08-23 03:55:17+00:00","Incubation C13","start","L11","17",39.755,-71.0571,"T0 C13","EN644"
"358","2019-08-23 03:55:41+00:00","Incubation O2","start","L11","",39.755,-71.0571,"","EN644"
"359","2019-08-23 04:51:47+00:00","RMT10 Midwater Trawl (Tucker-style)","deploy","d11b","1",39.7915,-71.0462,"1000m depth goal. ~1400mwo. 30m/min down; 15m/min up. Sample labels say L11.","EN644"
"360","2019-08-23 04:57:46+00:00","SUNAV2","sync time","","",39.7907,-71.0491,"half sec slow next is cast 17","EN644"
"361","2019-08-23 05:45:02+00:00","Incubation Grazing","stop","L8","",39.7838,-71.0708,"","EN644"
"362","2019-08-23 05:45:02+00:00","Incubation O2","stop","L8","",39.7838,-71.0708,"","EN644"
"363","2019-08-23 06:52:17+00:00","Underway Science seawater diaphragm pump","other","","",39.7741,-71.1042,"turn flow up from 30 to 38. Rachel noticed yesterday flow was less compared to start of cruise","EN644"
"364","2019-08-23 07:10:00+00:00","RMT10 Midwater Trawl (Tucker-style)","recover","d11b","1",39.7723,-71.1115,"","EN644"
"365","2019-08-23 08:14:17+00:00","Sting Ray","deploy towed","d11b","5",39.7942,-71.0619,"deep cast, slow tow","EN644"
"366","2019-08-23 09:16:47+00:00","Sting Ray","recover","d11b","5",39.7934,-71.0721,"","EN644"
"367","2019-08-23 09:32:00+00:00","Underway Science seawater impeller","chl discrete","","",39.7927,-71.0745,"","EN644"
"368","2019-08-23 09:33:02+00:00","Sting Ray","deploy towed","L11","6",39.7925,-71.0751,"","EN644"
"369","2019-08-23 13:14:00+00:00","Underway Science seawater diaphragm pump","TOI discrete","","",39.9696,-70.8791,"","EN644"
"370","2019-08-23 15:14:02+00:00","Sting Ray","recover","L9","6",40.1119,-70.8792,"","EN644"
"371","2019-08-23 15:45:03+00:00","CTD911","deploy","","18",40.1047,-70.8826,"","EN644"
"372","2019-08-23 16:15:02+00:00","Bongo Net","deploy","L9","B18",40.1152,-70.8848,"3rd attempt to not hit the bottom and get a sample here (success!); 157mwo max  1.5kts thru the water","EN644"
"373","2019-08-23 16:18:05+00:00","Underway Science seawater diaphragm pump","TOI discrete","","",40.1166,-70.8851,"","EN644"
"374","2019-08-23 16:30:02+00:00","Bongo Net","recover","L9","B18",40.1223,-70.886,"","EN644"
"375","2019-08-23 16:50:32+00:00","Sting Ray","deploy towed","L9","7",40.1341,-70.8867,"","EN644"
"376","2019-08-23 17:34:00+00:00","Incubation C13","stop","L10","13",40.1846,-70.8826,"TF C13","EN644"
"377","2019-08-23 18:04:43+00:00","Underway Science seawater diaphragm pump","TOI discrete","","",40.2244,-70.8797,"","EN644"
"378","2019-08-23 18:31:16+00:00","Underway Science seawater diaphragm pump","TOI discrete","","",40.2576,-70.8818,"","EN644"
"379","2019-08-23 18:50:00+00:00","Incubation O2","stop","L10","",40.2823,-70.8845,"","EN644"
"380","2019-08-23 18:50:02+00:00","Incubation Grazing","stop","L10","",40.2836,-70.8847,"TF grazing","EN644"
"381","2019-08-23 19:43:32+00:00","Sting Ray","recover","L6","7",40.3549,-70.8848,"","EN644"
"382","2019-08-23 21:03:44+00:00","Underway Science seawater diaphragm pump","TOI discrete","u6b","",40.3631,-70.6473,"u6b waypoint turnaround","EN644"
"383","2019-08-23 21:33:36+00:00","Underway Science seawater diaphragm pump","TOI discrete","","",40.3622,-70.7313,"","EN644"
"384","2019-08-23 21:51:45+00:00","CTD911","deploy","","19",40.3618,-70.7741,"","EN644"
"385","2019-08-23 22:25:00+00:00","Underway Science seawater diaphragm pump","TOI discrete","","",40.3604,-70.8255,"","EN644"
"386","2019-08-23 22:40:03+00:00","Underway Science seawater diaphragm pump","TOI discrete","","",40.3602,-70.8845,"","EN644"
"387","2019-08-23 22:54:58+00:00","Underway Science seawater diaphragm pump","TOI discrete","","",40.3614,-70.9359,"","EN644"
"388","2019-08-23 23:16:48+00:00","CTD911","deploy","","20",40.3623,-70.9928,"","EN644"
"389","2019-08-23 23:51:00+00:00","Underway Science seawater diaphragm pump","TOI discrete","","",40.364,-71.0479,"","EN644"
"390","2019-08-24 00:05:31+00:00","Underway Science seawater diaphragm pump","TOI discrete","","",40.3625,-71.1042,"","EN644"
"391","2019-08-24 01:28:10+00:00","CTD911","deploy","","21",40.3687,-70.8754,"","EN644"
"392","2019-08-24 02:30:00+00:00","Incubation C13","stop","L11","",40.4766,-70.8824,"","EN644"
"393","2019-08-24 02:50:07+00:00","CTD911","deploy","","22",40.5125,-70.8823,"","EN644"
"394","2019-08-24 02:59:47+00:00","Incubation O2","stop","L11","",40.5139,-70.8834,"","EN644"
"395","2019-08-24 03:15:00+00:00","Incubation Grazing","stop","L11","",40.5165,-70.8847,"","EN644"
"396","2019-08-24 03:21:02+00:00","Bongo Net","deploy","L5","B22",40.5178,-70.8856,"","EN644"
"397","2019-08-24 03:29:00+00:00","Bongo Net","recover","L5","B22",40.5202,-70.8864,"","EN644"
"398","2019-08-24 04:53:47+00:00","Bongo Net","deploy","L4","B23",40.6955,-70.888,"","EN644"
"399","2019-08-24 05:04:11+00:00","Bongo Net","recover","L4","B23",40.6968,-70.8936,"","EN644"
"400","2019-08-24 05:17:07+00:00","CTD911","deploy","","23",40.6976,-70.8969,"","EN644"
"401","2019-08-24 06:30:00+00:00","Incubation Grazing","start","L4","23",40.6954,-70.7542,"T0 grazing","EN644"
"402","2019-08-24 06:30:00+00:00","Incubation C13","start","L4","23",40.6954,-70.7542,"T0 C13","EN644"
"403","2019-08-24 07:05:25+00:00","Underway Science seawater diaphragm pump","TOI discrete","","",40.6945,-70.6618,"","EN644"
"404","2019-08-24 07:27:55+00:00","Underway Science seawater diaphragm pump","TOI discrete","","",40.6964,-70.7363,"","EN644"
"405","2019-08-24 07:55:55+00:00","CTD911","deploy","","24",40.6966,-70.7756,"","EN644"
"406","2019-08-24 08:33:17+00:00","SUNAV2","sync time","","",40.7024,-70.7931,"1 sec slow before C25 - difficulty syncing clock","EN644"
"407","2019-08-24 08:48:31+00:00","Underway Science seawater diaphragm pump","TOI discrete","","",40.7004,-70.8459,"","EN644"
"408","2019-08-24 09:08:00+00:00","Underway Science seawater diaphragm pump","TOI discrete","","",40.7004,-70.8981,"","EN644"
"409","2019-08-24 09:17:01+00:00","Underway Science seawater diaphragm pump","TOI discrete","","",40.6994,-70.9339,"","EN644"
"410","2019-08-24 09:20:00+00:00","Underway Science seawater diaphragm pump","TOI discrete","","",40.699,-70.9411,"","EN644"
"411","2019-08-24 09:43:57+00:00","CTD911","deploy","","25",40.6973,-70.9947,"","EN644"
"412","2019-08-24 10:31:00+00:00","Underway Science seawater diaphragm pump","TOI discrete","","",40.6971,-71.0517,"","EN644"
"413","2019-08-24 10:49:00+00:00","Underway Science seawater diaphragm pump","TOI discrete","","",40.6957,-71.1049,"","EN644"
"414","2019-08-24 12:08:00+00:00","Underway Science seawater diaphragm pump","TOI discrete","","",40.6724,-70.8917,"","EN644"
"415","2019-08-24 13:44:20+00:00","Underway Science seawater diaphragm pump","TOI discrete","","",40.3994,-70.8925,"","EN644"
"416","2019-08-24 14:17:47+00:00","Sting Ray","deploy towed","L6","8",40.355,-70.8858,"","EN644"
"417","2019-08-24 15:10:00+00:00","Underway Science seawater diaphragm pump","TOI discrete","","",40.4251,-70.8932,"","EN644"
"418","2019-08-24 16:25:00+00:00","Underway Science seawater diaphragm pump","TOI discrete","","",40.5185,-70.8878,"","EN644"
"419","2019-08-24 17:32:45+00:00","Underway Science seawater diaphragm pump","TOI discrete","","",40.6042,-70.8819,"","EN644"
"420","2019-08-24 17:32:50+00:00","Underway Science seawater diaphragm pump","TOI discrete","","",40.6042,-70.8819,"","EN644"
"421","2019-08-24 18:04:52+00:00","Underway Science seawater diaphragm pump","TOI discrete","","",40.6452,-70.879,"","EN644"
"422","2019-08-24 19:34:52+00:00","Underway Science seawater diaphragm pump","TOI discrete","","",40.7621,-70.8763,"","EN644"
"423","2019-08-24 20:57:57+00:00","Underway Science seawater diaphragm pump","TOI discrete","","",40.8665,-70.8783,"","EN644"
"424","2019-08-24 21:39:28+00:00","Underway Science seawater diaphragm pump","TOI discrete","","",40.9165,-70.877,"","EN644"
"425","2019-08-24 21:39:33+00:00","Underway Science seawater diaphragm pump","TOI discrete","","",40.9165,-70.877,"","EN644"
"426","2019-08-24 23:17:38+00:00","Underway Science seawater diaphragm pump","TOI discrete","","",41.0324,-70.8819,"","EN644"
"427","2019-08-24 23:35:02+00:00","Sting Ray","recover","L2","8",41.0529,-70.8822,"","EN644"
"428","2019-08-25 00:03:21+00:00","CTD911","deploy","","26",41.0599,-70.8808,"","EN644"
"429","2019-08-25 01:00:09+00:00","CTD911","deploy","","27",41.1152,-70.8834,"","EN644"
"430","2019-08-25 01:52:19+00:00","Underway Science seawater diaphragm pump","TOI discrete","","",41.1751,-70.8839,"","EN644"
"431","2019-08-25 02:16:47+00:00","CTD911","deploy","","28",41.1991,-70.8839,"","EN644"
"432","2019-08-25 04:24:27+00:00","CTD911","deploy","","29",41.318,-70.5844,"","EN644"
"433","2019-08-25 04:43:02+00:00","Bongo Net","deploy","MVCO","B29",41.3175,-70.5854,"","EN644"
"434","2019-08-25 04:47:02+00:00","Bongo Net","recover","MVCO","B29",41.3174,-70.5832,"","EN644"
"435","2019-08-25 04:50:00+00:00","Incubation Grazing","stop","L4","",41.3166,-70.5824,"","EN644"
"436","2019-08-25 06:08:48+00:00","Other","end","","",41.2384,-70.751,"HOBO data loggger ended in ondeck incubators","EN644"
"437","2019-08-25 09:36:19+00:00","SUNAV2","sync time","","",41.2861,-71.2928,"2 sec slow at end of cruise","EN644"
"438","2019-08-25 11:25:40+00:00","EIMS","stop","","",41.3545,-71.3491,"","EN644"
"439","2019-08-25 11:26:32+00:00","Attune Flow Cytometer","stop","","",41.3557,-71.3494,"","EN644"
"440","2019-08-25 11:42:25+00:00","IFCB continuous","stop","","",41.3752,-71.3536,"","EN644"
"441","2019-08-25 14:03:08+00:00","Underway Science seawater diaphragm pump","stop","","",41.4948,-71.4186,"Stop underway pump at mouth of Narragansett Bay ~1330z","EN644"
"442","2019-08-25 14:03:51+00:00","Underway Science seawater impeller","stop","","",41.4948,-71.4186,"pump (magnetic impeller pump) off about half an hour ago then freshwater flushed  then water valves closed to flow through system","EN644"
"443","2019-08-25 14:04:31+00:00","Fluorometers on underway impeller","stop","","",41.4942,-71.4187,"pump (magnetic impeller pump) off  then freshwaer flushed  then water valves closed to flow through system","EN644"
"444","2019-08-25 14:05:35+00:00","Thermosalinographs on underway impeller","stop","","",41.4937,-71.4187,"pump (magnetic impeller pump) off about half an hour ago then freshwater flushed  then water valves closed to flow through system","EN644"
"445","2019-08-25 14:06:11+00:00","UHDAS for both ADCPs","stop","","",41.4933,-71.4188,"Coming into Narragansett Bay. UHDAS controls the ADCP75 and ADCP300","EN644"
"446","2019-08-25 14:06:37+00:00","ADCP75","stop","","",41.4933,-71.4188,"Coming into Narragansett Bay. UHDAS controls the ADCP75 and ADCP300","EN644"
"447","2019-08-25 14:07:23+00:00","ADCP300","stop","","",41.4929,-71.4188,"Coming into Narragansett Bay. UHDAS controls the ADCP75 and ADCP300","EN644"
"448","2019-08-25 14:15:30+00:00","Echosounder12","stop","","",41.4922,-71.4187,"","EN644"
"449","2019-08-25 14:16:49+00:00","Ship","endCruise","GSO","",41.4922,-71.4187,"","EN644"
"450","2019-08-25 14:31:21+00:00","MeteorologicalSensor","other","","",41.4922,-71.4187,"Met sensors remain running and logging","EN644"
"451","2019-08-28 05:45:00+00:00","Other","end","","",41.4922,-71.4187,"Seawater flow-through incubators off","EN644"
"452","2020-02-01 14:12:52+00:00","Ship","startCruise","","",41.492,-71.4178,"","EN649"
"453","2020-02-01 14:14:15+00:00","UHDAS for both ADCPs","start","","",41.4912,-71.4156,"","EN649"
"454","2020-02-01 14:14:41+00:00","ADCP300","start","","",41.4912,-71.4156,"","EN649"
"455","2020-02-01 14:15:00+00:00","SUNAV2","onCTD","","",41.4912,-71.4156,"","EN649"
"456","2020-02-01 14:15:15+00:00","ADCP75","start","","",41.4906,-71.4146,"","EN649"
"457","2020-02-01 14:15:49+00:00","Echosounder12","start","","",41.4906,-71.4146,"","EN649"
"458","2020-02-01 14:20:46+00:00","Underway Science seawater diaphragm pump","start","","",41.4869,-71.4099,"","EN649"
"459","2020-02-01 14:21:28+00:00","Underway Science seawater impeller","start","","",41.486,-71.4091,"","EN649"
"460","2020-02-01 14:29:48+00:00","Thermosalinographs on underway impeller","start","","",41.474,-71.4087,"","EN649"
"461","2020-02-01 14:30:18+00:00","Fluorometers on underway impeller","start","","",41.4724,-71.409,"","EN649"
"462","2020-02-01 16:03:59+00:00","Underway Science seawater diaphragm pump","stop","","",41.3282,-71.1728,"troubleshooting","EN649"
"463","2020-02-01 16:07:35+00:00","Other","start","","",41.3226,-71.1604,"HOBO data loggger started in ondeck incubators","EN649"
"464","2020-02-01 16:08:35+00:00","Other","start","","",41.3213,-71.1572,"Start filling ondeck incubators","EN649"
"465","2020-02-01 16:12:56+00:00","Underway Science seawater diaphragm pump","other","","",41.3156,-71.145,"oil in diaphragm supply turn off in SPL clean sink and equipment","EN649"
"466","2020-02-01 16:29:55+00:00","Underway Science seawater impeller","chl discrete","","",41.2919,-71.0924,"Underway discrete chlorophyll a","EN649"
"467","2020-02-01 17:07:35+00:00","Underway Science seawater diaphragm pump","start","","",41.2402,-70.9736,"already had turned back on when event entered","EN649"
"468","2020-02-01 17:32:58+00:00","IFCB continuous","start","","",41.2082,-70.8951,"","EN649"
"469","2020-02-01 17:45:47+00:00","Attune Flow Cytometer","start","","",41.2037,-70.8811,"","EN649"
"470","2020-02-01 18:07:29+00:00","CTD911","deploy","","1",41.2045,-70.8838,"","EN649"
"471","2020-02-01 18:48:55+00:00","Bongo Net","deploy","L1","B1",41.2087,-70.8935,"","EN649"
"472","2020-02-01 18:49:55+00:00","Incubation O2","start","L1","01",41.2091,-70.8937,"","EN649"
"473","2020-02-01 18:50:25+00:00","Incubation C13","start","L1","01",41.2095,-70.8939,"","EN649"
"474","2020-02-01 18:53:55+00:00","Bongo Net","recover","L1","B1",41.2107,-70.8945,"","EN649"
"475","2020-02-01 19:03:19+00:00","SUNAV2","other","","",41.2129,-70.8947,"4way cable no good so revert back to standard ycable with manual power up prior to C2","EN649"
"476","2020-02-01 19:03:51+00:00","SUNAV2","sync time","","",41.2129,-70.8947,"approx half sec slow post Cast1","EN649"
"477","2020-02-01 19:20:55+00:00","Incubation Grazing","start","L1","01",41.2043,-70.8855,"","EN649"
"478","2020-02-01 20:07:25+00:00","Sting Ray","deploy towed","L1","1",41.2024,-70.847,"already towing when event entered","EN649"
"479","2020-02-01 20:25:00+00:00","EIMS","start","","",41.2025,-70.8159,"delayed start due to presence of oil in flowing SW","EN649"
"480","2020-02-01 21:36:55+00:00","Sting Ray","recover","","1",41.2324,-70.7111,"tow ended part way to MVCO","EN649"
"481","2020-02-01 22:58:41+00:00","CTD911","deploy","","2",41.3195,-70.574,"","EN649"
"482","2020-02-01 23:26:00+00:00","Bongo Net","deploy","MVCO","B2",41.3214,-70.5812,"","EN649"
"483","2020-02-01 23:31:00+00:00","Bongo Net","recover","MVCO","B2",41.3206,-70.5837,"","EN649"
"484","2020-02-02 00:09:55+00:00","Underway Science seawater impeller","chl discrete","","",41.2777,-70.6558,"","EN649"
"485","2020-02-02 00:55:55+00:00","Underway Science seawater impeller","chl discrete","","",41.2,-70.7858,"","EN649"
"486","2020-02-02 01:03:00+00:00","Underway Science seawater impeller","chl discrete","","",41.2005,-70.8112,"","EN649"
"487","2020-02-02 02:25:55+00:00","Underway Science seawater diaphragm pump","DO discrete","L2","",41.0296,-70.884,"Winkler triplicate","EN649"
"488","2020-02-02 02:38:43+00:00","Sting Ray","other","L2","",41.0256,-70.8844,"test dunk at surface troubleshooting camera spot post opened aperture","EN649"
"489","2020-02-02 02:44:46+00:00","Sting Ray","other","L2","",41.0248,-70.8845,"recover test dunk","EN649"
"490","2020-02-02 03:59:56+00:00","Underway Science seawater diaphragm pump","TOI discrete","u2b","",41.0306,-70.6621,"bottle 556 begin 2U/D transect","EN649"
"491","2020-02-02 04:51:32+00:00","CTD911","deploy","","3",41.0327,-70.776,"","EN649"
"492","2020-02-02 04:57:55+00:00","Underway Science seawater diaphragm pump","TOI discrete","u2a","",41.0337,-70.7775,"bottle 832","EN649"
"493","2020-02-02 05:44:55+00:00","Underway Science seawater diaphragm pump","TOI discrete","L2","",41.0305,-70.9003,"bottle 544 updown transect","EN649"
"494","2020-02-02 06:23:05+00:00","CTD911","deploy","","4",41.0308,-70.9968,"","EN649"
"495","2020-02-02 06:33:00+00:00","Underway Science seawater diaphragm pump","TOI discrete","d2a","",41.0313,-70.9987,"bottle 712","EN649"
"496","2020-02-02 07:14:00+00:00","Underway Science seawater diaphragm pump","TOI discrete","d2b","",41.0301,-71.1066,"bottle 569","EN649"
"497","2020-02-02 07:46:24+00:00","IFCB continuous","other","","",41.0298,-71.0152,"sampling volume increased to 5 mL prior to this was 3 mL","EN649"
"498","2020-02-02 08:34:00+00:00","Underway Science seawater diaphragm pump","TOI discrete","L2","",41.0294,-70.8836,"bottle 331 duplicate sfc","EN649"
"499","2020-02-02 08:34:26+00:00","CTD911","deploy","","5",41.0294,-70.8837,"","EN649"
"500","2020-02-02 08:52:00+00:00","Underway Science seawater diaphragm pump","TOI discrete","L2","",41.0302,-70.8856,"bottle 729 duplicate sfc","EN649"
"501","2020-02-02 09:16:50+00:00","Bongo Net","deploy","L2","B5",41.0319,-70.8913,"","EN649"
"502","2020-02-02 09:28:53+00:00","Bongo Net","recover","L2","B5",41.0332,-70.8974,"","EN649"
"503","2020-02-02 09:52:55+00:00","Incubation C13","start","L2","05",41.0349,-70.894,"","EN649"
"504","2020-02-02 09:53:25+00:00","Incubation Grazing","start","L2","05",41.0342,-70.8916,"","EN649"
"505","2020-02-02 12:02:55+00:00","Underway Science seawater diaphragm pump","DO discrete","L3","",40.8623,-70.8839,"Winkler triplicate","EN649"
"506","2020-02-02 12:09:12+00:00","CTD911","deploy","","6",40.8631,-70.8851,"","EN649"
"507","2020-02-02 12:40:05+00:00","Bongo Net","deploy","L3","B6",40.8632,-70.8917,"","EN649"
"508","2020-02-02 12:52:43+00:00","Bongo Net","recover","L3","B6",40.8657,-70.8986,"","EN649"
"509","2020-02-02 13:03:55+00:00","EIMS","other","","",40.8688,-70.9036,"sink in special purpose lab overflowing and switched to air near L3","EN649"
"510","2020-02-02 13:19:25+00:00","Sting Ray","deploy towed","L3","2",40.8661,-70.9061,"tow L3 to L7","EN649"
"511","2020-02-02 13:47:00+00:00","EIMS","other","","",40.8343,-70.9026,"switched back to underway seawater","EN649"
"512","2020-02-02 15:25:00+00:00","Underway Science seawater diaphragm pump","DO discrete","L4","",40.7005,-70.8829," ","EN649"
"513","2020-02-02 15:33:55+00:00","Underway Science seawater diaphragm pump","IFCB discrete","","UW1",40.6882,-70.8835,"Run on IFCB 129 and 109","EN649"
"514","2020-02-02 17:36:00+00:00","Underway Science seawater impeller","chl discrete","","",40.5234,-70.883,"","EN649"
"515","2020-02-02 17:40:00+00:00","Underway Science seawater diaphragm pump","DO discrete","L5","",40.5181,-70.8831,"","EN649"
"516","2020-02-02 18:21:39+00:00","SUNAV2","sync time","","",40.4615,-70.8839,"SUNA was 2 seconds slow Taylor train Emily between C06 and C07","EN649"
"517","2020-02-02 18:30:00+00:00","Incubation C13","stop","L1","",40.451,-70.8837,"","EN649"
"518","2020-02-02 19:10:00+00:00","Incubation Grazing","stop","L1","",40.3974,-70.884,"","EN649"
"519","2020-02-02 19:34:00+00:00","Underway Science seawater diaphragm pump","DO discrete","L6","",40.366,-70.8825,"","EN649"
"520","2020-02-02 20:17:00+00:00","Incubation O2","stop","L1","",40.31,-70.8829,"","EN649"
"521","2020-02-02 21:18:00+00:00","Underway Science seawater impeller","chl discrete","","",40.2251,-70.8831,"","EN649"
"522","2020-02-02 21:18:54+00:00","Underway Science seawater diaphragm pump","DO discrete","L7","",40.2237,-70.8831,"Winkler triplicate","EN649"
"523","2020-02-02 21:52:09+00:00","Sting Ray","recover","L7","2",40.1871,-70.8856,"Recovery not exactly at L7 (a little past)","EN649"
"524","2020-02-02 22:24:31+00:00","CTD911","deploy","","7",40.2248,-70.8823,"","EN649"
"525","2020-02-02 23:07:00+00:00","Bongo Net","deploy","L7","B7",40.2198,-70.8985,"","EN649"
"526","2020-02-02 23:25:00+00:00","Bongo Net","recover","L7","B7",40.2159,-70.9112,"","EN649"
"527","2020-02-03 00:52:27+00:00","CTD911","deploy","","8",40.1324,-70.7883,"","EN649"
"528","2020-02-03 01:21:54+00:00","Underway Science seawater diaphragm pump","TOI discrete","L8","",40.1255,-70.8004,"bottle 555 duplicate sfc","EN649"
"529","2020-02-03 01:24:00+00:00","Underway Science seawater diaphragm pump","TOI discrete","L8","",40.1249,-70.8013,"bottle 320 duplicate sfc","EN649"
"530","2020-02-03 01:36:00+00:00","Bongo Net","deploy","L8","B8",40.121,-70.8076,"","EN649"
"531","2020-02-03 01:58:00+00:00","Bongo Net","recover","L8","B8",40.1117,-70.825,"","EN649"
"532","2020-02-03 02:24:00+00:00","Underway Science seawater diaphragm pump","DO discrete","L9","",40.1041,-70.8662,"","EN649"
"533","2020-02-03 02:44:48+00:00","Incubation C13","start","L8","08",40.0987,-70.8491,"","EN649"
"534","2020-02-03 02:45:56+00:00","Incubation Grazing","start","L8","08",40.0985,-70.8456,"","EN649"
"535","2020-02-03 03:13:43+00:00","Sting Ray","other","","",40.0981,-70.7511,"changed optode to 2-sec sampling interval to avoid lost / bad data in greensea logging","EN649"
"536","2020-02-03 03:38:54+00:00","Underway Science seawater diaphragm pump","TOI discrete","u9b","",40.0985,-70.6672,"bottle 230","EN649"
"537","2020-02-03 04:28:37+00:00","CTD911","deploy","","9",40.095,-70.7809,"","EN649"
"538","2020-02-03 04:39:54+00:00","Underway Science seawater diaphragm pump","TOI discrete","u9a","",40.0928,-70.786,"bottle 262","EN649"
"539","2020-02-03 05:00:00+00:00","Underway Science seawater impeller","chl discrete","","",40.0981,-70.8231,"","EN649"
"540","2020-02-03 05:17:54+00:00","Underway Science seawater diaphragm pump","TOI discrete","L9","",40.0988,-70.8848,"bottle 205","EN649"
"541","2020-02-03 05:57:08+00:00","CTD911","deploy","","10",40.0977,-70.9953,"","EN649"
"542","2020-02-03 06:07:54+00:00","Underway Science seawater diaphragm pump","TOI discrete","d9a","",40.0969,-71.0002,"bottle 106","EN649"
"543","2020-02-03 06:54:00+00:00","Underway Science seawater diaphragm pump","TOI discrete","d9b","",40.0984,-71.0992,"bottle 419","EN649"
"544","2020-02-03 07:18:00+00:00","Underway Science seawater impeller","chl discrete","","",40.0978,-71.0597,"","EN649"
"545","2020-02-03 08:44:35+00:00","CTD911","deploy","","11",40.0958,-70.8913,"","EN649"
"546","2020-02-03 09:31:54+00:00","Bongo Net","deploy","L9","B11",40.0902,-70.9232,"","EN649"
"547","2020-02-03 09:39:51+00:00","Incubation C13","stop","L2","05",40.0894,-70.93,"","EN649"
"548","2020-02-03 09:55:10+00:00","Bongo Net","recover","L9","B11",40.0885,-70.9436,"","EN649"
"549","2020-02-03 10:15:00+00:00","Incubation Grazing","stop","L2","",40.0898,-70.9602,"","EN649"
"550","2020-02-03 12:03:39+00:00","Sting Ray","deploy towed","L7","3",40.2207,-70.8937,"Tow L7 to L10","EN649"
"551","2020-02-03 12:17:00+00:00","Underway Science seawater impeller","chl discrete","","",40.2211,-70.9082,"","EN649"
"552","2020-02-03 15:52:02+00:00","SUNAV2","sync time","","",39.9593,-70.8832,"No apparent time difference sync anyway before L10 cast 12","EN649"
"553","2020-02-03 16:06:00+00:00","Underway Science seawater diaphragm pump","DO discrete","L10","",39.945,-70.8838,"","EN649"
"554","2020-02-03 16:41:55+00:00","Sting Ray","recover","L10","3",39.9194,-70.8906,"passed through L10 during ascent then recovered slightly past station","EN649"
"555","2020-02-03 17:02:19+00:00","CTD911","deploy","","12",39.9399,-70.8833,"","EN649"
"556","2020-02-03 18:22:00+00:00","Bongo Net","deploy","L10","B12",39.9366,-70.9128,"","EN649"
"557","2020-02-03 18:46:53+00:00","Incubation C13","start","L10","12",39.9328,-70.9308,"","EN649"
"558","2020-02-03 18:47:16+00:00","Incubation Grazing","start","L10","12",39.9327,-70.9315,"","EN649"
"559","2020-02-03 18:47:41+00:00","Incubation O2","start","L10","12",39.9327,-70.9315,"","EN649"
"560","2020-02-03 18:59:00+00:00","Bongo Net","recover","L10","B12",39.9312,-70.9398,"","EN649"
"561","2020-02-03 19:19:00+00:00","Underway Science seawater impeller","chl discrete","","",39.9383,-70.9319,"","EN649"
"562","2020-02-03 19:58:00+00:00","Underway Science seawater impeller","chl discrete","","",39.9389,-70.8103,"","EN649"
"563","2020-02-03 20:21:15+00:00","CTD911","deploy","","13",39.9371,-70.7821,"","EN649"
"564","2020-02-03 21:10:25+00:00","Sting Ray","deploy towed","L12","4",39.9247,-70.8067,"Tow L12 to L11","EN649"
"565","2020-02-03 21:51:51+00:00","SUNAV2","sync time","","",39.8709,-70.8359,"1 sec slow after C13 next cast is C14","EN649"
"566","2020-02-03 22:39:55+00:00","Sting Ray","other","","4",39.8123,-70.864,"first of two deep casts between L11 and d11a","EN649"
"567","2020-02-04 00:21:55+00:00","Sting Ray","other","","4",39.7752,-70.9177,"second of two deep casts between L11 and d11a","EN649"
"568","2020-02-04 00:47:00+00:00","Underway Science seawater impeller","chl discrete","","",39.7764,-70.9367,"","EN649"
"569","2020-02-04 01:55:00+00:00","Sting Ray","recover","d11a","4",39.7851,-70.9749,"","EN649"
"570","2020-02-04 02:04:00+00:00","Underway Science seawater impeller","chl discrete","","",39.7865,-70.9784,"","EN649"
"571","2020-02-04 02:18:06+00:00","Incubation C13","stop","L8","",39.7886,-70.9836,"","EN649"
"572","2020-02-04 02:36:25+00:00","RMT10 Midwater Trawl (Tucker-style)","deploy","d11a","1",39.7905,-70.9913,"stopped at 35m of wire out because of winch problem","EN649"
"573","2020-02-04 03:11:53+00:00","Incubation Grazing","stop","L8","",39.7965,-70.9948,"","EN649"
"574","2020-02-04 03:59:55+00:00","RMT10 Midwater Trawl (Tucker-style)","other","d11a","1",39.8001,-71,"winch problem resolved and descent resumed","EN649"
"575","2020-02-04 04:49:10+00:00","RMT10 Midwater Trawl (Tucker-style)","other","d11a","1",39.7876,-71.0122,"began retrieval from 1000m of wire out approximate depth of 866m","EN649"
"576","2020-02-04 05:56:55+00:00","RMT10 Midwater Trawl (Tucker-style)","recover","d11a","1",39.7686,-71.0216,"","EN649"
"577","2020-02-04 07:17:00+00:00","Underway Science seawater diaphragm pump","TOI discrete","d11b","",39.7743,-71.1056,"","EN649"
"578","2020-02-04 08:03:15+00:00","CTD911","deploy","","14",39.7752,-70.9906,"","EN649"
"579","2020-02-04 09:08:55+00:00","Underway Science seawater diaphragm pump","TOI discrete","L11","",39.7735,-70.8853,"","EN649"
"580","2020-02-04 09:48:39+00:00","CTD911","deploy","","15",39.7714,-70.7724,"","EN649"
"581","2020-02-04 10:14:00+00:00","Underway Science seawater diaphragm pump","TOI discrete","u11a","",39.7708,-70.7644,"","EN649"
"582","2020-02-04 11:02:00+00:00","Underway Science seawater diaphragm pump","TOI discrete","u11b","",39.7698,-70.6595,"","EN649"
"583","2020-02-04 12:15:00+00:00","Underway Science seawater diaphragm pump","DO discrete","L11","",39.773,-70.8803,"Winkler triplicate","EN649"
"584","2020-02-04 12:20:03+00:00","CTD911","deploy","","16",39.7731,-70.8801,"","EN649"
"585","2020-02-04 13:01:55+00:00","Underway Science seawater diaphragm pump","TOI discrete","L11","",39.7713,-70.8844,"bottle 681 duplicate 1 sfc","EN649"
"586","2020-02-04 13:05:55+00:00","Underway Science seawater diaphragm pump","TOI discrete","L11","",39.7712,-70.8851,"bottle 757 duplicate 2 sfc","EN649"
"587","2020-02-04 13:16:12+00:00","Bongo Net","deploy","L11","B16",39.7693,-70.8872,"","EN649"
"588","2020-02-04 13:49:37+00:00","Bongo Net","recover","L11","B16",39.7605,-70.8931,"","EN649"
"589","2020-02-04 14:25:25+00:00","Sting Ray","deploy towed","L11","5",39.7764,-70.8835,"Tow L11 to L6","EN649"
"590","2020-02-04 14:39:29+00:00","Incubation C13","start","L11","16",39.7897,-70.8836,"","EN649"
"591","2020-02-04 14:40:02+00:00","Incubation Grazing","start","L11","16",39.791,-70.8835,"","EN649"
"592","2020-02-04 14:50:00+00:00","Underway Science seawater impeller","chl discrete","","",39.8035,-70.885,"","EN649"
"593","2020-02-04 15:41:59+00:00","Underway Science seawater diaphragm pump","other","","",39.8721,-70.8829,"Sample taken for A. Sterling/Jenkins Lab for Pseudonitzschia project. Put in incubator","EN649"
"594","2020-02-04 15:51:20+00:00","Underway Science seawater diaphragm pump","IFCB discrete","","UW2",39.8857,-70.8832,"","EN649"
"595","2020-02-04 16:31:00+00:00","Underway Science seawater diaphragm pump","TOI discrete","L10","",39.9396,-70.8859,"bottle 312 cross transect","EN649"
"596","2020-02-04 16:33:00+00:00","Underway Science seawater diaphragm pump","DO discrete","L10","",39.9419,-70.8857,"Winkler triplicate","EN649"
"597","2020-02-04 17:44:10+00:00","Underway Science seawater diaphragm pump","IFCB discrete","","UW3",40.042,-70.8833,"run on both IFCB129 and IFCB109","EN649"
"598","2020-02-04 18:13:28+00:00","Incubation C13","stop","L10","12",40.0786,-70.8846,"","EN649"
"599","2020-02-04 18:39:00+00:00","Underway Science seawater diaphragm pump","TOI discrete","L9","",40.1122,-70.8853,"bottle 436 missed site a bit to north","EN649"
"600","2020-02-04 18:46:12+00:00","Incubation Grazing","stop","L10","",40.1234,-70.8853,"","EN649"
"601","2020-02-04 19:35:00+00:00","Underway Science seawater impeller","chl discrete","","",40.1886,-70.8836,"","EN649"
"602","2020-02-04 20:03:00+00:00","Underway Science seawater diaphragm pump","TOI discrete","L7","",40.2251,-70.8821,"bottle 395","EN649"
"603","2020-02-04 21:22:00+00:00","Underway Science seawater impeller","chl discrete","","",40.3268,-70.8815,"","EN649"
"604","2020-02-04 21:35:55+00:00","Underway Science seawater diaphragm pump","IFCB discrete","","UW4",40.3438,-70.8824,"run on both IFCB129 and IFCB109","EN649"
"605","2020-02-04 21:47:55+00:00","Sting Ray","recover","L6","5",40.3512,-70.8829,"","EN649"
"606","2020-02-04 22:04:00+00:00","Underway Science seawater diaphragm pump","TOI discrete","L6","",40.3625,-70.8819,"bottle 354 cross transect","EN649"
"607","2020-02-04 22:28:44+00:00","SUNAV2","sync time","","",40.3619,-70.7966,"1 sec slow before cast 17","EN649"
"608","2020-02-04 23:08:00+00:00","Underway Science seawater diaphragm pump","TOI discrete","u6b","",40.3635,-70.6557,"bottle 566","EN649"
"609","2020-02-05 00:02:01+00:00","CTD911","deploy","","17",40.3607,-70.7745,"","EN649"
"610","2020-02-05 00:57:55+00:00","Underway Science seawater diaphragm pump","TOI discrete","L6","",40.3631,-70.8794,"Bottle 650 exact location sample but didn't record time initially, time corrected afterwards","EN649"
"611","2020-02-05 01:40:11+00:00","CTD911","deploy","","18",40.3609,-71.0016,"","EN649"
"612","2020-02-05 01:47:00+00:00","Underway Science seawater diaphragm pump","TOI discrete","d6a","",40.3597,-71.0014,"bottle 453 ","EN649"
"613","2020-02-05 02:26:00+00:00","Underway Science seawater diaphragm pump","TOI discrete","d6b","",40.3635,-71.0995,"bottle 756","EN649"
"614","2020-02-05 03:42:20+00:00","CTD911","deploy","","19",40.3529,-70.8829,"","EN649"
"615","2020-02-05 04:42:00+00:00","Bongo Net","deploy","L6","B19",40.2961,-70.8693,"started tow 4nm south of L6 to avoid fishing gear","EN649"
"616","2020-02-05 04:57:00+00:00","Bongo Net","recover","L6","B19",40.2888,-70.8696,"","EN649"
"617","2020-02-05 05:03:38+00:00","Incubation Grazing","start","L6","19",40.2853,-70.8698,"","EN649"
"618","2020-02-05 05:04:14+00:00","Incubation C13","start","L6","19",40.285,-70.8703,"","EN649"
"619","2020-02-05 05:04:35+00:00","Incubation O2","start","L6","19",40.285,-70.8703,"","EN649"
"620","2020-02-05 06:40:55+00:00","Underway Science seawater diaphragm pump","TOI discrete","L5","",40.5158,-70.8773,"","EN649"
"621","2020-02-05 06:43:55+00:00","Bongo Net","deploy","L5","B20",40.5154,-70.8769,"","EN649"
"622","2020-02-05 06:53:55+00:00","Bongo Net","recover","L5","B20",40.5123,-70.8802,"","EN649"
"623","2020-02-05 07:06:48+00:00","CTD911","deploy","","20",40.5105,-70.8798,"","EN649"
"624","2020-02-05 09:31:03+00:00","Bongo Net","deploy","L4","B21",40.6991,-70.8866,"","EN649"
"625","2020-02-05 09:39:44+00:00","Bongo Net","recover","L4","B21",40.7024,-70.8897,"","EN649"
"626","2020-02-05 10:02:57+00:00","CTD911","deploy","","21",40.6973,-70.8829,"","EN649"
"627","2020-02-05 11:17:10+00:00","Incubation Grazing","start","L4","21",40.6965,-70.8257,"","EN649"
"628","2020-02-05 11:17:40+00:00","Incubation C13","start","L4","21",40.6965,-70.8257,"","EN649"
"629","2020-02-05 12:07:55+00:00","Underway Science seawater diaphragm pump","TOI discrete","u4b","",40.6962,-70.6622,"bottle 602","EN649"
"630","2020-02-05 12:55:16+00:00","CTD911","deploy","","22",40.6973,-70.7728,"","EN649"
"631","2020-02-05 13:12:00+00:00","Underway Science seawater diaphragm pump","TOI discrete","u4a","",40.6999,-70.7785,"bottle 845 sample just west of station","EN649"
"632","2020-02-05 13:38:55+00:00","Underway Science seawater diaphragm pump","TOI discrete","L4","",40.697,-70.8762,"bottle 562","EN649"
"633","2020-02-05 14:12:43+00:00","Incubation C13","stop","L11","14",40.6974,-70.9933,"","EN649"
"634","2020-02-05 14:16:11+00:00","CTD911","deploy","","23",40.6984,-70.9937,"","EN649"
"635","2020-02-05 14:23:00+00:00","Underway Science seawater diaphragm pump","TOI discrete","d4a","",40.6994,-70.9943,"bottle 172","EN649"
"636","2020-02-05 14:55:00+00:00","Incubation Grazing","stop","L11","14",40.6972,-71.0578,"","EN649"
"637","2020-02-05 15:05:00+00:00","Underway Science seawater diaphragm pump","TOI discrete","d4b","",40.6967,-71.0954,"bottle 725","EN649"
"638","2020-02-05 16:14:00+00:00","Underway Science seawater diaphragm pump","TOI discrete","L4","",40.6968,-70.8916,"bottle 474 cross transect","EN649"
"639","2020-02-05 17:16:00+00:00","Underway Science seawater diaphragm pump","TOI discrete","L3 ","",40.8561,-70.8829,"bottle 203 cross transect","EN649"
"640","2020-02-05 17:18:00+00:00","Underway Science seawater impeller","chl discrete","","",40.8596,-70.883,"","EN649"
"641","2020-02-05 17:27:15+00:00","Sting Ray","deploy towed","L3","6",40.8654,-70.883,"tow is planned from L3 to L6","EN649"
"642","2020-02-05 18:59:55+00:00","Incubation O2","stop","L10","12",40.7606,-70.8828,"","EN649"
"643","2020-02-05 21:40:55+00:00","Sting Ray","recover","","6",40.5759,-70.8802,"Ended tow north of L5 due to fishing gear, traffic in shipping lane ahead, and approaching dusk","EN649"
"644","2020-02-05 21:57:25+00:00","SUNAV2","sync time","","",40.5318,-70.8818,"1 sec slow prior to cast 24","EN649"
"645","2020-02-05 22:12:48+00:00","CTD911","deploy","","24",40.5112,-70.8816,"","EN649"
"646","2020-02-06 00:20:16+00:00","CTD911","deploy","","25",40.2263,-70.8916,"","EN649"
"647","2020-02-06 02:33:10+00:00","CTD911","deploy","","26",39.9412,-70.8861,"","EN649"
"648","2020-02-06 02:54:00+00:00","Sting Ray","other","L10","",39.9463,-70.8881,"oxygen optode Stingray comparison to EIMS","EN649"
"649","2020-02-06 03:36:17+00:00","CTD911","deploy","","27",40.0185,-70.8826,"","EN649"
"650","2020-02-06 04:37:48+00:00","CTD911","deploy","","28",40.1003,-70.8832,"","EN649"
"651","2020-02-06 05:14:55+00:00","Incubation C13","stop","L6","19",40.1162,-70.8862,"","EN649"
"652","2020-02-06 05:30:55+00:00","Sting Ray","other","L7.5","",40.1588,-70.8839,"oxygen optode Stingray comparison to EIMS","EN649"
"653","2020-02-06 05:36:20+00:00","CTD911","deploy","","29",40.1612,-70.8836,"","EN649"
"654","2020-02-06 06:19:43+00:00","Incubation Grazing","stop","L6","",40.2292,-70.8765,"","EN649"
"655","2020-02-06 07:09:00+00:00","Underway Science seawater diaphragm pump","TOI discrete","L6","",40.3618,-70.88,"817","EN649"
"656","2020-02-06 07:14:58+00:00","Incubation O2","stop","L6","19",40.3766,-70.8835,"","EN649"
"657","2020-02-06 08:04:00+00:00","Underway Science seawater diaphragm pump","TOI discrete","L5","",40.514,-70.8815,"bottle 218","EN649"
"658","2020-02-06 10:06:00+00:00","Underway Science seawater diaphragm pump","TOI discrete","L3","",40.8581,-70.8829,"bottle 500","EN649"
"659","2020-02-06 10:21:39+00:00","Sting Ray","deploy towed","","7",40.8601,-70.8795,"tow L3 to L1","EN649"
"660","2020-02-06 10:33:26+00:00","Incubation C13","stop","L4","",40.8574,-70.8713,"","EN649"
"661","2020-02-06 11:30:00+00:00","Incubation Grazing","stop","L4","",40.8389,-70.8414,"","EN649"
"662","2020-02-06 11:33:25+00:00","Sting Ray","other","","7",40.8372,-70.8389,"completed troubleshooting and swapping fiber and getting ready to initiate tow","EN649"
"663","2020-02-06 14:07:00+00:00","Underway Science seawater diaphragm pump","TOI discrete","L2","",41.0277,-70.883,"bottle 420","EN649"
"664","2020-02-06 14:14:54+00:00","Sting Ray","recover","","7",41.0305,-70.8774,"recover near L2, cut tow short to get to GSO dock by 1300","EN649"
"665","2020-02-06 16:32:21+00:00","IFCB continuous","stop","","",41.2847,-71.2114,"","EN649"
"666","2020-02-06 16:37:42+00:00","Attune Flow Cytometer","stop","","",41.2949,-71.2239,"","EN649"
"667","2020-02-06 17:01:44+00:00","EIMS","stop","","",41.343,-71.2858,"","EN649"
"668","2020-02-06 17:06:54+00:00","Underway Science seawater diaphragm pump","stop","","",41.3536,-71.3018,"","EN649"
"669","2020-02-06 17:14:22+00:00","Fluorometers on underway impeller","stop","","",41.3712,-71.3266,"","EN649"
"670","2020-02-06 17:15:00+00:00","Thermosalinographs on underway impeller","stop","","",41.3712,-71.3266,"","EN649"
"671","2020-02-06 17:15:00+00:00","Other","end","","",41.3712,-71.3266,"Seawater flow-through incubators off","EN649"
"672","2020-02-06 17:15:38+00:00","Underway Science seawater impeller","stop","","",41.3734,-71.3298,"","EN649"
"673","2020-02-06 17:25:06+00:00","ADCP75","stop","","",41.3957,-71.3601,"","EN649"
"674","2020-02-06 17:25:31+00:00","ADCP300","stop","","",41.3957,-71.3601,"","EN649"
"675","2020-02-06 17:25:50+00:00","UHDAS for both ADCPs","stop","","",41.3957,-71.3601,"","EN649"
"676","2020-02-06 17:49:02+00:00","Other","end","","",41.4351,-71.4093,"HOBO data loggger ended in ondeck incubators","EN649"
"677","2020-02-06 18:09:31+00:00","SUNAV2","offCTD","","",41.4292,-71.4149,"SUNA was removed after last cast","EN649"
"678","2020-02-06 18:53:20+00:00","Ship","endCruise","","",41.4923,-71.4188,"","EN649"
"679","2020-02-06 18:54:00+00:00","Echosounder12","stop","","",41.4923,-71.4188,"echosounder still on when we reached the dock","EN649"
"680","2020-02-06 19:24:40+00:00","Ship","endCruise","","",41.4922,-71.4187,"At Dock - Gabe Matthias","EN649"
"681","2018-01-29 17:51:05+00:00","Other","other","","",41.5868,-71.4112,"test pre-cruise from dock","EN608"
"682","2018-01-31 13:59:44+00:00","MeteorologicalSensor","start","","",41.5868,-71.4112,"on since before cruise started - time approximate entered manually","EN608"
"683","2018-01-31 14:05:41+00:00","Ship","startCruise","","",41.5869,-71.4112,"Sunny and cold","EN608"
"684","2018-01-31 14:09:59+00:00","Echosounder12","start","","",41.5868,-71.4113,"started when started cruise - time approximate entered manually","EN608"
"685","2018-01-31 14:09:59+00:00","UHDAS","start","","",41.5868,-71.4113,"software to run the ADCPs - started soon after cruise start - time approximate entered manually","EN608"
"686","2018-01-31 14:09:59+00:00","Underway Science seawater","start","","",41.5868,-71.4113,"started soon after start cruise - includes both the 'regular' and diaphragm - time approximate entered manually","EN608"
"687","2018-01-31 14:10:59+00:00","Fluorometer","start","","",41.5868,-71.4113,"model SBE21 - started with TSal45 on underway 'regular' science seawater not diaphragm - time approximate entered manually","EN608"
"688","2018-01-31 14:10:59+00:00","Thermosalinograph SBE45","start","","",41.5868,-71.4113,"started immediately after underway science seawater - time approximate entered manually ","EN608"
"689","2018-01-31 14:10:59+00:00","ADCP75","start","","",41.5868,-71.4113,"started immediately after UHDAS - time approximate entered manually","EN608"
"690","2018-01-31 14:10:59+00:00","ADCP300","start","","",41.5868,-71.4113,"started with other ADCP immediately after UHDAS - time approximate entered manually","EN608"
"691","2018-01-31 17:30:43+00:00","Attune Flow Cytometer","other","","",41.229,-70.9632,"test","EN608"
"692","2018-01-31 17:44:58+00:00","IFCB","start","","",41.211,-70.9192,"time approximate to be entered manually","EN608"
"693","2018-01-31 17:47:58+00:00","Attune Flow Cytometer","start","","",41.2071,-70.9098,"checked that attune pc syncd to utc time","EN608"
"694","2018-01-31 18:02:21+00:00","EIMS","start","","",41.1975,-70.8796,"checked that pc syncd to utc time","EN608"
"695","2018-01-31 18:23:02+00:00","Underway Science seawater","IFCB discrete","","",41.1953,-70.8778,"","EN608"
"696","2018-01-31 18:36:13+00:00","Other","start","L1","1",41.1938,-70.8798,"HydroColor","EN608"
"697","2018-01-31 19:18:38+00:00","CPICS","onCTD","","",41.1967,-70.8799,"","EN608"
"698","2018-01-31 19:23:16+00:00","CTD911","deploy","L1","1",41.1965,-70.8794,"","EN608"
"699","2018-01-31 20:46:13+00:00","Bongo Net","deploy","L1","B01",41.1947,-70.8826,"net rinsed down at 21:50 bc had to get seawater hose set up","EN608"
"700","2018-01-31 20:59:43+00:00","Incubation","start","L1","1",41.1919,-70.883,"","EN608"
"701","2018-01-31 21:21:13+00:00","Sand Lance Rake","deploy","L1","R01",41.1984,-70.8825,"","EN608"
"702","2018-01-31 21:42:42+00:00","Sand Lance Rake","recover","","",41.1974,-70.8941,"lost spikes - no fish collected","EN608"
"703","2018-01-31 22:00:00+00:00","Underway Science seawater","start","","",41.1701,-70.8912,"underway flow through wet lab for Chl a extraction RFU verification","EN608"
"704","2018-01-31 23:32:59+00:00","IFCB","stop","","",41.0271,-70.7622,"bad ypos, troubleshoot IFCB109","EN608"
"705","2018-01-31 23:53:06+00:00","IFCB","start","","",41.0305,-70.6873,"IFCBB0109 troubleshooting","EN608"
"706","2018-02-01 00:28:31+00:00","CTD911","deploy","u2","2",41.0286,-70.6537,"","EN608"
"707","2018-02-01 01:06:00+00:00","Underway Science seawater","TOI discrete","","",41.0305,-70.6928,"diaphragm pump","EN608"
"708","2018-02-01 01:25:00+00:00","Underway Science seawater","TOI discrete","","",41.0243,-70.7554,"diaphragm pump","EN608"
"709","2018-02-01 02:04:00+00:00","Underway Science seawater","TOI discrete","","",41.021,-70.8836,"diaphragm pump","EN608"
"710","2018-02-01 02:16:10+00:00","Other","other","","",41.0232,-70.9265,"test event submission time","EN608"
"711","2018-02-01 02:43:00+00:00","Underway Science seawater","TOI discrete","","",41.027,-71.0081,"diaphragm pump","EN608"
"712","2018-02-01 02:59:00+00:00","Underway Science seawater","TOI discrete","","",41.0312,-71.0566,"diaphragm pump","EN608"
"713","2018-02-01 03:32:13+00:00","CTD911","deploy","d2","3",41.0272,-71.0977,"","EN608"
"714","2018-02-01 05:39:58+00:00","CTD911","deploy","L2","4",41.0222,-70.8727,"","EN608"
"715","2018-02-01 05:51:00+00:00","Underway Science seawater","TOI discrete","","",41.0193,-70.8709,"diaphragm pump","EN608"
"716","2018-02-01 05:53:00+00:00","Underway Science seawater","TOI discrete","","",41.0187,-70.8707,"diaphragm pump","EN608"
"717","2018-02-01 06:24:59+00:00","Bongo Net","deploy","L2","B04",41.0105,-70.8686,"","EN608"
"718","2018-02-01 07:36:42+00:00","Underway Science seawater","other","","",40.9533,-70.8736,"Zoe noticed bubbles and is considering switching to 'regular' science seawater","EN608"
"719","2018-02-01 09:17:29+00:00","CTD911","deploy","L3","5",40.8595,-70.8838,"","EN608"
"720","2018-02-01 10:24:59+00:00","Bongo Net","deploy","L3","B05",40.8435,-70.8872,"time adjusted manually - note the event time is when stowed on deck","EN608"
"721","2018-02-01 10:59:44+00:00","Incubation","start","L3","5",40.8198,-70.8835,"start time added manually","EN608"
"722","2018-02-01 13:47:26+00:00","CTD911","deploy","u4","6",40.6934,-70.6571,"","EN608"
"723","2018-02-01 14:38:00+00:00","Underway Science seawater","TOI discrete","","",40.6886,-70.6971,"diaphragm pump","EN608"
"724","2018-02-01 15:04:00+00:00","Underway Science seawater","TOI discrete","","",40.6909,-70.7615,"diaphragm pump","EN608"
"725","2018-02-01 15:27:00+00:00","Underway Science seawater","TOI discrete","","",40.6919,-70.8202,"diaphragm pump","EN608"
"726","2018-02-01 15:45:00+00:00","Underway Science seawater","TOI discrete","","",40.6926,-70.8671,"diaphragm pump","EN608"
"727","2018-02-01 16:14:00+00:00","Underway Science seawater","TOI discrete","","",40.6944,-70.9419,"diaphragm pump","EN608"
"728","2018-02-01 16:33:29+00:00","IFCB","other","","",40.6944,-70.9937,"the two IFCBs are now being switched such that what was discrete will now be continuous","EN608"
"729","2018-02-01 16:35:00+00:00","Underway Science seawater","TOI discrete","","",40.6944,-70.9962,"diaphragm pump","EN608"
"730","2018-02-01 17:00:00+00:00","Underway Science seawater","TOI discrete","","",40.6963,-71.0609,"diaphragm pump","EN608"
"731","2018-02-01 17:30:52+00:00","CTD911","deploy","d4","7",40.6922,-71.0983,"","EN608"
"732","2018-02-01 17:31:00+00:00","Underway Science seawater","TOI discrete","","",40.6922,-71.0983,"diaphragm pump","EN608"
"733","2018-02-01 18:12:00+00:00","Underway Science seawater","TOI discrete","","",40.6902,-71.0412,"diaphragm pump","EN608"
"734","2018-02-01 19:01:59+00:00","Other","start","L4","8",40.6978,-70.8934,"HydroColor - time entered manually","EN608"
"735","2018-02-01 19:15:43+00:00","CTD911","deploy","L4","8",40.6975,-70.8856,"","EN608"
"736","2018-02-01 19:33:00+00:00","Underway Science seawater","TOI discrete","","",40.6926,-70.8842,"diaphragm pump","EN608"
"737","2018-02-01 19:35:00+00:00","Underway Science seawater","TOI discrete","","",40.692,-70.8841,"diaphragm pump","EN608"
"738","2018-02-01 20:08:01+00:00","Bongo Net","deploy","L4","B08",40.6829,-70.8819,"","EN608"
"739","2018-02-01 20:22:14+00:00","Incubation","start","L4","8",40.6778,-70.8814,"","EN608"
"740","2018-02-01 20:43:59+00:00","Sand Lance Rake","deploy","L4","R08",40.6726,-70.8853,"5 minute drag on bottom (190 m wire out) ","EN608"
"741","2018-02-01 21:07:58+00:00","Sand Lance Rake","deploy","L4","R08B",40.6648,-70.8924,"10 minute drag on bottom (190 m wire out)","EN608"
"742","2018-02-01 22:06:13+00:00","Incubation","stop","L1","",40.6016,-70.8962,"","EN608"
"743","2018-02-01 23:33:02+00:00","CTD911","deploy","L5","9",40.5245,-70.8935,"","EN608"
"744","2018-02-02 00:11:58+00:00","Bongo Net","deploy","L5","B09",40.5184,-70.9003,"Entered after the tow; time taken from TDR (thus accurate)","EN608"
"745","2018-02-02 01:13:43+00:00","Sand Lance Rake","deploy","L5","R05 - should this be R09?",40.5267,-70.8846,"10 minute drag on bottom (150 m wire out)","EN608"
"746","2018-02-02 03:59:07+00:00","CTD911","deploy","u6","10",40.3612,-70.6634,"","EN608"
"747","2018-02-02 04:41:00+00:00","Underway Science seawater","TOI discrete","","",40.3582,-70.6945,"diaphragm pump","EN608"
"748","2018-02-02 05:00:00+00:00","Underway Science seawater","TOI discrete","","",40.3602,-70.7558,"diaphragm pump","EN608"
"749","2018-02-02 05:18:00+00:00","Underway Science seawater","TOI discrete","","",40.358,-70.8133,"diaphragm pump","EN608"
"750","2018-02-02 05:40:00+00:00","Underway Science seawater","TOI discrete","","",40.3534,-70.8838,"diaphragm pump","EN608"
"751","2018-02-02 05:59:00+00:00","Underway Science seawater","TOI discrete","","",40.3566,-70.947,"diaphragm pump","EN608"
"752","2018-02-02 06:16:00+00:00","Underway Science seawater","TOI discrete","","",40.3608,-71.0038,"diaphragm pump","EN608"
"753","2018-02-02 06:58:16+00:00","CTD911","deploy","d6","11",40.3617,-71.1034,"","EN608"
"754","2018-02-02 09:13:36+00:00","CTD911","deploy","L6","12",40.3591,-70.8792,"","EN608"
"755","2018-02-02 11:15:59+00:00","Bongo Net","deploy","L6","B12",40.353,-70.8972,"adjust time manually 10:52 - 25 to 30 kt wind recovery was above comfort level bridge agrees","EN608"
"756","2018-02-02 11:16:59+00:00","Incubation","stop","L3","",40.3531,-70.898,"","EN608"
"757","2018-02-02 14:00:51+00:00","CTD911","deploy","L7","13",40.2206,-70.8766,"","EN608"
"758","2018-02-02 15:14:57+00:00","CTD911","deploy","L7","14",40.2147,-70.8938,"","EN608"
"759","2018-02-02 19:00:30+00:00","CTD911","deploy","L8","15",40.1258,-70.7977,"","EN608"
"760","2018-02-02 19:26:00+00:00","Underway Science seawater","TOI discrete","","",40.1196,-70.8068,"impeller pump","EN608"
"761","2018-02-02 19:28:00+00:00","Underway Science seawater","TOI discrete","","",40.1189,-70.8073,"impeller pump","EN608"
"762","2018-02-02 20:44:43+00:00","Incubation","start","L8","15",40.1084,-70.8516,"","EN608"
"763","2018-02-02 21:14:14+00:00","Incubation","stop","L4","",40.1113,-70.8676,"","EN608"
"764","2018-02-03 00:24:54+00:00","CTD911","deploy","u9","16",40.0964,-70.6646,"","EN608"
"765","2018-02-03 01:16:00+00:00","Underway Science seawater","TOI discrete","","",40.0974,-70.7029,"impeller pump","EN608"
"766","2018-02-03 01:42:00+00:00","Underway Science seawater","TOI discrete","","",40.0967,-70.7563,"impeller pump","EN608"
"767","2018-02-03 02:13:00+00:00","Underway Science seawater","TOI discrete","","",40.0964,-70.8261,"impeller pump","EN608"
"768","2018-02-03 02:45:00+00:00","Underway Science seawater","TOI discrete","","",40.1018,-70.8864,"impeller pump","EN608"
"769","2018-02-03 03:12:00+00:00","Underway Science seawater","TOI discrete","","",40.1019,-70.9377,"impeller pump","EN608"
"770","2018-02-03 03:50:00+00:00","Underway Science seawater","TOI discrete","","",40.0997,-71.0037,"impeller pump","EN608"
"771","2018-02-03 04:24:00+00:00","Underway Science seawater","TOI discrete","","",40.0966,-71.0567,"impeller pump","EN608"
"772","2018-02-03 07:56:00+00:00","Underway Science seawater","TOI discrete","","",40.0661,-70.8867,"impeller pump","EN608"
"773","2018-02-03 08:18:28+00:00","Underway Science seawater","DO discrete","","",40.0334,-70.8857,"note this sampling is in triplicate - needs manual time adjustment","EN608"
"774","2018-02-03 09:35:00+00:00","Underway Science seawater","TOI discrete","","",39.9396,-70.8789,"impeller pump","EN608"
"775","2018-02-03 12:39:05+00:00","CTD911","deploy","u11","17",39.7726,-70.6729,"","EN608"
"776","2018-02-03 13:32:00+00:00","Underway Science seawater","TOI discrete","","",39.775,-70.7002,"impeller pump","EN608"
"777","2018-02-03 13:49:00+00:00","Underway Science seawater","TOI discrete","","",39.7753,-70.7573,"impeller pump","EN608"
"778","2018-02-03 14:08:00+00:00","Underway Science seawater","TOI discrete","","",39.7764,-70.8227,"impeller pump","EN608"
"779","2018-02-03 14:24:00+00:00","Underway Science seawater","TOI discrete","","",39.7794,-70.8788,"impeller pump","EN608"
"780","2018-02-03 14:43:00+00:00","Underway Science seawater","TOI discrete","","",39.7836,-70.9448,"impeller pump","EN608"
"781","2018-02-03 14:58:00+00:00","Underway Science seawater","TOI discrete","","",39.7793,-70.9979,"impeller pump","EN608"
"782","2018-02-03 15:17:00+00:00","Underway Science seawater","TOI discrete","","",39.7776,-71.0652,"impeller pump","EN608"
"783","2018-02-03 15:41:35+00:00","CTD911","deploy","d11","18",39.772,-71.1008,"","EN608"
"784","2018-02-03 17:14:00+00:00","Underway Science seawater","TOI discrete","","",39.7727,-70.9224,"impeller pump","EN608"
"785","2018-02-03 17:45:08+00:00","CTD911","deploy","L11","19",39.7688,-70.886,"","EN608"
"786","2018-02-03 17:51:59+00:00","Other","start","L11","19",39.7676,-70.8867,"HydroColor - time entered manually","EN608"
"787","2018-02-03 18:19:00+00:00","Underway Science seawater","TOI discrete","","",39.7634,-70.8899,"impeller pump","EN608"
"788","2018-02-03 18:21:00+00:00","Underway Science seawater","TOI discrete","","",39.7632,-70.8899,"impeller pump","EN608"
"789","2018-02-03 18:34:36+00:00","Bongo Net","deploy","L11","B19",39.7599,-70.8901,"","EN608"
"790","2018-02-03 19:29:59+00:00","Other","other","L11","",39.772,-70.8764,"recovery of OOI Pioneer glider at 14:30 local","EN608"
"791","2018-02-03 20:22:44+00:00","Incubation","start","L11","19",39.88,-70.8137,"incubations for multiple depths in addition to surface","EN608"
"792","2018-02-03 21:04:41+00:00","Incubation","stop","L8","15",39.9305,-70.768,"","EN608"
"793","2018-02-03 21:07:59+00:00","CTD911","deploy","L12","20",39.9297,-70.7682,"","EN608"
"794","2018-02-03 21:13:00+00:00","Underway Science seawater","TOI discrete","","",39.9285,-70.7682,"impeller pump","EN608"
"795","2018-02-03 22:10:00+00:00","Underway Science seawater","TOI discrete","","",39.9331,-70.8445,"impeller pump","EN608"
"796","2018-02-03 22:37:51+00:00","CTD911","deploy","L10","21",39.9326,-70.888,"","EN608"
"797","2018-02-03 23:23:00+00:00","Underway Science seawater","TOI discrete","","",39.9236,-70.8862,"impeller pump","EN608"
"798","2018-02-03 23:44:59+00:00","Bongo Net","deploy","L10","B21",39.9166,-70.8867,"Edited time to be 7 min earlier than when event entered","EN608"
"799","2018-02-04 01:22:00+00:00","Underway Science seawater","TOI discrete","","",40.0033,-70.9005,"impeller pump","EN608"
"800","2018-02-04 02:40:00+00:00","Bongo Net","deploy","L9","B22",40.0931,-70.8687,"Logged 10 min after start. Changed time to reflect this.","EN608"
"801","2018-02-04 03:13:08+00:00","CTD911","deploy","L9","22",40.0859,-70.8574,"","EN608"
"802","2018-02-04 03:47:00+00:00","Underway Science seawater","TOI discrete","","",40.0797,-70.8473,"impeller pump","EN608"
"803","2018-02-04 03:49:00+00:00","Underway Science seawater","TOI discrete","","",40.0792,-70.8467,"impeller pump","EN608"
"804","2018-02-04 05:49:29+00:00","Bongo Net","deploy","L7","B23",40.2201,-70.866,"","EN608"
"805","2018-02-04 06:18:26+00:00","CTD911","deploy","L7","23",40.209,-70.8631,"","EN608"
"806","2018-02-04 07:38:00+00:00","Underway Science seawater","TOI discrete","","",40.2913,-70.8094,"impeller pump","EN608"
"807","2018-02-04 07:57:00+00:00","Underway Science seawater","TOI discrete","","",40.3263,-70.7887,"impeller pump","EN608"
"808","2018-02-04 08:33:57+00:00","CTD911","deploy","L13","24",40.3567,-70.7648,"","EN608"
"809","2018-02-04 08:47:00+00:00","Underway Science seawater","TOI discrete","","",40.3535,-70.7629,"impeller pump","EN608"
"810","2018-02-04 09:15:00+00:00","Underway Science seawater","TOI discrete","","",40.3848,-70.7791,"impeller pump","EN608"
"811","2018-02-04 09:31:00+00:00","Underway Science seawater","TOI discrete","","",40.4117,-70.7972,"impeller pump","EN608"
"812","2018-02-04 09:49:00+00:00","Underway Science seawater","TOI discrete","","",40.4423,-70.8175,"impeller pump","EN608"
"813","2018-02-04 10:13:00+00:00","Underway Science seawater","TOI discrete","","",40.4804,-70.8473,"impeller pump","EN608"
"814","2018-02-04 10:30:00+00:00","Underway Science seawater","TOI discrete","","",40.5069,-70.8691,"impeller pump","EN608"
"815","2018-02-04 10:52:04+00:00","CTD911","deploy","L5","25",40.5285,-70.8843,"","EN608"
"816","2018-02-04 11:05:00+00:00","Underway Science seawater","TOI discrete","","",40.5268,-70.8828,"impeller pump","EN608"
"817","2018-02-04 11:45:00+00:00","Underway Science seawater","TOI discrete","","",40.6007,-70.8814,"impeller pump","EN608"
"818","2018-02-04 12:11:00+00:00","Underway Science seawater","TOI discrete","","",40.668,-70.883,"impeller pump","EN608"
"819","2018-02-04 12:37:19+00:00","CTD911","deploy","L4","26",40.6955,-70.8816,"","EN608"
"820","2018-02-04 12:44:00+00:00","Underway Science seawater","TOI discrete","","",40.6942,-70.8809,"impeller pump","EN608"
"821","2018-02-04 12:45:00+00:00","Underway Science seawater","TOI discrete","","",40.694,-70.8809,"impeller pump","EN608"
"822","2018-02-04 12:52:10+00:00","Other","end","L4","26",40.6921,-70.8802,"HydroColor","EN608"
"823","2018-02-04 14:09:40+00:00","CTD911","deploy","L3","27",40.8627,-70.883,"","EN608"
"824","2018-02-04 14:17:00+00:00","Underway Science seawater","TOI discrete","","",40.8624,-70.8818,"impeller pump","EN608"
"825","2018-02-04 14:36:28+00:00","Sand Lance Rake","deploy","L3","27",40.8586,-70.8805,"10 minute drag on bottom (125 m wire out) at 1.5 kt","EN608"
"826","2018-02-04 15:34:00+00:00","Underway Science seawater","TOI discrete","","",40.917,-70.8819,"impeller pump","EN608"
"827","2018-02-04 16:18:13+00:00","Underway Science seawater","other","","",40.9882,-70.8801,"Alexa Sterling biomass filtering Sea Grant project","EN608"
"828","2018-02-04 17:00:23+00:00","Underway Science seawater","other","","",41.0302,-70.8807,"Alexa Sterling SeaGrant project - diatom isolations","EN608"
"829","2018-02-04 17:54:13+00:00","Underway Science seawater","IFCB discrete","","UW3",41.0303,-70.8833,"IFCB109 impeller pump","EN608"
"830","2018-02-04 18:18:11+00:00","Underway Science seawater","start","","",41.0297,-70.882,"discrete Chl a","EN608"
"831","2018-02-04 18:19:00+00:00","Underway Science seawater","TOI discrete","","",41.0297,-70.882,"impeller pump","EN608"
"832","2018-02-04 18:19:52+00:00","CTD911","deploy","L2","28",41.0297,-70.8817,"","EN608"
"833","2018-02-04 18:51:42+00:00","Sand Lance Rake","deploy","L2","R28",41.0245,-70.8781,"","EN608"
"834","2018-02-04 19:37:06+00:00","Underway Science seawater","start","","",41.0435,-70.8819,"discrete Chl a","EN608"
"835","2018-02-04 19:52:33+00:00","Underway Science seawater","IFCB discrete","","UW4",41.0798,-70.882,"IFCB109 discrete impeller pump for comparison","EN608"
"836","2018-02-04 20:04:44+00:00","Incubation","stop","L11","19",41.1087,-70.882,"","EN608"
"837","2018-02-04 20:15:00+00:00","Underway Science seawater","TOI discrete","","",41.1328,-70.8812,"impeller pump","EN608"
"838","2018-02-04 21:02:46+00:00","CTD911","deploy","L1","29",41.1968,-70.8828,"","EN608"
"839","2018-02-04 21:27:00+00:00","Underway Science seawater","TOI discrete","","",41.1983,-70.8857,"impeller pump","EN608"
"840","2018-02-04 23:14:37+00:00","Underway Science seawater","start","","",41.3185,-70.6735,"discrete Chl a","EN608"
"841","2018-02-05 00:03:36+00:00","CTD911","deploy","MVCO","30",41.3224,-70.5763,"","EN608"
"842","2018-02-05 00:24:59+00:00","Bongo Net","deploy","MVCO","B30",41.3201,-70.5718,"time adjusted manually; is exact time of deployment","EN608"
"843","2018-02-05 04:29:16+00:00","Underway Science seawater","IFCB discrete","","UW5",41.1906,-70.8938,"IFCB109 diaphragm pump","EN608"
"844","2018-02-05 13:31:04+00:00","ADCP300","stop","","",41.492,-71.4099,"","EN608"
"845","2018-02-05 13:31:32+00:00","ADCP75","stop","","",41.492,-71.4099,"","EN608"
"846","2018-02-05 13:32:14+00:00","UHDAS","stop","","",41.4944,-71.4108,"","EN608"
"847","2018-02-05 13:35:45+00:00","Attune Flow Cytometer","stop","","",41.5017,-71.4124,"","EN608"
"848","2018-02-05 13:36:16+00:00","IFCB","stop","","",41.5041,-71.4114,"","EN608"
"849","2018-02-05 13:37:41+00:00","EIMS","other","","",41.5064,-71.4102,"switched to air will run air for 30 min","EN608"
"850","2018-02-05 13:38:24+00:00","Underway Science seawater","stop","","",41.5088,-71.4088,"","EN608"
"851","2018-02-05 13:39:13+00:00","Thermosalinograph SBE45","end","","",41.5109,-71.4069,"model SBE21 and fluorometers also stopped with TSal45 on underway science seawater","EN608"
"852","2018-02-05 13:41:47+00:00","Fluorometer","stop","","",41.515,-71.4028,"two fluorometers on underway science seawater","EN608"
"853","2018-02-05 13:50:58+00:00","IFCB","stop","","",41.5351,-71.3964,"","EN608"
"854","2018-02-05 14:05:58+00:00","EIMS","stop","","",41.5655,-71.3916,"EIMS last H2O measurement 13:34 - EIMS shutdown 14:06","EN608"
"855","2018-02-05 14:41:31+00:00","Echosounder12","stop","","",41.5867,-71.4111,"","EN608"
"856","2018-02-05 14:42:08+00:00","MeteorologicalSensor","stop","","",41.5868,-71.4112,"met sensors will keep running until after end cruise","EN608"
"857","2018-02-05 14:42:33+00:00","CPICS","offCTD","","",41.5868,-71.4112,"","EN608"
"858","2018-02-05 14:42:53+00:00","Ship","endCruise","","",41.5868,-71.4112,"","EN608"
"859","2018-07-20 13:05:31+00:00","Ship","startCruise","","",41.492217,-71.418717,"","EN617"
"860","2018-07-20 13:57:21+00:00","Underway Science seawater diaphragm pump","start","","",41.400917,-71.365217,"","EN617"
"861","2018-07-20 14:00:51+00:00","Underway Science seawater impeller","start","","",41.396167,-71.354383,"","EN617"
"862","2018-07-20 14:02:25+00:00","Thermosalinographs on underway impeller","start","","",41.39405,-71.349583,"","EN617"
"863","2018-07-20 14:02:25+00:00","Fluorometers on underway impeller","start","","",41.39405,-71.349583,"","EN617"
"864","2018-07-20 14:02:59+00:00","ADCP300","start","","",41.393233,-71.347817,"","EN617"
"865","2018-07-20 14:03:00+00:00","EIMS","start","","",41.3932,-71.3478,"on diaphragm pump","EN617"
"866","2018-07-20 14:03:31+00:00","ADCP75","start","","",41.392517,-71.346233,"","EN617"
"867","2018-07-20 14:03:53+00:00","UHDAS for both ADCPs","start","","",41.392017,-71.345033,"","EN617"
"868","2018-07-20 14:05:47+00:00","Echosounder12","start","","",41.389433,-71.339167,"","EN617"
"869","2018-07-20 14:14:40+00:00","IFCB continuous","start","","",41.375083,-71.313967,"","EN617"
"870","2018-07-20 14:14:40+00:00","Attune Flow Cytometer","start","","",41.375083,-71.313967,"","EN617"
"871","2018-07-20 17:23:53+00:00","CTD911","deploy","L1","1",41.2006666666667,-70.8853333333333,"","EN617"
"872","2018-07-20 18:45:31+00:00","Bongo Net","deploy","L1","B01",41.203333,-70.887017,"New Winch from EN608","EN617"
"873","2018-07-20 18:55:01+00:00","Incubation","start","L1","1",41.205083,-70.890717,"","EN617"
"874","2018-07-20 19:35:01+00:00","Sand Lance Beam Trawl","deploy","L1","SLT1",41.193583,-70.888733,"","EN617"
"875","2018-07-20 19:41:16+00:00","Sand Lance Beam Trawl","offBottom","L1","SLT1",41.190033,-70.88995,"","EN617"
"876","2018-07-20 20:41:01+00:00","Van Veen Grab","deploy","L1.5","VV1",41.113483,-70.881,"","EN617"
"877","2018-07-20 21:39:58+00:00","Van Veen Grab","deploy","L2","VV2",41.02985,-70.879833,"","EN617"
"878","2018-07-20 22:14:54+00:00","Bongo Net","deploy","L2","B02",41.034783,-70.875367,"","EN617"
"879","2018-07-20 22:57:14+00:00","CTD911","deploy","L2","2",41.0303333333333,-70.8806666666667,"","EN617"
"880","2018-07-20 23:14:00+00:00","Underway Science seawater diaphragm pump","TOI discrete","","",41.032503,-70.8784,"","EN617"
"881","2018-07-20 23:15:00+00:00","Underway Science seawater diaphragm pump","TOI discrete","","",41.03269,-70.87829,"","EN617"
"882","2018-07-21 00:32:00+00:00","Underway Science seawater diaphragm pump","TOI discrete","","",41.025502,-70.663102,"","EN617"
"883","2018-07-21 00:48:00+00:00","Underway Science seawater diaphragm pump","TOI discrete","","",41.029698,-70.720297,"","EN617"
"884","2018-07-21 01:15:21+00:00","CTD911","deploy","u2a","3",41.03,-70.7698333333333,"","EN617"
"885","2018-07-21 02:04:00+00:00","Underway Science seawater diaphragm pump","TOI discrete","","",41.030904,-70.8408,"","EN617"
"886","2018-07-21 02:15:00+00:00","Underway Science seawater diaphragm pump","TOI discrete","","",41.02811,-70.881281,"","EN617"
"887","2018-07-21 02:30:00+00:00","Underway Science seawater diaphragm pump","TOI discrete","","",41.027083,-70.936694,"","EN617"
"888","2018-07-21 02:58:24+00:00","CTD911","deploy","d2a","4",41.0303333333333,-70.9911666666667,"","EN617"
"889","2018-07-21 03:39:00+00:00","Underway Science seawater diaphragm pump","TOI discrete","","",41.028118,-71.054391,"","EN617"
"890","2018-07-21 04:03:00+00:00","Underway Science seawater diaphragm pump","TOI discrete","","",41.02441,-71.086879,"","EN617"
"891","2018-07-21 05:44:01+00:00","Van Veen Grab","deploy","L2.5","VV2.5",40.9452,-70.880667,"","EN617"
"892","2018-07-21 06:39:49+00:00","CTD911","deploy","L3","5",40.8636666666667,-70.883,"","EN617"
"893","2018-07-21 07:38:01+00:00","Bongo Net","deploy","L3","B05",40.86585,-70.882533,"","EN617"
"894","2018-07-21 08:10:02+00:00","Incubation","start","L3","5",40.8279,-70.884417,"","EN617"
"895","2018-07-21 10:23:00+00:00","Underway Science seawater diaphragm pump","TOI discrete","","",40.692607,-70.669993,"","EN617"
"896","2018-07-21 11:04:40+00:00","CTD911","deploy","u4a","6",40.7008333333333,-70.7726666666667,"","EN617"
"897","2018-07-21 11:43:00+00:00","Underway Science seawater diaphragm pump","TOI discrete","","",40.70169,-70.8282,"","EN617"
"898","2018-07-21 11:58:00+00:00","Underway Science seawater diaphragm pump","TOI discrete","","",40.7002,-70.8836,"","EN617"
"899","2018-07-21 12:14:00+00:00","Underway Science seawater diaphragm pump","TOI discrete","","",40.69869,-70.94379,"","EN617"
"900","2018-07-21 12:37:37+00:00","CTD911","deploy","d4a","7",40.6971666666667,-70.9931666666667,"","EN617"
"901","2018-07-21 13:32:00+00:00","Underway Science seawater diaphragm pump","TOI discrete","","",40.6966,-71.102903,"","EN617"
"902","2018-07-21 14:51:08+00:00","CTD911","deploy","L4","8",40.6986666666667,-70.8801666666667,"","EN617"
"903","2018-07-21 15:13:00+00:00","Underway Science seawater diaphragm pump","TOI discrete","","",40.70189,-70.87671,"","EN617"
"904","2018-07-21 15:15:00+00:00","Underway Science seawater diaphragm pump","TOI discrete","","",40.7021,-70.8763,"","EN617"
"905","2018-07-21 15:38:27+00:00","Bongo Net","deploy","L4","B08",40.706033,-70.871483,"","EN617"
"906","2018-07-21 16:00:46+00:00","Incubation","start","L4","8",40.690733,-70.868817,"","EN617"
"907","2018-07-21 17:23:38+00:00","CTD911","deploy","L5","9",40.5168333333333,-70.8808333333333,"","EN617"
"908","2018-07-21 18:04:45+00:00","Bongo Net","deploy","L5","B09",40.5224,-70.87265,"","EN617"
"909","2018-07-21 18:59:46+00:00","Incubation","stop","L1","",40.449,-70.877017,"","EN617"
"910","2018-07-21 20:03:00+00:00","Underway Science seawater diaphragm pump","TOI discrete","","",40.36881,-70.77731,"","EN617"
"911","2018-07-21 21:39:59+00:00","CTD911","deploy","u6a","10",40.3645,-70.7708333333333,"","EN617"
"912","2018-07-21 22:26:00+00:00","Underway Science seawater diaphragm pump","TOI discrete","","",40.3651,-70.843715,"","EN617"
"913","2018-07-21 22:36:00+00:00","Underway Science seawater diaphragm pump","TOI discrete","","",40.364,-70.88051,"","EN617"
"914","2018-07-21 22:51:00+00:00","Underway Science seawater diaphragm pump","TOI discrete","","",40.3631,-70.93589,"","EN617"
"915","2018-07-21 23:17:27+00:00","CTD911","deploy","d6a","11",40.3645,-70.989,"","EN617"
"916","2018-07-22 00:44:00+00:00","Underway Science seawater diaphragm pump","TOI discrete","","",40.3583,-71.098691,"","EN617"
"917","2018-07-22 02:08:27+00:00","CTD911","deploy","L6","12",40.3656666666667,-70.8885,"","EN617"
"918","2018-07-22 02:53:53+00:00","Bongo Net","deploy","L6","B12",40.375433,-70.8851,"","EN617"
"919","2018-07-22 05:00:38+00:00","CTD911","deploy","L7","13",40.2341666666667,-70.8921666666667,"","EN617"
"920","2018-07-22 05:50:27+00:00","Bongo Net","deploy","L7","B13",40.23185,-70.886017,"","EN617"
"921","2018-07-22 07:43:16+00:00","Bongo Net","deploy","L8","B14",40.142217,-70.76645,"","EN617"
"922","2018-07-22 07:59:46+00:00","Incubation","stop","L3","",40.14235,-70.7583,"","EN617"
"923","2018-07-22 08:58:16+00:00","CTD911","deploy","L8","14",40.1386666666667,-70.7585,"","EN617"
"924","2018-07-22 09:27:00+00:00","Underway Science seawater diaphragm pump","TOI discrete","","",40.14531,-70.759431,"","EN617"
"925","2018-07-22 09:28:00+00:00","Underway Science seawater diaphragm pump","TOI discrete","","",40.1453,-70.7596,"","EN617"
"926","2018-07-22 10:30:00+00:00","Incubation","start","L8","14",40.130367,-70.7658,"","EN617"
"927","2018-07-22 12:14:00+00:00","EIMS","stop","","",40.0984,-70.6787,"on diaphragm pump","EN617"
"928","2018-07-22 12:14:00+00:00","EIMS","start","","",40.0984,-70.6787,"on impeller pump","EN617"
"929","2018-07-22 12:49:00+00:00","Underway Science seawater impeller","TOI discrete","","",40.096273,-70.664427,"","EN617"
"930","2018-07-22 13:38:24+00:00","CTD911","deploy","u9a","15",40.0936666666667,-70.779,"","EN617"
"931","2018-07-22 14:32:00+00:00","Underway Science seawater impeller","TOI discrete","","",40.0988,-70.803308,"","EN617"
"932","2018-07-22 14:58:00+00:00","Underway Science seawater impeller","TOI discrete","","",40.0986,-70.888291,"","EN617"
"933","2018-07-22 15:13:00+00:00","Underway Science seawater impeller","TOI discrete","","",40.09749,-70.9373,"","EN617"
"934","2018-07-22 15:46:45+00:00","CTD911","deploy","d9a","16",40.096,-70.9931666666667,"","EN617"
"935","2018-07-22 17:00:00+00:00","Underway Science seawater impeller","TOI discrete","","",40.105375,-71.095592,"","EN617"
"936","2018-07-22 17:00:00+00:00","Incubation","stop","L4","",40.105333,-71.096317,"","EN617"
"937","2018-07-22 18:17:39+00:00","CTD911","deploy","L9","17",40.0995,-70.8763333333333,"","EN617"
"938","2018-07-22 19:06:34+00:00","Bongo Net","deploy","L9","B17",40.0996,-70.87415,"","EN617"
"939","2018-07-22 21:46:41+00:00","CTD911","deploy","L10","18",39.9495,-70.8843333333333,"","EN617"
"940","2018-07-22 22:30:00+00:00","Incubation","start","L10","18",39.9473,-70.876883,"","EN617"
"941","2018-07-22 22:50:12+00:00","Bongo Net","deploy","L10","B18",39.943733,-70.870183,"","EN617"
"942","2018-07-23 01:44:01+00:00","RMT10 Midwater Trawl (Tucker-style)","deploy","L11","MWT1",39.748267,-70.872733,"Target net depth of 1000 (based on angle and wire out) with winch speed of 20 down and 15 up and ship speed of 2 kts","EN617"
"943","2018-07-23 04:32:36+00:00","RMT10 Midwater Trawl (Tucker-style)","recover","L11","MWT1",39.67685,-70.833333,"","EN617"
"944","2018-07-23 07:10:00+00:00","Underway Science seawater impeller","TOI discrete","","",39.77341,-70.671381,"","EN617"
"945","2018-07-23 08:08:23+00:00","CTD911","deploy","u11a","19",39.7738333333333,-70.7696666666667,"","EN617"
"946","2018-07-23 09:00:00+00:00","Underway Science seawater diaphragm pump","IFCB discrete","","",39.772067,-70.779083,"","EN617"
"947","2018-07-23 09:15:00+00:00","Underway Science seawater impeller","TOI discrete","","",39.772793,-70.8233,"","EN617"
"948","2018-07-23 09:39:00+00:00","Underway Science seawater impeller","TOI discrete","","",39.77599,-70.89279,"","EN617"
"949","2018-07-23 09:58:00+00:00","Underway Science seawater impeller","TOI discrete","","",39.77621,-70.948579,"","EN617"
"950","2018-07-23 10:21:49+00:00","CTD911","deploy","d11a","20",39.7725,-70.9873333333333,"","EN617"
"951","2018-07-23 10:30:00+00:00","Incubation","stop","L8","",39.771933,-70.984917,"","EN617"
"952","2018-07-23 11:45:00+00:00","Underway Science seawater impeller","TOI discrete","","",39.772649,-71.100215,"","EN617"
"953","2018-07-23 12:59:50+00:00","CTD911","deploy","L11","21",39.7715,-70.8791666666667,"1000m cast","EN617"
"954","2018-07-23 14:04:00+00:00","Underway Science seawater impeller","TOI discrete","","",39.7638,-70.85769,"","EN617"
"955","2018-07-23 14:06:00+00:00","Underway Science seawater impeller","TOI discrete","","",39.7635,-70.8569,"","EN617"
"956","2018-07-23 14:47:01+00:00","Bongo Net","deploy","L11","B21",39.771317,-70.876533,"","EN617"
"957","2018-07-23 15:46:43+00:00","CTD911","deploy","L11","22",39.7713333333333,-70.8723333333333,"","EN617"
"958","2018-07-23 16:00:00+00:00","Incubation","start","L11","21",39.770833,-70.86925,"","EN617"
"959","2018-07-23 17:28:33+00:00","CTD911","deploy","L12","23",39.9411666666667,-70.7681666666667,"","EN617"
"960","2018-07-23 17:30:00+00:00","Underway Science seawater impeller","TOI discrete","","",39.941197,-70.767797,"","EN617"
"961","2018-07-23 19:20:00+00:00","Underway Science seawater impeller","TOI discrete","","",40.141009,-70.7642,"","EN617"
"962","2018-07-23 20:55:25+00:00","CTD911","deploy","L13","24",40.366,-70.766," logger crashed and submitted this event with time stamp mid-way through upcast","EN617"
"963","2018-07-23 20:59:00+00:00","Underway Science seawater impeller","TOI discrete","","",40.366911,-70.767,"","EN617"
"964","2018-07-23 22:17:00+00:00","Underway Science seawater impeller","TOI discrete","","",40.52171,-70.884418,"","EN617"
"965","2018-07-23 22:30:00+00:00","Incubation","stop","L10","",40.559317,-70.88325,"","EN617"
"966","2018-07-24 00:18:00+00:00","Underway Science seawater impeller","TOI discrete","","",40.86435,-70.88409,"","EN617"
"967","2018-07-24 01:28:00+00:00","Underway Science seawater impeller","TOI discrete","","",40.696998,-70.882998,"","EN617"
"968","2018-07-24 03:38:31+00:00","Underway Science seawater diaphragm pump","IFCB discrete","North-South","UW3",40.366267,-70.876233,"testing triggering on scattering","EN617"
"969","2018-07-24 03:39:00+00:00","Underway Science seawater impeller","TOI discrete","","",40.365092,-70.876292,"","EN617"
"970","2018-07-24 04:33:00+00:00","Underway Science seawater impeller","TOI discrete","","",40.226692,-70.8796,"","EN617"
"971","2018-07-24 05:05:28+00:00","Underway Science seawater diaphragm pump","IFCB discrete","","UW4",40.143817,-70.876033,"triggering on scattering","EN617"
"972","2018-07-24 05:21:00+00:00","Underway Science seawater impeller","TOI discrete","","",40.1016,-70.87361,"","EN617"
"973","2018-07-24 05:32:16+00:00","Underway Science seawater diaphragm pump","IFCB discrete","","UW5",40.071667,-70.873417,"triggering on scattering","EN617"
"974","2018-07-24 06:14:31+00:00","Underway Science seawater diaphragm pump","IFCB discrete","","UW6",39.959633,-70.86715,"triggering on scattering","EN617"
"975","2018-07-24 06:39:50+00:00","Underway Science seawater diaphragm pump","IFCB discrete","","UW7",39.893667,-70.871317,"triggering on scattering","EN617"
"976","2018-07-24 06:58:46+00:00","Underway Science seawater diaphragm pump","IFCB discrete","","UW8",39.8448,-70.876567,"triggering on scattering","EN617"
"977","2018-07-24 07:30:00+00:00","Underway Science seawater impeller","TOI discrete","","",39.7741,-70.878879,"","EN617"
"978","2018-07-24 07:38:18+00:00","CTD911","deploy","L11","25",39.7738333333333,-70.8753333333333,"","EN617"
"979","2018-07-24 08:19:46+00:00","Bongo Net","deploy","L11","B25A",39.768483,-70.856617,"tow yo to 10 meters for 1 nm to calibrate flowmeter--tow 1","EN617"
"980","2018-07-24 08:20:09+00:00","Underway Science seawater diaphragm pump","IFCB discrete","L11","UW9",39.768417,-70.856417,"","EN617"
"981","2018-07-24 08:31:44+00:00","Underway Science seawater diaphragm pump","IFCB discrete","L11","UW10",39.764733,-70.849533,"triggering on scattering","EN617"
"982","2018-07-24 08:48:46+00:00","Bongo Net","recover","L11","B25A",39.757967,-70.837417,"tow yo to 10 meters for 1 nm to calibrate flowmeter--tow 1","EN617"
"983","2018-07-24 09:12:49+00:00","Underway Science seawater diaphragm pump","IFCB discrete","L11","UW11",39.757683,-70.837867,"triggering on scattering","EN617"
"984","2018-07-24 09:24:16+00:00","Bongo Net","deploy","L11","B25B",39.761433,-70.84275,"tow yo to 10 meters for 1 nm to calibrate flowmeter--tow 2","EN617"
"985","2018-07-24 09:26:26+00:00","Underway Science seawater diaphragm pump","IFCB discrete","L11","UW12",39.7622,-70.843983,"triggering on scattering","EN617"
"986","2018-07-24 09:53:01+00:00","Bongo Net","recover","L11","B25B",39.770633,-70.860533,"tow yo to 10 meters for 1 nm to calibrate flowmeter--tow 2","EN617"
"987","2018-07-24 10:30:49+00:00","Underway Science seawater diaphragm pump","IFCB discrete","","UW13",39.841483,-70.88285,"triggering on scattering","EN617"
"988","2018-07-24 11:18:38+00:00","CTD911","deploy","L10","26",39.9478333333333,-70.8791666666667,"","EN617"
"989","2018-07-24 11:32:44+00:00","Underway Science seawater diaphragm pump","IFCB discrete","L10","UW14",39.948367,-70.87915,"triggering on scattering","EN617"
"990","2018-07-24 11:39:00+00:00","Underway Science seawater impeller","TOI discrete","","",39.9487,-70.8789,"","EN617"
"991","2018-07-24 12:28:26+00:00","Underway Science seawater diaphragm pump","IFCB discrete","","UW15",40.053367,-70.882783,"triggering on scattering","EN617"
"992","2018-07-24 12:57:11+00:00","CTD911","deploy","L9","27",40.1038333333333,-70.889,"","EN617"
"993","2018-07-24 13:05:00+00:00","Underway Science seawater impeller","TOI discrete","","",40.105006,-70.8891,"","EN617"
"994","2018-07-24 14:04:00+00:00","Underway Science seawater impeller","TOI discrete","","",40.22799,-70.8892,"","EN617"
"995","2018-07-24 14:11:34+00:00","CTD911","deploy","L7","28",40.2271666666667,-70.8861666666667,"","EN617"
"996","2018-07-24 15:32:23+00:00","CTD911","deploy","L6","29",40.3673333333333,-70.8873333333333,"","EN617"
"997","2018-07-24 16:10:00+00:00","Incubation","stop","L11","",40.426667,-70.886517,"","EN617"
"998","2018-07-24 16:50:00+00:00","Underway Science seawater impeller","TOI discrete","","",40.5148,-70.8794,"","EN617"
"999","2018-07-24 16:50:32+00:00","CTD911","deploy","L5","30",40.5148333333333,-70.8791666666667,"","EN617"
"1000","2018-07-24 18:24:44+00:00","CTD911","deploy","L4","31",40.6975,-70.8808333333333,"","EN617"
"1001","2018-07-24 18:26:00+00:00","Underway Science seawater impeller","TOI discrete","","",40.697608,-70.8805,"","EN617"
"1002","2018-07-24 19:51:39+00:00","CTD911","deploy","L3","32",40.8625,-70.8775,"","EN617"
"1003","2018-07-24 19:52:00+00:00","Underway Science seawater impeller","TOI discrete","","",40.862697,-70.877497,"","EN617"
"1004","2018-07-24 21:08:00+00:00","Underway Science seawater impeller","TOI discrete","","",41.027289,-70.8858,"","EN617"
"1005","2018-07-24 21:39:44+00:00","CTD911","deploy","L2","33",41.0286666666667,-70.8783333333333,"","EN617"
"1006","2018-07-24 23:06:00+00:00","Underway Science seawater impeller","TOI discrete","","",41.196703,-70.8824,"","EN617"
"1007","2018-07-24 23:07:46+00:00","CTD911","deploy","L1","34",41.1966666666667,-70.8821666666667,"","EN617"
"1008","2018-07-25 01:16:32+00:00","CTD911","deploy","MVCO","35",41.3238333333333,-70.5856666666667,"","EN617"
"1009","2018-07-25 01:23:00+00:00","Underway Science seawater impeller","TOI discrete","","",41.3247,-70.585191,"","EN617"
"1010","2018-07-25 01:43:00+00:00","Bongo Net","deploy","MVCO","B35",41.3223,-70.57515,"","EN617"
"1011","2018-07-25 02:10:18+00:00","Bongo Net","deploy","MVCO","B35b",41.31645,-70.558483,"Flowmeter calibration ","EN617"
"1012","2018-07-25 09:12:39+00:00","EIMS","stop","","",41.413383,-71.379467,"was running on impellor pump and stopped all operations now","EN617"
"1013","2018-07-25 09:14:22+00:00","IFCB continuous","stop","","",41.416483,-71.384217,"Running entire cruise on diaphragm pump","EN617"
"1014","2018-07-25 09:21:00+00:00","Fluorometers on underway impeller","stop","","",41.428917,-71.40265,"Just South of Narragansett Bay near end of cruise","EN617"
"1015","2018-07-25 09:21:29+00:00","Thermosalinographs on underway impeller","stop","","",41.429667,-71.403767,"Just South of Narragansett Bay near end of cruise","EN617"
"1016","2018-07-25 09:26:17+00:00","Underway Science seawater impeller","stop","","",41.4398,-71.411767,"Just South of Narragansett Bay near end of cruise","EN617"
"1017","2018-07-25 09:36:36+00:00","Underway Science seawater diaphragm pump","stop","","",41.4627,-71.409883,"In Narragansett Bay near end of cruise","EN617"
"1018","2018-07-25 09:38:33+00:00","Underway Science seawater diaphragm pump","other","","",41.467133,-71.40945,"In Narragansett Bay near end of cruise. Fresh water forward flush.","EN617"
"1019","2018-07-25 09:39:18+00:00","ADCP300","stop","","",41.468833,-71.409333,"In Narragansett Bay near end of cruise","EN617"
"1020","2018-07-25 09:39:54+00:00","ADCP75","stop","","",41.470217,-71.409267,"In Narragansett Bay near end of cruise","EN617"
"1021","2018-07-25 09:40:33+00:00","UHDAS for both ADCPs","stop","","",41.471717,-71.4092,"In Narragansett Bay near end of cruise","EN617"
"1022","2018-07-25 10:10:00+00:00","Echosounder12","stop","","",41.50425,-71.412917,"Docked at GSO","EN617"
"1023","2018-07-25 12:15:00+00:00","Ship","endCruise","","",41.492233,-71.41875,"","EN617"
"1024","2020-07-24 14:22:43+00:00","Other","other","","",41.4922,-71.4187,"OS75 KHz ADCP deck unit arrived from UAF Alaska on Endeavor ~1415z (1015L)","EN655"
"1025","2020-07-24 20:56:00+00:00","SUNAV2","sync time","","",41.4922,-71.4187,"","EN655"
"1026","2020-07-25 11:50:59+00:00","MeteorologicalSensor","other","","",41.4922,-71.4187,"Met sensors remain running and logging as usual","EN655"
"1027","2020-07-25 11:51:00+00:00","MeteorologicalSensor","start","","",41.4922,-71.4187,"Met sensors remain running and logging.","EN655"
"1028","2020-07-25 11:52:13+00:00","Echosounder12","start","","",41.4922,-71.4187,"Start 12 KHz before leaving dock","EN655"
"1029","2020-07-25 12:04:02+00:00","Ship","startCruise","","",41.4922,-71.4184,"Last line removed from dock","EN655"
"1030","2020-07-25 12:31:37+00:00","UHDAS for both ADCPs","stop","","",41.4497,-71.4117,"in Narragansett Bay","EN655"
"1031","2020-07-25 12:31:38+00:00","UHDAS for both ADCPs","start","","",41.4497,-71.4117,"Start recording","EN655"
"1032","2020-07-25 12:32:52+00:00","ADCP300","start","","",41.4476,-71.4115,"Start ADCP300","EN655"
"1033","2020-07-25 12:33:24+00:00","ADCP75","start","","",41.4455,-71.4115,"Start ADCP75","EN655"
"1034","2020-07-25 13:30:00+00:00","Thermosalinographs on underway impeller","start","","",41.3573,-71.249,"SBE45 continuously running and pumps started","EN655"
"1035","2020-07-25 13:41:43+00:00","Underway Science seawater impeller","stop","","",41.3401,-71.2077,"At mouth of Narragansett Bay. Pump (magnetic impeller pump) offand water valves closed to flow through system","EN655"
"1036","2020-07-25 13:41:45+00:00","Underway Science seawater impeller","start","","",41.3401,-71.2077,"Pump (magnetic impeller pump) on and water valves open to flow through system","EN655"
"1037","2020-07-25 13:49:13+00:00","Thermosalinographs on underway impeller","start","","",41.3291,-71.1799,"SBE21 thermosalinograph started","EN655"
"1038","2020-07-25 13:49:57+00:00","Fluorometers on underway impeller","start","","",41.3291,-71.1799,"","EN655"
"1039","2020-07-25 13:49:57+00:00","Fluorometers on underway impeller","stop","","",41.3291,-71.1799,"","EN655"
"1040","2020-07-25 14:00:00+00:00","Other","start","","",41.3145,-71.1462,"","EN655"
"1041","2020-07-25 14:13:45+00:00","Underway Science seawater diaphragm pump","start","","",41.2929,-71.1009,"Diaphragm pump on and water valves open to that flow through system","EN655"
"1042","2020-07-25 14:28:00+00:00","EIMS","start","","",41.2749,-71.0525,"","EN655"
"1043","2020-07-25 14:33:14+00:00","IFCB continuous","start","","",41.2673,-71.0319,"","EN655"
"1044","2020-07-25 15:45:46+00:00","CTD911","deploy","","1",41.203,-70.8803,"","EN655"
"1045","2020-07-25 16:19:57+00:00","Bongo Net","deploy","L1","B1",41.2021,-70.879,"","EN655"
"1046","2020-07-25 16:27:00+00:00","Bongo Net","recover","L1","B1",41.1997,-70.8768,"","EN655"
"1047","2020-07-25 16:32:08+00:00","Incubation C13","start","L1","001",41.1975,-70.875,"","EN655"
"1048","2020-07-25 16:49:57+00:00","Incubation Grazing","start","L1","001",41.1788,-70.8734,"","EN655"
"1049","2020-07-25 17:55:57+00:00","CTD911","deploy","","2",41.0303,-70.8797,"","EN655"
"1050","2020-07-25 18:10:00+00:00","Underway Science seawater diaphragm pump","TOI discrete","L2","",41.0304,-70.8772,"L2 underway duplicates bottles 199 200","EN655"
"1051","2020-07-25 18:22:57+00:00","Bongo Net","deploy","L2","B2",41.0298,-70.8748,"","EN655"
"1052","2020-07-25 18:31:00+00:00","Bongo Net","recover","L2","B2",41.0291,-70.8699,"","EN655"
"1053","2020-07-25 18:40:00+00:00","Incubation C13","start","L2","002",41.0298,-70.8662,"","EN655"
"1054","2020-07-25 18:59:59+00:00","Incubation Grazing","start","L2","002",41.0326,-70.8832,"","EN655"
"1055","2020-07-25 19:30:14+00:00","Sting Ray","deploy towed","L2","1",41.025,-70.8782,"","EN655"
"1056","2020-07-25 20:48:00+00:00","Underway Science seawater impeller","chl discrete","","",40.9574,-70.8799,"","EN655"
"1057","2020-07-25 20:52:17+00:00","Sting Ray","recover","","",40.9555,-70.8808,"recover near L2.5","EN655"
"1058","2020-07-25 21:37:37+00:00","CTD911","deploy","","3",40.8612,-70.8828,"","EN655"
"1059","2020-07-25 22:08:57+00:00","Bongo Net","deploy","L3","B3",40.8478,-70.8811,"","EN655"
"1060","2020-07-25 22:24:57+00:00","Bongo Net","recover","L3","B3",40.8403,-70.8809,"","EN655"
"1061","2020-07-25 23:15:49+00:00","SUNAV2","sync time","","",40.9591,-70.8867,"","EN655"
"1062","2020-07-26 00:25:00+00:00","Underway Science seawater diaphragm pump","TOI discrete","L6 pass","",41.0524,-70.801,"bottle 139","EN655"
"1063","2020-07-26 01:01:00+00:00","Underway Science seawater impeller","chl discrete","","",41.0693,-70.6964,"","EN655"
"1064","2020-07-26 01:12:00+00:00","Underway Science seawater diaphragm pump","TOI discrete","u2b","",41.0691,-70.656,"","EN655"
"1065","2020-07-26 01:36:00+00:00","Underway Science seawater diaphragm pump","TOI discrete","u2ab","",41.0691,-70.722,"","EN655"
"1066","2020-07-26 02:01:42+00:00","CTD911","deploy","","4",41.0682,-70.7709,"","EN655"
"1067","2020-07-26 02:42:00+00:00","Underway Science seawater diaphragm pump","TOI discrete","L2u2a","",41.0694,-70.8344,"bottle 205","EN655"
"1068","2020-07-26 02:56:00+00:00","Underway Science seawater diaphragm pump","TOI discrete","L2","",41.0688,-70.8851,"bottle 230","EN655"
"1069","2020-07-26 03:03:00+00:00","Underway Science seawater impeller","chl discrete","","",41.0689,-70.9104,"","EN655"
"1070","2020-07-26 03:11:00+00:00","Underway Science seawater diaphragm pump","TOI discrete","L2d2a","",41.069,-70.939,"bottle 293","EN655"
"1071","2020-07-26 03:28:00+00:00","Underway Science seawater diaphragm pump","TOI discrete","d2a","",41.0691,-70.9965,"bottle 231","EN655"
"1072","2020-07-26 03:37:19+00:00","CTD911","deploy","","5",41.0682,-70.9934,"","EN655"
"1073","2020-07-26 04:07:00+00:00","Underway Science seawater impeller","chl discrete","","",41.0696,-71.0336,"","EN655"
"1074","2020-07-26 04:26:00+00:00","Underway Science seawater diaphragm pump","TOI discrete","d2b","",41.0697,-71.1028,"bottle 185","EN655"
"1075","2020-07-26 05:44:18+00:00","CTD911","deploy","","6",41.0678,-70.8825,"","EN655"
"1076","2020-07-26 08:34:27+00:00","Underway Science seawater diaphragm pump","IFCB discrete","","UW1",40.843,-70.8817,"run on both discretes","EN655"
"1077","2020-07-26 11:06:13+00:00","CTD911","deploy","","7",40.6959,-70.8809,"","EN655"
"1078","2020-07-26 11:32:00+00:00","Underway Science seawater diaphragm pump","TOI discrete","","",40.6892,-70.8794,"bottles 371 and 322 duplicates","EN655"
"1079","2020-07-26 11:53:57+00:00","Bongo Net","deploy","L4","B7",40.6978,-70.8814,"","EN655"
"1080","2020-07-26 12:02:57+00:00","Bongo Net","recover","L4","B7",40.6945,-70.8839,"","EN655"
"1081","2020-07-26 12:15:53+00:00","Incubation C13","start","L4","007",40.6898,-70.8858,"","EN655"
"1082","2020-07-26 12:20:00+00:00","Incubation Grazing","start","L4","007",40.69,-70.8863,"","EN655"
"1083","2020-07-26 13:17:00+00:00","Underway Science seawater impeller","chl discrete","","",40.6962,-70.7049,"","EN655"
"1084","2020-07-26 13:41:00+00:00","Underway Science seawater diaphragm pump","TOI discrete","u4b","",40.6966,-70.675,"bottle 147","EN655"
"1085","2020-07-26 13:54:00+00:00","Underway Science seawater diaphragm pump","TOI discrete","u4ab","",40.6964,-70.7199,"bottle 160","EN655"
"1086","2020-07-26 14:21:31+00:00","CTD911","deploy","","8",40.6942,-70.7741,"","EN655"
"1087","2020-07-26 14:58:00+00:00","Underway Science seawater diaphragm pump","TOI discrete","L4u4a","",40.6966,-70.8315,"bottle 174","EN655"
"1088","2020-07-26 15:13:00+00:00","Underway Science seawater diaphragm pump","TOI discrete","L4 uw","",40.6967,-70.8838,"bottle 287","EN655"
"1089","2020-07-26 15:23:00+00:00","Underway Science seawater impeller","chl discrete","","",40.6967,-70.9188,"","EN655"
"1090","2020-07-26 15:29:00+00:00","Underway Science seawater diaphragm pump","TOI discrete","L4d4a","",40.6968,-70.9399,"bottle 327","EN655"
"1091","2020-07-26 15:51:13+00:00","CTD911","deploy","","9",40.6947,-70.9938,"","EN655"
"1092","2020-07-26 16:04:00+00:00","Underway Science seawater diaphragm pump","TOI discrete","d4a","",40.6935,-70.995,"bottle 118","EN655"
"1093","2020-07-26 16:07:51+00:00","Incubation C13","stop","L1","",40.6929,-70.9952,"","EN655"
"1094","2020-07-26 16:48:00+00:00","Underway Science seawater diaphragm pump","TOI discrete","d4b","",40.6959,-71.1036,"bottle 288","EN655"
"1095","2020-07-26 16:50:00+00:00","Incubation Grazing","stop","L1","001",40.6941,-71.1098,"","EN655"
"1096","2020-07-26 18:45:00+00:00","Incubation C13","stop","L2","002",40.547,-70.8804,"","EN655"
"1097","2020-07-26 19:03:43+00:00","CTD911","deploy","","10",40.5132,-70.8809,"","EN655"
"1098","2020-07-26 19:41:28+00:00","Bongo Net","deploy","L5","B10",40.5049,-70.8765,"","EN655"
"1099","2020-07-26 19:49:00+00:00","Bongo Net","recover","L5","B10",40.5018,-70.8756,"","EN655"
"1100","2020-07-26 20:24:46+00:00","Sting Ray","deploy towed","L5","2",40.5135,-70.8845,"","EN655"
"1101","2020-07-26 20:40:00+00:00","Sting Ray","recover","L5","",40.5022,-70.8842,"","EN655"
"1102","2020-07-26 21:58:42+00:00","SUNAV2","sync time","","",40.4901,-70.8944,"0 sec off sync before C011","EN655"
"1103","2020-07-26 22:07:00+00:00","Underway Science seawater impeller","chl discrete","","",40.4883,-70.8945,"","EN655"
"1104","2020-07-26 22:28:20+00:00","Sting Ray","deploy towed","L5","003",40.4842,-70.8968,"","EN655"
"1105","2020-07-27 00:09:41+00:00","Sting Ray","recover","L6","003",40.401,-70.9044,"","EN655"
"1106","2020-07-27 01:27:35+00:00","CTD911","deploy","","11",40.2244,-70.8797,"","EN655"
"1107","2020-07-27 02:04:00+00:00","Bongo Net","deploy","L7","B11",40.2184,-70.8709,"","EN655"
"1108","2020-07-27 02:20:00+00:00","Bongo Net","recover","L7","B11",40.2145,-70.8687,"","EN655"
"1109","2020-07-27 09:02:00+00:00","Underway Science seawater diaphragm pump","TOI discrete","L9 pass","",40.096,-70.8829,"bottle 328","EN655"
"1110","2020-07-27 09:21:00+00:00","Underway Science seawater impeller","chl discrete","","",40.0411,-70.882,"","EN655"
"1111","2020-07-27 10:12:02+00:00","CTD911","deploy","","12",39.9335,-70.8843,"","EN655"
"1112","2020-07-27 11:13:00+00:00","Bongo Net","deploy","L10","B12",39.932,-70.8875,"","EN655"
"1113","2020-07-27 11:26:16+00:00","Incubation C13","start","L10","012",39.9254,-70.8918,"","EN655"
"1114","2020-07-27 11:36:01+00:00","Incubation Grazing","start","L10","012",39.9212,-70.8948,"","EN655"
"1115","2020-07-27 11:41:00+00:00","Bongo Net","recover","L10","B12",39.9194,-70.8959,"","EN655"
"1116","2020-07-27 12:15:00+00:00","Incubation C13","stop","L4","007",39.8695,-70.8837,"","EN655"
"1117","2020-07-27 12:46:05+00:00","Incubation Grazing","stop","L4","007",39.7806,-70.8833,"","EN655"
"1118","2020-07-27 14:01:00+00:00","Underway Science seawater diaphragm pump","TOI discrete","u11b","",39.7734,-70.6713,"bottle 436","EN655"
"1119","2020-07-27 14:13:00+00:00","Underway Science seawater diaphragm pump","TOI discrete","u11ab","",39.7733,-70.7189,"bottle 437","EN655"
"1120","2020-07-27 14:59:27+00:00","CTD911","deploy","","13",39.7689,-70.7802,"","EN655"
"1121","2020-07-27 15:47:00+00:00","Underway Science seawater diaphragm pump","TOI discrete","L11u11a","",39.7731,-70.8266,"bottle 468","EN655"
"1122","2020-07-27 16:00:00+00:00","Underway Science seawater diaphragm pump","TOI discrete","L11","",39.7734,-70.8784,"bottle 474","EN655"
"1123","2020-07-27 16:14:00+00:00","Underway Science seawater diaphragm pump","TOI discrete","L11d11a","",39.7733,-70.9344,"bottle 461","EN655"
"1124","2020-07-27 16:39:35+00:00","CTD911","deploy","","14",39.771,-70.9955,"","EN655"
"1125","2020-07-27 16:47:00+00:00","Underway Science seawater diaphragm pump","TOI discrete","d11a","",39.7698,-70.997,"bottle 419","EN655"
"1126","2020-07-27 17:43:00+00:00","Underway Science seawater diaphragm pump","TOI discrete","d11b","",39.7736,-71.0957,"bottle 477","EN655"
"1127","2020-07-27 19:21:00+00:00","Underway Science seawater impeller","chl discrete","","",39.8117,-70.9704,"","EN655"
"1128","2020-07-27 19:49:00+00:00","Underway Science seawater diaphragm pump","TOI discrete","L10.5","",39.8584,-70.8818,"bottle 502","EN655"
"1129","2020-07-27 20:14:00+00:00","Underway Science seawater diaphragm pump","TOI discrete","L10 pass","",39.9378,-70.8828,"bottle 401","EN655"
"1130","2020-07-27 20:40:00+00:00","Underway Science seawater diaphragm pump","TOI discrete","L9.5 pass","",40.0194,-70.8833,"bottle 562","EN655"
"1131","2020-07-27 21:01:00+00:00","Underway Science seawater impeller","chl discrete","","",40.0843,-70.8837,"","EN655"
"1132","2020-07-27 21:15:40+00:00","CTD911","deploy","","15",40.0985,-70.8811,"","EN655"
"1133","2020-07-27 21:41:00+00:00","Underway Science seawater diaphragm pump","DO discrete","L9","",40.0948,-70.8822,"bottle 22","EN655"
"1134","2020-07-27 21:41:00+00:00","Underway Science seawater diaphragm pump","TOI discrete","L9","",40.0948,-70.8822,"bottle 453 surface duplicate","EN655"
"1135","2020-07-27 21:43:00+00:00","Underway Science seawater diaphragm pump","TOI discrete","L9","",40.0944,-70.8824,"bottle 481 surface duplicate","EN655"
"1136","2020-07-27 21:43:00+00:00","Underway Science seawater diaphragm pump","DO discrete","L9","",40.0944,-70.8824,"bottle 23 surface duplicate","EN655"
"1137","2020-07-27 22:05:00+00:00","Bongo Net","deploy","L9","B15",40.0992,-70.8824,"No samples; hit bottom","EN655"
"1138","2020-07-27 22:25:00+00:00","Bongo Net","recover","L9","B15",40.1009,-70.8729,"No samples; hit bottom","EN655"
"1139","2020-07-27 23:00:00+00:00","Sting Ray","deploy towed","L9","004",40.1274,-70.8823,"","EN655"
"1140","2020-07-27 23:18:00+00:00","Underway Science seawater impeller","chl discrete","","",40.1327,-70.8904,"","EN655"
"1141","2020-07-28 00:02:28+00:00","Bongo Net","deploy","L6","B16",40.1913,-70.8834,"","EN655"
"1142","2020-07-28 00:02:43+00:00","Bongo Net","recover","L6","B16",40.1913,-70.8834,"","EN655"
"1143","2020-07-28 00:36:00+00:00","Underway Science seawater diaphragm pump","TOI discrete","L7 pass","",40.2259,-70.8815,"bottle 495","EN655"
"1144","2020-07-28 00:54:54+00:00","Sting Ray","recover","L7","004",40.2414,-70.8842,"","EN655"
"1145","2020-07-28 01:54:37+00:00","CTD911","deploy","","16",40.3678,-70.8749,"","EN655"
"1146","2020-07-28 02:09:58+00:00","Underway Science seawater diaphragm pump","TOI discrete","L6","",40.3664,-70.8698,"bottle 571 surface duplicate","EN655"
"1147","2020-07-28 02:09:58+00:00","Underway Science seawater diaphragm pump","DO discrete","L6","",40.3664,-70.8698,"bottle 33 surface duplicate","EN655"
"1148","2020-07-28 02:09:58+00:00","Underway Science seawater diaphragm pump","DO discrete","L6","",40.3664,-70.8698,"bottle 34","EN655"
"1149","2020-07-28 02:10:00+00:00","Underway Science seawater diaphragm pump","TOI discrete","L6","",40.3664,-70.8698,"bottle 570 surface duplicate","EN655"
"1150","2020-07-28 04:06:00+00:00","Underway Science seawater impeller","chl discrete","","",40.5466,-70.8835,"","EN655"
"1151","2020-07-28 04:31:00+00:00","Underway Science seawater impeller","chl discrete","","",40.6199,-70.8839,"","EN655"
"1152","2020-07-28 05:30:00+00:00","Attune Flow Cytometer","stop","","",40.792,-70.8837,"","EN655"
"1153","2020-07-28 10:11:00+00:00","Incubation C13","stop","L10","012",41.3895,-71.3114,"","EN655"
"1154","2020-07-28 10:45:00+00:00","Incubation Grazing","stop","L10","012",41.393,-71.3086,"","EN655"
"1155","2020-07-28 10:53:00+00:00","Underway Science seawater impeller","chl discrete","","",41.3938,-71.3075,"","EN655"
"1156","2020-07-28 12:00:00+00:00","EIMS","stop","","",41.4282,-71.3899,"","EN655"
"1157","2020-07-28 12:01:43+00:00","IFCB continuous","stop","","",41.4277,-71.3925,"","EN655"
"1158","2020-07-28 12:04:20+00:00","Underway Science seawater diaphragm pump","stop","","",41.4297,-71.3995,"","EN655"
"1159","2020-07-28 12:06:00+00:00","Underway Science seawater impeller","chl discrete","","",41.4314,-71.4029,"","EN655"
"1160","2020-07-28 12:11:28+00:00","Thermosalinographs on underway impeller","stop","","",41.4434,-71.4109,"at mouth of Narragansett Bay","EN655"
"1161","2020-07-28 12:30:00+00:00","Other","end","","",41.4807,-71.4079,"","EN655"
"1162","2020-07-28 12:33:42+00:00","ADCP300","stop","","",41.4889,-71.4096,"in Narragansett Bay","EN655"
"1163","2020-07-28 12:34:04+00:00","ADCP75","stop","","",41.4909,-71.4105,"","EN655"
"1164","2020-07-28 12:40:56+00:00","Thermosalinographs on underway impeller","stop","","",41.4971,-71.4129,"SBE45 continuously running and pumps stopped","EN655"
"1165","2020-07-28 13:38:31+00:00","Ship","endCruise","","",41.4922,-71.4187,"arrived at Narragansett GSO dock","EN655"
"1166","2020-07-28 13:39:57+00:00","Echosounder12","stop","","",41.4922,-71.4187,"Stop 12 KHz after arriving at GSO dock","EN655"
"1167","2020-07-28 14:09:39+00:00","Ship","other","","",41.4922,-71.4187,"Gangway installed - dock to ship","EN655"
"1168","2020-10-13 12:25:43+00:00","MeteorologicalSensor","start","","",41.4922,-71.4187,"Met sensors remain running and logging as usual","EN657"
"1169","2020-10-13 12:26:59+00:00","Echosounder12","start","","",41.4922,-71.4187,"Start 12 KHz before leaving dock","EN657"
"1170","2020-10-13 12:59:20+00:00","Ship","startCruise","","",41.4922,-71.4187,"Gangway removed - from ship to dock","EN657"
"1171","2020-10-13 13:00:00+00:00","SUNAV2","onCTD","","",41.4922,-71.4187,"","EN657"
"1172","2020-10-13 13:10:22+00:00","ADCP300","start","","",41.486,-71.41,"","EN657"
"1173","2020-10-13 13:10:47+00:00","ADCP75","start","","",41.486,-71.41,"","EN657"
"1174","2020-10-13 13:11:08+00:00","UHDAS for both ADCPs","start","","",41.485,-71.4088,"","EN657"
"1175","2020-10-13 13:25:53+00:00","Underway Science seawater impeller","start","","",41.4634,-71.4098,"Pump (magnetic impeller pump) on and water valves open to flow through system","EN657"
"1176","2020-10-13 13:26:45+00:00","Thermosalinographs on underway impeller","start","","",41.4615,-71.4102,"SBE45 continuously running and pumps started","EN657"
"1177","2020-10-13 13:27:22+00:00","Thermosalinographs on underway impeller","start","","",41.4596,-71.4107,"SBE21 thermosalinograph started","EN657"
"1178","2020-10-13 13:30:00+00:00","Fluorometers on underway impeller","start","","",41.4556,-71.4123,"SBE21 thermosalinograph started both WETStar and ECO fluorometers are connected to SBE21","EN657"
"1179","2020-10-13 13:31:29+00:00","Underway Science seawater diaphragm pump","start","","",41.4512,-71.4124,"Pump (motor-driven diaphragm pump) on and water valves open to that flow through system","EN657"
"1180","2020-10-13 13:50:01+00:00","EIMS","start","","",41.4194,-71.4081,"Cruise start","EN657"
"1181","2020-10-13 14:04:01+00:00","Other","start","","",41.4111,-71.3912,"HOBO temperature light sensors","EN657"
"1182","2020-10-13 14:05:16+00:00","Other","start","","",41.4102,-71.3884,"Incubation Tanks Start Filling","EN657"
"1183","2020-10-13 14:15:00+00:00","Fluorometers on underway impeller","other","","",41.4019,-71.3641,"stop then restart flow to fluorometers to clean them 1415-1433z","EN657"
"1184","2020-10-13 14:18:30+00:00","IFCB continuous","start","","",41.3979,-71.3536,"","EN657"
"1185","2020-10-13 14:19:10+00:00","Attune Flow Cytometer","start","","",41.3968,-71.351,"","EN657"
"1186","2020-10-13 17:53:55+00:00","CTD911","deploy","","1",41.203,-70.8788,"","EN657"
"1187","2020-10-13 18:33:01+00:00","Bongo Net","deploy","L01","B01",41.2033,-70.8644,"","EN657"
"1188","2020-10-13 18:38:01+00:00","Bongo Net","recover","L01","B01",41.2034,-70.8621,"","EN657"
"1189","2020-10-13 18:41:01+00:00","Incubation C13","start","L1","001",41.2035,-70.8608,"","EN657"
"1190","2020-10-13 19:15:01+00:00","Incubation Grazing Microplastics","start","L1","001",41.1868,-70.8567,"","EN657"
"1191","2020-10-13 19:15:01+00:00","Incubation Grazing","start","L1","001",41.1868,-70.8567,"","EN657"
"1192","2020-10-13 19:16:36+00:00","Sting Ray","deploy towed","L1","001",41.186,-70.8567,"","EN657"
"1193","2020-10-13 22:44:09+00:00","Sting Ray","recover","L2.5","001",40.9493,-70.8755,"","EN657"
"1194","2020-10-14 00:08:15+00:00","CTD911","deploy","","2",40.8612,-70.8798,"","EN657"
"1195","2020-10-14 00:40:01+00:00","Bongo Net","deploy","L03","B02",40.8553,-70.8755,"","EN657"
"1196","2020-10-14 00:48:01+00:00","Bongo Net","recover","L03","B02",40.8518,-70.8743,"","EN657"
"1197","2020-10-14 08:28:00+00:00","Underway Science seawater diaphragm pump","TOI discrete","u2b","",41.0307,-70.6598,"bottle 570","EN657"
"1198","2020-10-14 09:10:43+00:00","CTD911","deploy","","3",41.0301,-70.7728,"","EN657"
"1199","2020-10-14 09:50:00+00:00","Underway Science seawater diaphragm pump","TOI discrete","L2u2a","",41.0299,-70.827,"Bottle 567","EN657"
"1200","2020-10-14 09:52:00+00:00","Underway Science seawater impeller","chl discrete","","",41.03,-70.8338,"","EN657"
"1201","2020-10-14 10:05:01+00:00","Underway Science seawater diaphragm pump","TOI discrete","L2 ","",41.0302,-70.8825,"bottle 587","EN657"
"1202","2020-10-14 10:20:01+00:00","Underway Science seawater diaphragm pump","TOI discrete","L2d2a","",41.0299,-70.9345,"bottle 564","EN657"
"1203","2020-10-14 10:28:00+00:00","Underway Science seawater impeller","chl discrete","","",41.0298,-70.959,"","EN657"
"1204","2020-10-14 10:47:10+00:00","CTD911","deploy","","4",41.0302,-70.9946,"","EN657"
"1205","2020-10-14 10:52:01+00:00","Underway Science seawater diaphragm pump","TOI discrete","d2a","",41.0307,-70.9963,"bottle 642","EN657"
"1206","2020-10-14 11:30:00+00:00","SUNAV2","sync time","","",41.0308,-71.0401,"2 sec slow after cast 4 before cast 5","EN657"
"1207","2020-10-14 11:45:01+00:00","Underway Science seawater diaphragm pump","TOI discrete","d2b","",41.0305,-71.0966,"bottle 681","EN657"
"1208","2020-10-14 13:03:57+00:00","CTD911","deploy","","5",41.0294,-70.8839,"","EN657"
"1209","2020-10-14 13:25:00+00:00","Underway Science seawater diaphragm pump","TOI discrete","L2 ","underway",41.0293,-70.8845,"bottle 774 duplicate","EN657"
"1210","2020-10-14 13:28:00+00:00","Underway Science seawater diaphragm pump","TOI discrete","L2 ","underway",41.0294,-70.8847,"bottle 571 duplicate","EN657"
"1211","2020-10-14 13:39:00+00:00","Bongo Net","deploy","L02","B05",41.03,-70.8878,"","EN657"
"1212","2020-10-14 13:46:00+00:00","Bongo Net","recover","L02","B05",41.0306,-70.8912,"","EN657"
"1213","2020-10-14 13:50:00+00:00","Incubation C13","start","L2","005",41.031,-70.8934,"","EN657"
"1214","2020-10-14 14:05:00+00:00","Incubation Grazing","start","L2","005",41.0303,-70.897,"","EN657"
"1215","2020-10-14 14:46:55+00:00","Sting Ray","deploy towed","L2.5","002",40.9492,-70.8883,"","EN657"
"1216","2020-10-14 14:59:00+00:00","Underway Science seawater impeller","chl discrete","","",40.9444,-70.8849,"","EN657"
"1217","2020-10-14 18:00:00+00:00","Sting Ray","recover","L4","002",40.6992,-70.8878,"","EN657"
"1218","2020-10-14 18:25:23+00:00","CTD911","deploy","","6",40.6969,-70.8879,"","EN657"
"1219","2020-10-14 18:40:00+00:00","Underway Science seawater diaphragm pump","DO discrete","L4","006",40.6959,-70.8929,"bottle 16 duplicate","EN657"
"1220","2020-10-14 18:42:00+00:00","Underway Science seawater diaphragm pump","DO discrete","L4","006",40.6958,-70.8935,"bottle 17 duplicate","EN657"
"1221","2020-10-14 18:59:45+00:00","Bongo Net","deploy","L04","B06",40.6949,-70.8996,"","EN657"
"1222","2020-10-14 19:09:00+00:00","Bongo Net","recover","L04","B06",40.6942,-70.9052,"","EN657"
"1223","2020-10-14 19:20:00+00:00","Incubation C13","start","L4","006",40.6942,-70.9106,"","EN657"
"1224","2020-10-14 19:25:00+00:00","Sting Ray","deploy towed","L4","003",40.6949,-70.9148,"","EN657"
"1225","2020-10-14 19:35:00+00:00","Incubation C13","stop","L1","001",40.6945,-70.9111,"","EN657"
"1226","2020-10-14 19:41:27+00:00","Incubation Grazing","start","L4","006",40.6859,-70.91,"","EN657"
"1227","2020-10-14 19:41:53+00:00","Incubation Grazing Microplastics","start","L4","006",40.6859,-70.91,"","EN657"
"1228","2020-10-14 20:20:00+00:00","Incubation Grazing","stop","L1","001",40.6454,-70.8864,"","EN657"
"1229","2020-10-14 22:02:12+00:00","Incubation Grazing Microplastics","stop","L1","001",40.5148,-70.8844,"","EN657"
"1230","2020-10-14 22:50:23+00:00","Sting Ray","recover","L5","003",40.492,-70.8913,"","EN657"
"1231","2020-10-14 23:14:01+00:00","CTD911","deploy","","7",40.5159,-70.8841,"","EN657"
"1232","2020-10-14 23:50:00+00:00","Bongo Net","deploy","L05","B07",40.514,-70.8883,"","EN657"
"1233","2020-10-15 00:02:00+00:00","Bongo Net","recover","L05","B07",40.5105,-70.8921,"","EN657"
"1234","2020-10-15 00:53:00+00:00","Underway Science seawater impeller","chl discrete","","",40.4699,-70.8821,"","EN657"
"1235","2020-10-15 01:14:00+00:00","Underway Science seawater impeller","chl discrete","","",40.412,-70.8829,"","EN657"
"1236","2020-10-15 01:30:00+00:00","Underway Science seawater diaphragm pump","TOI discrete","L6 pass","",40.3664,-70.8807,"bottle 327 underway sample","EN657"
"1237","2020-10-15 02:13:12+00:00","ADCP75","other","","",40.2379,-70.8841,"ADCPs (both) Stop recording Bottom Track from On to Off then Start recording again","EN657"
"1238","2020-10-15 02:13:12+00:00","ADCP300","other","","",40.2379,-70.8841,"ADCPs (both) Stop recording Bottom Track from On to Off then Start recording again","EN657"
"1239","2020-10-15 07:46:08+00:00","CTD911","deploy","","9",39.9347,-70.8783,"","EN657"
"1240","2020-10-15 08:42:00+00:00","Bongo Net","deploy","L10","B09",39.9308,-70.8775,"","EN657"
"1241","2020-10-15 08:57:11+00:00","Incubation C13","start","L10","009",39.9247,-70.8745,"","EN657"
"1242","2020-10-15 09:09:00+00:00","Bongo Net","recover","L10","B09",39.9204,-70.8732,"","EN657"
"1243","2020-10-15 09:25:59+00:00","Incubation Grazing","start","L10","009",39.9115,-70.8824,"","EN657"
"1244","2020-10-15 09:26:26+00:00","Incubation Grazing Microplastics","start","L10","009",39.9096,-70.8823,"","EN657"
"1245","2020-10-15 10:17:01+00:00","Underway Science seawater diaphragm pump","DO discrete","","L11",39.7725,-70.8808,"bottle 18 duplicate","EN657"
"1246","2020-10-15 10:18:01+00:00","Underway Science seawater diaphragm pump","DO discrete","","L11",39.7725,-70.8772,"bottle 19 duplicate","EN657"
"1247","2020-10-15 11:25:00+00:00","Underway Science seawater diaphragm pump","TOI discrete","u11b","",39.7717,-70.6646,"bottle 317","EN657"
"1248","2020-10-15 12:03:20+00:00","CTD911","deploy","","10",39.7719,-70.7761,"","EN657"
"1249","2020-10-15 12:59:00+00:00","Underway Science seawater diaphragm pump","TOI discrete","L11u11a","",39.7734,-70.8233,"bottle 305","EN657"
"1250","2020-10-15 13:12:01+00:00","Underway Science seawater diaphragm pump","TOI discrete","L11","",39.7732,-70.8765,"bottle 289","EN657"
"1251","2020-10-15 13:27:01+00:00","Underway Science seawater diaphragm pump","TOI discrete","L11d11a","",39.7727,-70.934,"bottle 107","EN657"
"1252","2020-10-15 13:42:01+00:00","Underway Science seawater diaphragm pump","TOI discrete","d11a","",39.7745,-70.9913,"bottle 106","EN657"
"1253","2020-10-15 13:51:32+00:00","CTD911","deploy","","11",39.7739,-70.9925,"","EN657"
"1254","2020-10-15 14:00:32+00:00","Incubation C13","stop","L2","005",39.7746,-70.9925,"","EN657"
"1255","2020-10-15 14:27:25+00:00","Incubation Grazing","stop","L2","005",39.7758,-70.9929,"","EN657"
"1256","2020-10-15 14:35:43+00:00","SUNAV2","sync time","","",39.7742,-71.0204,"0 sec off sync before C012","EN657"
"1257","2020-10-15 14:54:01+00:00","Underway Science seawater diaphragm pump","TOI discrete","d11b","",39.7738,-71.0937,"bottle 645","EN657"
"1258","2020-10-15 16:14:22+00:00","CTD911","deploy","","12",39.7725,-70.8823,"","EN657"
"1259","2020-10-15 16:52:01+00:00","Underway Science seawater diaphragm pump","TOI discrete","L11","",39.7688,-70.8767,"bottle 212 underway duplicate","EN657"
"1260","2020-10-15 16:54:01+00:00","Underway Science seawater diaphragm pump","TOI discrete","L11","",39.7686,-70.8763,"bottle 225 underway duplicate","EN657"
"1261","2020-10-15 17:08:00+00:00","Bongo Net","deploy","L11","B12",39.7671,-70.8742,"","EN657"
"1262","2020-10-15 17:33:00+00:00","Bongo Net","recover","L11","B12",39.7584,-70.8679,"","EN657"
"1263","2020-10-15 17:47:00+00:00","Incubation C13","start","L11","012",39.7534,-70.8665,"","EN657"
"1264","2020-10-15 18:16:54+00:00","RMT10 Midwater Trawl (Tucker-style)","deploy","L11","",39.7724,-70.8834,"","EN657"
"1265","2020-10-15 18:25:42+00:00","Incubation Grazing","start","L11","012",39.7693,-70.883,"","EN657"
"1266","2020-10-15 19:01:01+00:00","RMT10 Midwater Trawl (Tucker-style)","other","L11","",39.7582,-70.882,"net at max depth","EN657"
"1267","2020-10-15 19:20:01+00:00","Incubation C13","stop","L4","006",39.7527,-70.882,"","EN657"
"1268","2020-10-15 19:33:06+00:00","Other","other","","",39.7482,-70.8821,"Group Photo","EN657"
"1269","2020-10-15 20:14:26+00:00","Incubation Grazing","stop","L4","006",39.7344,-70.8835,"","EN657"
"1270","2020-10-15 21:00:16+00:00","RMT10 Midwater Trawl (Tucker-style)","other","","01",39.7167,-70.8881,"begin recovering","EN657"
"1271","2020-10-15 21:02:31+00:00","Incubation Grazing Microplastics","stop","L4","006",39.7158,-70.8882,"","EN657"
"1272","2020-10-15 22:22:00+00:00","Underway Science seawater impeller","chl discrete","","",39.6877,-70.8876,"","EN657"
"1273","2020-10-15 22:35:20+00:00","RMT10 Midwater Trawl (Tucker-style)","recover","L11","",39.6873,-70.8878,"","EN657"
"1274","2020-10-15 23:20:22+00:00","Sting Ray","deploy towed","L11","004",39.7732,-70.8822,"","EN657"
"1275","2020-10-16 01:01:10+00:00","Sting Ray","recover","L11","",39.7642,-70.8845,"","EN657"
"1276","2020-10-16 02:42:36+00:00","CTD911","deploy","","13",39.9379,-70.7717,"","EN657"
"1277","2020-10-16 04:12:00+00:00","Underway Science seawater diaphragm pump","TOI discrete","L10","",39.9396,-70.8726,"bottle 263 underway pass","EN657"
"1278","2020-10-16 04:14:00+00:00","Underway Science seawater diaphragm pump","DO discrete","L10","",39.9392,-70.8764,"bottle 20 duplicate","EN657"
"1279","2020-10-16 04:16:01+00:00","Underway Science seawater diaphragm pump","DO discrete","L10","",39.9387,-70.8793,"bottle 21 duplicate","EN657"
"1280","2020-10-16 04:30:24+00:00","Sting Ray","deploy towed","L10","005",39.9319,-70.8811,"","EN657"
"1281","2020-10-16 07:29:20+00:00","Sting Ray","recover","L11","",39.7571,-70.8882,"","EN657"
"1282","2020-10-16 09:41:31+00:00","Incubation C13","stop","L10","009",40.103,-70.8832,"","EN657"
"1283","2020-10-16 09:41:51+00:00","CTD911","deploy","","14",40.103,-70.8832,"","EN657"
"1284","2020-10-16 10:14:01+00:00","Bongo Net","deploy","L09","B14",40.1009,-70.8804,"","EN657"
"1285","2020-10-16 10:30:00+00:00","Bongo Net","recover","L09","B14",40.0973,-70.8746,"","EN657"
"1286","2020-10-16 10:44:01+00:00","Incubation Grazing","stop","L10","009",40.1012,-70.8608,"","EN657"
"1287","2020-10-16 11:35:46+00:00","CTD911","deploy","","15",40.1328,-70.7731,"","EN657"
"1288","2020-10-16 11:59:46+00:00","Underway Science seawater diaphragm pump","TOI discrete","L8","015",40.1296,-70.7685,"bottle 140 underway duplicate","EN657"
"1289","2020-10-16 11:59:46+00:00","Underway Science seawater diaphragm pump","TOI discrete","L8","015",40.1296,-70.7685,"bottle 179 underway duplicate","EN657"
"1290","2020-10-16 12:15:00+00:00","Bongo Net","deploy","L08","B15",40.128,-70.7654,"","EN657"
"1291","2020-10-16 12:32:00+00:00","Bongo Net","recover","L08","B15",40.1208,-70.7581,"","EN657"
"1292","2020-10-16 12:42:36+00:00","Incubation C13","start","L8","015",40.1187,-70.7549,"","EN657"
"1293","2020-10-16 12:42:46+00:00","Incubation Grazing Microplastics","stop","L10","009",40.1187,-70.7549,"","EN657"
"1294","2020-10-16 12:50:48+00:00","Incubation Grazing","start","L8","015",40.1198,-70.7536,"","EN657"
"1295","2020-10-16 13:15:00+00:00","Underway Science seawater impeller","chl discrete","","",40.0832,-70.7927,"","EN657"
"1296","2020-10-16 14:14:00+00:00","Underway Science seawater impeller","chl discrete","","",39.9378,-70.8826,"","EN657"
"1297","2020-10-16 14:23:31+00:00","Sting Ray","deploy towed","L10","006",39.933,-70.8814,"","EN657"
"1298","2020-10-16 16:27:46+00:00","Underway Science seawater diaphragm pump","TOI discrete","L9","",40.0968,-70.8839,"bottle 182 L9 pass","EN657"
"1299","2020-10-16 17:49:00+00:00","SUNAV2","sync time","","",40.2116,-70.883,"2 sect slow after C15 before C16","EN657"
"1300","2020-10-16 17:57:00+00:00","Underway Science seawater diaphragm pump","TOI discrete","L7","",40.2228,-70.8832,"bottle 380 L7 pass","EN657"
"1301","2020-10-16 17:59:00+00:00","Underway Science seawater impeller","chl discrete","","",40.2255,-70.8832,"","EN657"
"1302","2020-10-16 18:07:00+00:00","Underway Science seawater diaphragm pump","DO discrete","L7","",40.2364,-70.8834,"bottle 31 duplicate pass","EN657"
"1303","2020-10-16 18:10:01+00:00","Underway Science seawater diaphragm pump","DO discrete","L7","",40.2419,-70.8834,"bottle 32 duplicate pass","EN657"
"1304","2020-10-16 18:16:31+00:00","Incubation C13","stop","L11","012",40.2502,-70.8835,"","EN657"
"1305","2020-10-16 18:43:05+00:00","Incubation Grazing","stop","L11","012",40.2875,-70.8839,"","EN657"
"1306","2020-10-16 19:39:00+00:00","Underway Science seawater diaphragm pump","TOI discrete","L6 pass","",40.3571,-70.8884,"bottle 378","EN657"
"1307","2020-10-16 19:45:00+00:00","Sting Ray","recover","L6","006",40.3622,-70.8896,"","EN657"
"1308","2020-10-16 21:40:28+00:00","Other","end","u6b","",40.3597,-70.6584,"OOI glider recovery","EN657"
"1309","2020-10-16 21:57:00+00:00","Underway Science seawater diaphragm pump","TOI discrete","u6b","",40.3614,-70.6615,"bottle 350","EN657"
"1310","2020-10-16 22:44:51+00:00","CTD911","deploy","","16",40.3659,-70.7769,"","EN657"
"1311","2020-10-16 22:47:00+00:00","Underway Science seawater impeller","chl discrete","","",40.3659,-70.7766,"","EN657"
"1312","2020-10-16 23:20:00+00:00","Underway Science seawater diaphragm pump","TOI discrete","L6u6a","",40.3632,-70.8186,"bottle 349","EN657"
"1313","2020-10-16 23:24:00+00:00","Underway Science seawater impeller","chl discrete","","",40.363,-70.8334,"","EN657"
"1314","2020-10-16 23:49:38+00:00","CTD911","deploy","","17",40.3586,-70.8871,"","EN657"
"1315","2020-10-17 00:49:14+00:00","Incubation C13","start","L6","017",40.3698,-70.8961,"","EN657"
"1316","2020-10-17 00:54:19+00:00","Incubation Grazing","start","L6","017",40.3705,-70.8952,"","EN657"
"1317","2020-10-17 01:15:00+00:00","Bongo Net","deploy","L6","B17",40.3733,-70.8941,"","EN657"
"1318","2020-10-17 01:26:00+00:00","Bongo Net","recover","L6","B17",40.3767,-70.8983,"","EN657"
"1319","2020-10-17 01:53:01+00:00","Underway Science seawater diaphragm pump","TOI discrete","L6d6a","",40.3638,-70.933,"bottle 347","EN657"
"1320","2020-10-17 02:24:16+00:00","CTD911","deploy","","18",40.3623,-70.9901,"","EN657"
"1321","2020-10-17 02:27:00+00:00","Underway Science seawater impeller","chl discrete","","",40.362,-70.99,"","EN657"
"1322","2020-10-17 02:30:01+00:00","Underway Science seawater diaphragm pump","TOI discrete","d6a","",40.3614,-70.9897,"bottle 343","EN657"
"1323","2020-10-17 03:19:00+00:00","Underway Science seawater diaphragm pump","TOI discrete","d6b","",40.3641,-71.0966,"bottle 337","EN657"
"1324","2020-10-17 05:35:07+00:00","CTD911","deploy","","19",40.224,-70.874,"","EN657"
"1325","2020-10-17 06:18:00+00:00","Bongo Net","deploy","L7","B19",40.2225,-70.8578,"","EN657"
"1326","2020-10-17 06:28:00+00:00","Bongo Net","recover","L7","B19",40.222,-70.8525,"","EN657"
"1327","2020-10-17 11:10:04+00:00","Underway Science seawater diaphragm pump","IFCB discrete","","UW1",40.567,-70.9811,"run on both IFCB109 and IFCB101 FCM also taken","EN657"
"1328","2020-10-17 13:17:16+00:00","Incubation C13","stop","L8","015",40.7007,-71.019,"","EN657"
"1329","2020-10-17 13:17:46+00:00","Incubation Grazing","stop","L8","015",40.7007,-71.019,"","EN657"
"1330","2020-10-17 15:30:00+00:00","Underway Science seawater diaphragm pump","TOI discrete","L3 pass","",40.8637,-70.8844,"bottle 254 duplicate","EN657"
"1331","2020-10-17 15:31:00+00:00","Underway Science seawater diaphragm pump","TOI discrete","L3 pass","",40.8649,-70.8833,"bottle 361 duplicate","EN657"
"1332","2020-10-17 15:32:00+00:00","Underway Science seawater diaphragm pump","DO discrete","L3 pass","",40.866,-70.8829,"bottle 33 duplicate","EN657"
"1333","2020-10-17 15:33:00+00:00","Underway Science seawater diaphragm pump","DO discrete","L3 pass","",40.867,-70.8832,"bottle 34 duplicate","EN657"
"1334","2020-10-17 16:31:00+00:00","Underway Science seawater impeller","chl discrete","","",40.9837,-70.8827,"","EN657"
"1335","2020-10-17 16:48:00+00:00","Underway Science seawater diaphragm pump","DO discrete","L2 pass","",41.0201,-70.8808,"bottle 35 duplicate","EN657"
"1336","2020-10-17 16:49:00+00:00","Underway Science seawater diaphragm pump","DO discrete","L2 pass","",41.0222,-70.8808,"bottle 36 duplicate","EN657"
"1337","2020-10-17 16:50:00+00:00","Underway Science seawater diaphragm pump","TOI discrete","L2 pass","",41.0243,-70.8807,"bottle 200 duplicate","EN657"
"1338","2020-10-17 16:51:00+00:00","Underway Science seawater diaphragm pump","TOI discrete","L2 pass","",41.0263,-70.8806,"bottle 257 duplicate","EN657"
"1339","2020-10-17 17:22:49+00:00","ADCP75","other","L2-L1.5","",41.0956,-70.8833,"	ADCPs (both) Stop recording Bottom Track from Off to On then Start recording again ","EN657"
"1340","2020-10-17 17:22:49+00:00","ADCP300","other","L2-L1.5","",41.0956,-70.8833,"	ADCPs (both) Stop recording Bottom Track from Off to On then Start recording again ","EN657"
"1341","2020-10-17 18:10:00+00:00","Underway Science seawater diaphragm pump","TOI discrete","L1 pass","",41.202,-70.8817,"bottle 167 duplicate","EN657"
"1342","2020-10-17 18:11:00+00:00","Underway Science seawater diaphragm pump","TOI discrete","L1 pass","",41.2038,-70.8802,"bottle 199 duplicate","EN657"
"1343","2020-10-17 19:33:45+00:00","Sting Ray","deploy towed","L1","007",41.2061,-70.8796,"","EN657"
"1344","2020-10-17 20:39:00+00:00","Underway Science seawater impeller","chl discrete","","",41.1221,-70.8833,"","EN657"
"1345","2020-10-17 21:32:00+00:00","Underway Science seawater impeller","chl discrete","","",41.0509,-70.8854,"","EN657"
"1346","2020-10-17 22:10:36+00:00","SUNAV2","sync time","","",40.9995,-70.8857,"just under 2 sec slow before C20","EN657"
"1347","2020-10-17 22:50:36+00:00","Sting Ray","recover","L2.25","007",40.9989,-70.8849,"","EN657"
"1348","2020-10-17 22:56:00+00:00","Underway Science seawater impeller","chl discrete","","",41.0134,-70.8842,"","EN657"
"1349","2020-10-17 22:59:45+00:00","Underway Science seawater diaphragm pump","TOI discrete","L2 pass again","",41.025,-70.8838,"bottle 419 duplicate","EN657"
"1350","2020-10-17 23:02:45+00:00","Underway Science seawater diaphragm pump","TOI discrete","L2 pass again","",41.0337,-70.8838,"bottle 401 duplicate","EN657"
"1351","2020-10-17 23:57:45+00:00","Underway Science seawater diaphragm pump","TOI discrete","L1 pass again","",41.1964,-70.8834,"bottle 397 duplicate","EN657"
"1352","2020-10-17 23:58:45+00:00","Underway Science seawater diaphragm pump","TOI discrete","L1 pass again","",41.1992,-70.8847,"bottle 231 duplicate","EN657"
"1353","2020-10-18 00:13:00+00:00","Underway Science seawater impeller","chl discrete","","",41.2029,-70.8365,"","EN657"
"1354","2020-10-18 00:32:00+00:00","Incubation C13","stop","L6","",41.2021,-70.764,"","EN657"
"1355","2020-10-18 00:56:37+00:00","Incubation Grazing","stop","L6","017",41.2487,-70.6888,"","EN657"
"1356","2020-10-18 01:45:05+00:00","CTD911","deploy","","20",41.3205,-70.5779,"","EN657"
"1357","2020-10-18 02:07:00+00:00","Bongo Net","deploy","MVCO","B20",41.322,-70.5788,"","EN657"
"1358","2020-10-18 02:08:00+00:00","Underway Science seawater impeller","chl discrete","","",41.3218,-70.5792,"","EN657"
"1359","2020-10-18 02:11:00+00:00","Bongo Net","recover","MVCO","B20",41.3212,-70.5803,"","EN657"
"1360","2020-10-18 04:11:00+00:00","Underway Science seawater impeller","chl discrete","","",41.2341,-70.6935,"","EN657"
"1361","2020-10-18 04:32:00+00:00","Underway Science seawater impeller","chl discrete","","",41.2129,-70.7213,"","EN657"
"1362","2020-10-18 05:03:54+00:00","Other","end","","",41.1916,-70.7717,"HOBO temperature light sensors","EN657"
"1363","2020-10-18 05:04:41+00:00","Other","end","","",41.1915,-70.7736,"Incubation Tanks Start Filling","EN657"
"1364","2020-10-18 08:47:48+00:00","SUNAV2","sync time","","",41.32,-71.1484,"1 sec slow after C20 end of cruise","EN657"
"1365","2020-10-18 10:21:06+00:00","Attune Flow Cytometer","stop","","",41.395,-71.2977,"","EN657"
"1366","2020-10-18 10:21:27+00:00","IFCB continuous","stop","","",41.395,-71.2977,"","EN657"
"1367","2020-10-18 10:48:03+00:00","EIMS","stop","WAIT waypoint","",41.3979,-71.3012,"","EN657"
"1368","2020-10-18 11:43:00+00:00","Thermosalinographs on underway impeller","stop","","",41.409,-71.3358,"SBE21 thermosalinograph stopped and both WETStar and ECO fluorometers are connected to SBE21","EN657"
"1369","2020-10-18 11:43:00+00:00","Fluorometers on underway impeller","stop","","",41.409,-71.3358,"SBE21 thermosalinograph stopped and both WETStar and ECO fluorometers are connected to SBE21","EN657"
"1370","2020-10-18 11:43:15+00:00","Thermosalinographs on underway impeller","stop","","",41.4097,-71.3384,"SBE45 continuously running and pumps stopped","EN657"
"1371","2020-10-18 11:45:00+00:00","Underway Science seawater diaphragm pump","stop","","",41.4103,-71.341,"Pump (motor-driven diaphragm pump) off and water valves closed to that flow through system","EN657"
"1372","2020-10-18 11:45:00+00:00","Underway Science seawater impeller","stop","","",41.4103,-71.341,"Pump (magnetic impeller pump) off and water valves closed to flow through system","EN657"
"1373","2020-10-18 12:30:56+00:00","UHDAS for both ADCPs","stop","","",41.4721,-71.4083,"","EN657"
"1374","2020-10-18 12:32:04+00:00","ADCP300","stop","","",41.4775,-71.4081,"","EN657"
"1375","2020-10-18 12:32:25+00:00","ADCP75","stop","","",41.4775,-71.4081,"","EN657"
"1376","2020-10-18 13:15:00+00:00","Ship","endCruise","","",41.4922,-71.4187,"Lines over to dock at GSO Narragansett Rhode Island","EN657"
"1377","2020-10-18 13:17:00+00:00","Echosounder12","stop","","",41.4922,-71.4187,"Stop 12 KHz after arriving at GSO dock","EN657"
"1378","2020-10-18 13:32:58+00:00","Ship","endCruise","","",41.4922,-71.4188,"Ship at the dock. Switch power from ship to shore.","EN657"
"1379","2020-10-18 13:38:10+00:00","MeteorologicalSensor","other","","",41.4922,-71.4187,"Met sensors remain running and logging as usual","EN657"
"1380","2021-02-03 14:36:12+00:00","MeteorologicalSensor","start","","",41.4922,-71.4187,"Met sensors remain running and logging as usual","EN661"
"1381","2021-02-03 14:36:54+00:00","Echosounder12","start","","",41.4922,-71.4187,"Start 12 KHz before leaving dock","EN661"
"1382","2021-02-03 14:41:48+00:00","Other","start","","",41.4922,-71.4187,"hobo loggers start","EN661"
"1383","2021-02-03 15:11:20+00:00","Ship","startCruise","","",41.4885,-71.4103,"Gangway removed - from ship to dock","EN661"
"1384","2021-02-03 15:56:00+00:00","UHDAS for both ADCPs","start","","",41.4141,-71.3837,"","EN661"
"1385","2021-02-03 15:56:12+00:00","ADCP300","start","","",41.4127,-71.3806,"","EN661"
"1386","2021-02-03 15:56:12+00:00","ADCP75","start","","",41.4127,-71.3806,"","EN661"
"1387","2021-02-03 16:20:20+00:00","Underway Science seawater impeller","start","","",41.3799,-71.3047,"","EN661"
"1388","2021-02-03 16:22:13+00:00","Thermosalinographs on underway impeller","start","","",41.3771,-71.298,"","EN661"
"1389","2021-02-03 16:22:39+00:00","Fluorometers on underway impeller","start","","",41.3771,-71.298,"","EN661"
"1390","2021-02-03 16:39:24+00:00","Underway Science seawater diaphragm pump","start","","",41.3539,-71.2409,"","EN661"
"1391","2021-02-03 16:47:00+00:00","Underway Science seawater impeller","chl discrete","","",41.3445,-71.2174,"","EN661"
"1392","2021-02-03 17:14:45+00:00","EIMS","start","","",41.3068,-71.1225,"","EN661"
"1393","2021-02-03 17:16:00+00:00","IFCB continuous","start","","",41.3055,-71.119,"Two IFCB on underway","EN661"
"1394","2021-02-03 17:30:00+00:00","Attune Flow Cytometer","start","","",41.2858,-71.0723,"","EN661"
"1395","2021-02-03 18:52:45+00:00","CTD911","deploy","","1",41.1993,-70.8809,"","EN661"
"1396","2021-02-03 19:31:00+00:00","Bongo Net","deploy","L1","001",41.2022,-70.8788,"","EN661"
"1397","2021-02-03 19:36:00+00:00","Bongo Net","recover","L1","001",41.2003,-70.8768,"","EN661"
"1398","2021-02-03 19:45:00+00:00","Incubation C13","start","L1","",41.1971,-70.8732,"","EN661"
"1399","2021-02-03 20:03:28+00:00","Sting Ray","deploy towed","L1","001",41.1852,-70.8697,"","EN661"
"1400","2021-02-03 20:06:00+00:00","Incubation Grazing Microplastics","start","L1","001",41.1844,-70.8692,"","EN661"
"1401","2021-02-03 20:06:00+00:00","Incubation Grazing","start","L1","001",41.1844,-70.8692,"","EN661"
"1402","2021-02-03 20:42:33+00:00","Echosounder12","other","","",41.1447,-70.8828,"12 KHz echosounder turned itself off and was turned back on 2042-2059z","EN661"
"1403","2021-02-04 00:08:47+00:00","Underway Science seawater impeller","chl discrete","","",40.8577,-70.884,"","EN661"
"1404","2021-02-04 00:25:45+00:00","Sting Ray","recover","L3","001",40.8595,-70.8785,"","EN661"
"1405","2021-02-04 01:50:03+00:00","CTD911","deploy","","2",41.0298,-70.8875,"","EN661"
"1406","2021-02-04 02:05:36+00:00","Underway Science seawater diaphragm pump","TOI discrete","","",41.031,-70.889,"","EN661"
"1407","2021-02-04 02:07:00+00:00","Underway Science seawater diaphragm pump","TOI discrete","","",41.0311,-70.8891,"","EN661"
"1408","2021-02-04 02:24:00+00:00","Bongo Net","deploy","L2","002",41.0328,-70.8921,"","EN661"
"1409","2021-02-04 02:36:00+00:00","Bongo Net","recover","L2","002",41.0354,-70.9001,"","EN661"
"1410","2021-02-04 02:38:00+00:00","Incubation C13","start","L2","002",41.0359,-70.9015,"","EN661"
"1411","2021-02-04 02:57:28+00:00","Incubation Grazing","start","L2","002",41.0362,-70.8972,"","EN661"
"1412","2021-02-04 08:06:00+00:00","Underway Science seawater diaphragm pump","TOI discrete","","",40.6968,-70.6545,"","EN661"
"1413","2021-02-04 08:26:00+00:00","Underway Science seawater diaphragm pump","TOI discrete","","",40.6962,-70.7203,"","EN661"
"1414","2021-02-04 08:53:09+00:00","CTD911","deploy","","3",40.6976,-70.7734,"","EN661"
"1415","2021-02-04 09:38:00+00:00","Underway Science seawater diaphragm pump","TOI discrete","","",40.6972,-70.8261,"","EN661"
"1416","2021-02-04 09:55:00+00:00","Underway Science seawater diaphragm pump","TOI discrete","","",40.6967,-70.8805,"","EN661"
"1417","2021-02-04 10:13:00+00:00","Underway Science seawater diaphragm pump","TOI discrete","","",40.6958,-70.9385,"","EN661"
"1418","2021-02-04 10:36:39+00:00","CTD911","deploy","","4",40.6971,-70.9925,"","EN661"
"1419","2021-02-04 11:03:00+00:00","Underway Science seawater impeller","chl discrete","","",40.6999,-70.9988,"","EN661"
"1420","2021-02-04 11:41:00+00:00","Underway Science seawater diaphragm pump","TOI discrete","","",40.6966,-71.0974,"","EN661"
"1421","2021-02-04 12:57:30+00:00","CTD911","deploy","","5",40.6973,-70.8834,"","EN661"
"1422","2021-02-04 13:12:00+00:00","Underway Science seawater diaphragm pump","TOI discrete","","",40.6964,-70.8876,"","EN661"
"1423","2021-02-04 13:14:00+00:00","Underway Science seawater diaphragm pump","TOI discrete","","",40.6963,-70.8881,"","EN661"
"1424","2021-02-04 13:24:00+00:00","Bongo Net","deploy","L4","005",40.6968,-70.89,"","EN661"
"1425","2021-02-04 13:42:00+00:00","Bongo Net","recover","L4","005",40.6983,-70.9009,"","EN661"
"1426","2021-02-04 13:48:00+00:00","Incubation C13","start","L4","",40.6991,-70.903,"","EN661"
"1427","2021-02-04 13:57:53+00:00","Incubation Grazing Microplastics","start","L4","",40.7016,-70.9061,"","EN661"
"1428","2021-02-04 13:58:07+00:00","Incubation Grazing","start","L4","",40.7018,-70.9062,"","EN661"
"1429","2021-02-04 15:46:44+00:00","CTD911","deploy","","6",40.5125,-70.8844,"","EN661"
"1430","2021-02-04 16:10:00+00:00","Bongo Net","deploy","L5","006",40.5146,-70.8933,"","EN661"
"1431","2021-02-04 16:30:00+00:00","Bongo Net","recover","L5","006",40.5198,-70.904,"","EN661"
"1432","2021-02-04 16:40:00+00:00","Underway Science seawater diaphragm pump","DO discrete","","",40.52,-70.9065,"","EN661"
"1433","2021-02-04 16:44:00+00:00","Underway Science seawater diaphragm pump","TOI discrete","","",40.5181,-70.9023,"","EN661"
"1434","2021-02-04 17:12:30+00:00","Sting Ray","deploy towed","L5","002",40.5175,-70.8902,"","EN661"
"1435","2021-02-04 18:53:00+00:00","Underway Science seawater diaphragm pump","TOI discrete","","",40.3985,-70.8838,"","EN661"
"1436","2021-02-04 19:17:44+00:00","Incubation C13","stop","L1","",40.365,-70.8773,"","EN661"
"1437","2021-02-04 20:03:56+00:00","Incubation Grazing","stop","L1","",40.3034,-70.8825,"","EN661"
"1438","2021-02-04 20:04:32+00:00","Incubation Grazing Microplastics","stop","L1","",40.3021,-70.8826,"","EN661"
"1439","2021-02-04 21:07:23+00:00","Underway Science seawater diaphragm pump","TOI discrete","","",40.2199,-70.884,"","EN661"
"1440","2021-02-04 23:24:00+00:00","Underway Science seawater impeller","chl discrete","","",40.0345,-70.8853,"","EN661"
"1441","2021-02-04 23:55:00+00:00","Sting Ray","recover","L9.5","002",40.0081,-70.8926,"","EN661"
"1442","2021-02-05 00:48:20+00:00","CTD911","deploy","","7",39.9405,-70.8903,"","EN661"
"1443","2021-02-05 01:50:00+00:00","Bongo Net","deploy","L10","007",39.9396,-70.8898,"","EN661"
"1444","2021-02-05 01:53:50+00:00","Incubation C13","stop","L2","",39.9393,-70.8929,"","EN661"
"1445","2021-02-05 02:28:00+00:00","Bongo Net","recover","L10","007",39.94,-70.9169,"","EN661"
"1446","2021-02-05 02:39:00+00:00","Incubation Grazing","stop","L2","",39.9404,-70.9189,"","EN661"
"1447","2021-02-05 08:10:33+00:00","Underway Science seawater diaphragm pump","TOI discrete","","",39.7726,-70.6722,"","EN661"
"1448","2021-02-05 08:24:52+00:00","Underway Science seawater diaphragm pump","TOI discrete","","",39.7736,-70.7218,"","EN661"
"1449","2021-02-05 08:47:51+00:00","CTD911","deploy","","8",39.7731,-70.7746,"","EN661"
"1450","2021-02-05 09:15:00+00:00","Fluorometers on underway impeller","other","L11","",39.7691,-70.7723,"clean WETStar Fluorometer on SBE21 impeller pump sci sw system near end of CTD cast EN661_008.. Value seemed high compared to CTD and TSal ECOFluors. It seemed clean though.","EN661"
"1451","2021-02-05 09:50:49+00:00","Underway Science seawater diaphragm pump","TOI discrete","","",39.7726,-70.833,"","EN661"
"1452","2021-02-05 09:51:00+00:00","Underway Science seawater impeller","chl discrete","","",39.7726,-70.833,"","EN661"
"1453","2021-02-05 10:21:18+00:00","Underway Science seawater diaphragm pump","TOI discrete","","",39.7736,-70.943,"","EN661"
"1454","2021-02-05 10:25:00+00:00","Underway Science seawater impeller","chl discrete","","",39.7738,-70.954,"","EN661"
"1455","2021-02-05 10:41:25+00:00","CTD911","deploy","","9",39.7743,-70.9918,"","EN661"
"1456","2021-02-05 11:59:17+00:00","Underway Science seawater diaphragm pump","TOI discrete","","",39.7714,-71.1033,"","EN661"
"1457","2021-02-05 13:08:01+00:00","CTD911","deploy","","10",39.7725,-70.8816,"","EN661"
"1458","2021-02-05 13:46:46+00:00","Underway Science seawater diaphragm pump","TOI discrete","","",39.7705,-70.8726,"","EN661"
"1459","2021-02-05 13:48:06+00:00","Underway Science seawater diaphragm pump","TOI discrete","","",39.7704,-70.8723,"","EN661"
"1460","2021-02-05 13:55:00+00:00","Bongo Net","deploy","L11","010",39.7692,-70.8712,"","EN661"
"1461","2021-02-05 14:14:17+00:00","Incubation C13","start","L11","",39.7632,-70.8691,"","EN661"
"1462","2021-02-05 14:33:00+00:00","Bongo Net","recover","L11","010",39.7574,-70.8677,"The cod end on the 335um mesh net broke as it hit the side of the ship during recovery.","EN661"
"1463","2021-02-05 14:43:44+00:00","Incubation Grazing","start","L11","",39.754,-70.8675,"","EN661"
"1464","2021-02-05 15:11:04+00:00","RMT10 Midwater Trawl (Tucker-style)","deploy","L11","001",39.7684,-70.8858,"","EN661"
"1465","2021-02-05 15:11:23+00:00","Incubation C13","stop","L4","",39.7684,-70.8858,"","EN661"
"1466","2021-02-05 15:26:33+00:00","RMT10 Midwater Trawl (Tucker-style)","recover","L11","001",39.7693,-70.8912,"","EN661"
"1467","2021-02-05 15:27:30+00:00","RMT10 Midwater Trawl (Tucker-style)","deploy","L11","002",39.7693,-70.8917,"added bar weights and redeployed after mistake on 001","EN661"
"1468","2021-02-05 16:05:35+00:00","Incubation Grazing Microplastics","stop","L4","",39.7698,-70.9097,"","EN661"
"1469","2021-02-05 16:05:55+00:00","Incubation Grazing","stop","L4","",39.7698,-70.9097,"","EN661"
"1470","2021-02-05 16:14:20+00:00","RMT10 Midwater Trawl (Tucker-style)","other","L11","002",39.7702,-70.9141,"hold at wire 1376 m","EN661"
"1471","2021-02-05 16:16:00+00:00","RMT10 Midwater Trawl (Tucker-style)","other","L11","002",39.7703,-70.9146,"start hauling back from max depth at 15-20 m/min, ~35 wire angle, 1370m wire out.","EN661"
"1472","2021-02-05 16:33:30+00:00","Underway Science seawater diaphragm pump","DO discrete","","",39.7712,-70.9231,"","EN661"
"1473","2021-02-05 16:35:01+00:00","Underway Science seawater diaphragm pump","DO discrete","","",39.7713,-70.9242,"","EN661"
"1474","2021-02-05 16:37:24+00:00","Underway Science seawater diaphragm pump","DO discrete","","",39.7716,-70.9253,"","EN661"
"1475","2021-02-05 17:29:00+00:00","Underway Science seawater impeller","chl discrete","","",39.774,-70.9561,"","EN661"
"1476","2021-02-05 17:40:00+00:00","RMT10 Midwater Trawl (Tucker-style)","recover","L11","",39.7729,-70.961,"","EN661"
"1477","2021-02-05 18:31:05+00:00","Sting Ray","deploy towed","L11","003",39.7651,-70.9664,"","EN661"
"1478","2021-02-05 22:01:00+00:00","Underway Science seawater impeller","chl discrete","","",39.8762,-70.8832,"","EN661"
"1479","2021-02-05 23:18:00+00:00","Sting Ray","recover","L10","003",39.9353,-70.8959,"Time and station are not correct. Please edit with correct info","EN661"
"1480","2021-02-05 23:31:53+00:00","Underway Science seawater diaphragm pump","TOI discrete","","",39.9462,-70.9016,"","EN661"
"1481","2021-02-06 00:41:04+00:00","CTD911","deploy","","11",39.9336,-70.7753,"","EN661"
"1482","2021-02-06 01:59:00+00:00","Underway Science seawater impeller","chl discrete","","",39.935,-70.8369,"","EN661"
"1483","2021-02-06 08:30:46+00:00","Underway Science seawater diaphragm pump","TOI discrete","","",40.1013,-70.6425,"","EN661"
"1484","2021-02-06 08:56:22+00:00","Underway Science seawater diaphragm pump","TOI discrete","","",40.099,-70.7288,"","EN661"
"1485","2021-02-06 09:28:00+00:00","Underway Science seawater diaphragm pump","TOI discrete","","",40.0998,-70.7887,"","EN661"
"1486","2021-02-06 09:46:00+00:00","Underway Science seawater diaphragm pump","TOI discrete","","",40.1026,-70.8362,"","EN661"
"1487","2021-02-06 09:59:00+00:00","Underway Science seawater diaphragm pump","TOI discrete","","",40.1033,-70.872,"","EN661"
"1488","2021-02-06 10:54:22+00:00","Underway Science seawater diaphragm pump","TOI discrete","","",40.2227,-70.8923,"","EN661"
"1489","2021-02-06 12:02:48+00:00","Underway Science seawater diaphragm pump","TOI discrete","","",40.3539,-70.8922,"","EN661"
"1490","2021-02-06 13:09:55+00:00","Underway Science seawater diaphragm pump","TOI discrete","","",40.511,-70.8672,"","EN661"
"1491","2021-02-06 14:04:46+00:00","Incubation C13","stop","L11","",40.6475,-70.8866,"","EN661"
"1492","2021-02-06 14:05:11+00:00","Incubation Grazing","stop","L11","",40.65,-70.8871,"","EN661"
"1493","2021-02-06 14:23:54+00:00","Underway Science seawater diaphragm pump","TOI discrete","","",40.6962,-70.8842,"","EN661"
"1494","2021-02-06 15:36:00+00:00","Bongo Net","deploy","L3","012",40.8616,-70.8853,"","EN661"
"1495","2021-02-06 15:52:00+00:00","Bongo Net","recover","L3","012",40.8542,-70.8887,"","EN661"
"1496","2021-02-06 16:10:19+00:00","CTD911","deploy","","12",40.8635,-70.8825,"","EN661"
"1497","2021-02-06 16:43:55+00:00","Sting Ray","deploy towed","L3","004",40.8571,-70.8869,"","EN661"
"1498","2021-02-06 17:42:08+00:00","Incubation Grazing","start","L3","12",40.9197,-70.883,"","EN661"
"1499","2021-02-06 18:25:00+00:00","Underway Science seawater impeller","chl discrete","","",40.9766,-70.8807,"","EN661"
"1500","2021-02-06 19:03:03+00:00","Underway Science seawater diaphragm pump","TOI discrete","","",41.0298,-70.8812,"","EN661"
"1501","2021-02-06 21:12:12+00:00","Sting Ray","recover","L1.2","004",41.1647,-70.8932,"","EN661"
"1502","2021-02-06 21:19:21+00:00","CTD911","deploy","","13",41.1637,-70.8929,"","EN661"
"1503","2021-02-06 21:48:00+00:00","Incubation Grazing","start","L1.2","013",41.1597,-70.8912,"","EN661"
"1504","2021-02-06 21:48:00+00:00","Incubation C13","start","L1.2","13",41.1597,-70.8912,"","EN661"
"1505","2021-02-07 00:41:01+00:00","CTD911","deploy","","14",41.3203,-70.5765,"","EN661"
"1506","2021-02-07 00:59:00+00:00","Bongo Net","deploy","MVCO","014",41.3157,-70.5789,"","EN661"
"1507","2021-02-07 01:04:00+00:00","Bongo Net","recover","MVCO","014",41.3135,-70.579,"","EN661"
"1508","2021-02-07 03:11:00+00:00","Underway Science seawater impeller","chl discrete","","",41.2027,-70.8727,"","EN661"
"1509","2021-02-07 05:38:01+00:00","Underway Science seawater diaphragm pump","TOI discrete","","",41.0308,-70.6564,"","EN661"
"1510","2021-02-07 05:57:00+00:00","Underway Science seawater diaphragm pump","TOI discrete","","",41.0307,-70.7141,"","EN661"
"1511","2021-02-07 06:23:18+00:00","CTD911","deploy","","15",41.0297,-70.7709,"","EN661"
"1512","2021-02-07 07:15:00+00:00","Underway Science seawater diaphragm pump","TOI discrete","","",41.0316,-70.8707,"","EN661"
"1513","2021-02-07 07:32:00+00:00","Underway Science seawater diaphragm pump","TOI discrete","","",41.0313,-70.9295,"","EN661"
"1514","2021-02-07 08:04:35+00:00","CTD911","deploy","","16",41.0306,-70.9921,"","EN661"
"1515","2021-02-07 08:55:00+00:00","Underway Science seawater diaphragm pump","TOI discrete","","",41.0297,-71.1002,"","EN661"
"1516","2021-02-07 10:11:33+00:00","CTD911","deploy","","17",41.0321,-70.8847,"","EN661"
"1517","2021-02-07 11:15:00+00:00","Underway Science seawater diaphragm pump","TOI discrete","","",40.9958,-70.8774,"","EN661"
"1518","2021-02-07 11:27:00+00:00","Underway Science seawater diaphragm pump","TOI discrete","","",40.9683,-70.8788,"","EN661"
"1519","2021-02-07 11:40:00+00:00","Underway Science seawater diaphragm pump","TOI discrete","","",40.935,-70.8805,"","EN661"
"1520","2021-02-07 11:53:00+00:00","Underway Science seawater diaphragm pump","TOI discrete","","",40.902,-70.8827,"","EN661"
"1521","2021-02-07 12:07:00+00:00","Underway Science seawater diaphragm pump","TOI discrete","","",40.8662,-70.884,"","EN661"
"1522","2021-02-07 12:16:12+00:00","CTD911","deploy","","18",40.864,-70.8793,"","EN661"
"1523","2021-02-07 13:13:08+00:00","CTD911","deploy","","19",40.8634,-70.7717,"","EN661"
"1524","2021-02-07 13:19:00+00:00","Underway Science seawater diaphragm pump","TOI discrete","","",40.8635,-70.7705,"","EN661"
"1525","2021-02-07 13:45:00+00:00","Underway Science seawater diaphragm pump","TOI discrete","","",40.9091,-70.7714,"","EN661"
"1526","2021-02-07 14:02:00+00:00","Underway Science seawater diaphragm pump","TOI discrete","","",40.9535,-70.7717,"","EN661"
"1527","2021-02-07 14:35:00+00:00","Underway Science seawater diaphragm pump","TOI discrete","","",41.0406,-70.774,"","EN661"
"1528","2021-02-07 14:57:00+00:00","Underway Science seawater diaphragm pump","TOI discrete","","",41.0995,-70.7765,"","EN661"
"1529","2021-02-07 15:23:00+00:00","Underway Science seawater impeller","chl discrete","","",41.1686,-70.7755,"","EN661"
"1530","2021-02-07 15:33:00+00:00","Underway Science seawater diaphragm pump","TOI discrete","","",41.1953,-70.7758,"","EN661"
"1531","2021-02-07 15:41:58+00:00","CTD911","deploy","","20",41.2028,-70.7735,"","EN661"
"1532","2021-02-07 16:22:00+00:00","Underway Science seawater impeller","chl discrete","","",41.2026,-70.8744,"","EN661"
"1533","2021-02-07 16:38:00+00:00","Underway Science seawater impeller","chl discrete","","",41.2029,-70.9313,"","EN661"
"1534","2021-02-07 17:01:23+00:00","CTD911","deploy","","21",41.2036,-70.994,"","EN661"
"1535","2021-02-07 17:12:04+00:00","Incubation Grazing","stop","L3","",41.2054,-70.9949,"","EN661"
"1536","2021-02-07 17:16:00+00:00","Underway Science seawater diaphragm pump","TOI discrete","","",41.2048,-70.9948,"","EN661"
"1537","2021-02-07 17:48:00+00:00","Underway Science seawater diaphragm pump","TOI discrete","","",41.1253,-70.9961,"","EN661"
"1538","2021-02-07 18:13:15+00:00","Underway Science seawater diaphragm pump","IFCB discrete","","UW1",41.0597,-70.9953,"","EN661"
"1539","2021-02-07 18:19:00+00:00","Underway Science seawater diaphragm pump","TOI discrete","","",41.0472,-70.9953,"","EN661"
"1540","2021-02-07 18:38:00+00:00","Underway Science seawater impeller","chl discrete","","",41.0037,-70.9947,"","EN661"
"1541","2021-02-07 19:00:00+00:00","Underway Science seawater impeller","chl discrete","","",40.9481,-70.9949,"","EN661"
"1542","2021-02-07 19:01:00+00:00","Underway Science seawater diaphragm pump","TOI discrete","","",40.9455,-70.9949,"","EN661"
"1543","2021-02-07 19:32:00+00:00","Underway Science seawater diaphragm pump","TOI discrete","","",40.8657,-70.9969,"","EN661"
"1544","2021-02-07 19:44:41+00:00","CTD911","deploy","","22",40.866,-70.9987,"","EN661"
"1545","2021-02-07 20:45:00+00:00","Underway Science seawater diaphragm pump","TOI discrete","","",40.8613,-70.893,"","EN661"
"1546","2021-02-07 21:19:00+00:00","Underway Science seawater diaphragm pump","TOI discrete","","",40.9361,-70.8883,"","EN661"
"1547","2021-02-07 21:55:00+00:00","Underway Science seawater diaphragm pump","TOI discrete","","",41.0177,-70.888,"","EN661"
"1548","2021-02-07 22:06:00+00:00","Underway Science seawater diaphragm pump","TOI discrete","","",41.0431,-70.887,"","EN661"
"1549","2021-02-07 22:09:00+00:00","Underway Science seawater impeller","chl discrete","","",41.0502,-70.8863,"","EN661"
"1550","2021-02-07 22:33:00+00:00","Underway Science seawater diaphragm pump","TOI discrete","","",41.108,-70.8845,"","EN661"
"1551","2021-02-07 22:40:00+00:00","Underway Science seawater diaphragm pump","TOI discrete","","",41.1252,-70.8854,"","EN661"
"1552","2021-02-07 22:52:00+00:00","Underway Science seawater diaphragm pump","TOI discrete","","",41.1548,-70.8871,"","EN661"
"1553","2021-02-07 22:58:35+00:00","Underway Science seawater diaphragm pump","IFCB discrete","","UW2",41.1721,-70.8875,"testing different high voltage settings on the discrete IFCBs","EN661"
"1554","2021-02-07 23:07:00+00:00","Underway Science seawater diaphragm pump","TOI discrete","","",41.1918,-70.8881,"","EN661"
"1555","2021-02-07 23:12:29+00:00","Incubation C13","stop","L1.2","",41.2021,-70.8876,"","EN661"
"1556","2021-02-07 23:12:56+00:00","Incubation Grazing","stop","L1.2","",41.2021,-70.8876,"","EN661"
"1557","2021-02-07 23:37:22+00:00","Underway Science seawater diaphragm pump","TOI discrete","","",41.2161,-70.9088,"","EN661"
"1558","2021-02-07 23:47:00+00:00","Underway Science seawater impeller","chl discrete","","",41.2279,-70.9297,"","EN661"
"1559","2021-02-08 00:03:00+00:00","Underway Science seawater impeller","chl discrete","","",41.2464,-70.965,"","EN661"
"1560","2021-02-08 00:20:00+00:00","Underway Science seawater impeller","chl discrete","","",41.2642,-71.0051,"","EN661"
"1561","2021-02-08 00:30:00+00:00","IFCB continuous","stop","","",41.2736,-71.0301,"Stop IFCB102","EN661"
"1562","2021-02-08 00:30:00+00:00","Attune Flow Cytometer","stop","","",41.2736,-71.0301,"","EN661"
"1563","2021-02-08 02:00:00+00:00","IFCB continuous","stop","","",41.3727,-71.2517,"Stop IFCB115","EN661"
"1564","2021-02-08 02:24:21+00:00","EIMS","stop","","",41.3922,-71.2937,"","EN661"
"1565","2021-02-08 03:33:33+00:00","Underway Science seawater diaphragm pump","stop","Rhode Island Sound","",41.3963,-71.302,"Pump (motor-driven diaphragm pump) off and sea valve closed. Other valves remain open to that flow through system.","EN661"
"1566","2021-02-08 05:21:51+00:00","Fluorometers on underway impeller","stop","Rhode Island Sound","",41.4005,-71.3109,"SBE21 thermosalinograph stopped and both WETStar and ECO fluorometers are connected to SBE21","EN661"
"1567","2021-02-08 05:22:27+00:00","Thermosalinographs on underway impeller","stop","Rhode Island Sound","",41.3986,-71.3099,"SBE21 thermosalinograph stopped and both WETStar and ECO fluorometers are connected to SBE21","EN661"
"1568","2021-02-08 05:25:00+00:00","Underway Science seawater impeller","stop","Rhode Island Sound","",41.3945,-71.3079,"Pump (magnetic impeller pump) turned off and flow stopped to flow through system - SBE21 SBE45 and fluorometers stopped.","EN661"
"1569","2021-02-08 05:29:00+00:00","Thermosalinographs on underway impeller","other","Rhode Island Sound","",41.3865,-71.3029,"0529z-0539z SBE21 SBE45 thermosalinographs and WETStar and ECO fluorometers flushed with fresh water","EN661"
"1570","2021-02-08 05:30:00+00:00","Thermosalinographs on underway impeller","stop","Rhode Island Sound","",41.3845,-71.3017,"impeller pump stopped so seawater flow to SBE45 stopped","EN661"
"1571","2021-02-08 09:42:03+00:00","Other","stop","","",41.4067,-71.3033,"hobo loggers stop","EN661"
"1572","2021-02-08 13:30:30+00:00","Underway Science seawater diaphragm pump","service","Rhode Island Sound","",41.4074,-71.3167,"Pump (motor-driven diaphragm pump) flushed with seawater","EN661"
"1573","2021-02-08 13:40:42+00:00","Thermosalinographs on underway impeller","stop","Rhode Island Sound","",41.4058,-71.3075,"Power off to SBE45 and SBE21 external voltage sensors","EN661"
"1574","2021-02-08 13:51:10+00:00","UHDAS for both ADCPs","stop","Rhode Island Sound","",41.4069,-71.3119,"uhdas off ADCP 300 and 75 KHz off","EN661"
"1575","2021-02-08 13:51:34+00:00","ADCP300","stop","Rhode Island Sound","",41.4069,-71.3119,"uhdas off ADCP 300 and 75 KHz off","EN661"
"1576","2021-02-08 13:51:58+00:00","ADCP75","stop","Rhode Island Sound","",41.4069,-71.3119,"uhdas off ADCP 300 and 75 KHz off","EN661"
"1577","2021-02-08 16:02:42+00:00","Ship","endCruise","GSO dock URI Narragansett Rhode Island","",41.4922,-71.4187,"Ship at the dock.","EN661"
"1578","2021-02-08 16:03:17+00:00","Echosounder12","stop","GSO dock URI Narragansett Rhode Island","",41.4922,-71.4187,"Stop 12 KHz after arriving at GSO dock","EN661"
"1579","2021-02-08 16:03:45+00:00","MeteorologicalSensor","stop","GSO dock URI Narragansett Rhode Island","",41.4922,-71.4187,"Met sensors remain running and logging as usual","EN661"
"1580","2021-06-28 14:26:04+00:00","MeteorologicalSensor","start","","",41.4922,-71.4187,"Met sensors remain running and logging as usual","EN668"
"1581","2021-07-16 13:40:00+00:00","Echosounder12","start","","",41.4922,-71.4187,"","EN668"
"1582","2021-07-16 13:46:00+00:00","Ship","startCruise","","",41.4923,-71.4186,"Off the dock","EN668"
"1583","2021-07-16 13:59:10+00:00","Underway Science seawater impeller","start","","",41.4805,-71.4074,"","EN668"
"1584","2021-07-16 14:00:00+00:00","UHDAS for both ADCPs","start","","",41.4805,-71.4074,"","EN668"
"1585","2021-07-16 14:08:56+00:00","ADCP75","start","","",41.4634,-71.4086,"","EN668"
"1586","2021-07-16 14:08:56+00:00","ADCP300","start","","",41.4634,-71.4086,"","EN668"
"1587","2021-07-16 14:12:07+00:00","Underway Science seawater diaphragm pump","start","","",41.4555,-71.4093,"","EN668"
"1588","2021-07-16 14:34:53+00:00","Thermosalinographs on underway impeller","start","","",41.4063,-71.4179,"","EN668"
"1589","2021-07-16 14:36:03+00:00","Fluorometers on underway impeller","start","","",41.4007,-71.4191,"","EN668"
"1590","2021-07-16 15:15:53+00:00","IFCB continuous","start","","",41.3106,-71.3846,"","EN668"
"1591","2021-07-16 15:53:58+00:00","Attune Flow Cytometer","start","","",41.282,-71.2499,"","EN668"
"1592","2021-07-16 15:54:00+00:00","EIMS","start","","",41.282,-71.2499,"","EN668"
"1593","2021-07-16 18:08:13+00:00","CTD911","deploy","","1",41.1965,-70.8851,"","EN668"
"1594","2021-07-16 18:47:00+00:00","Bongo Net","deploy","L1","B01",41.1898,-70.8795,"","EN668"
"1595","2021-07-16 18:51:00+00:00","Bongo Net","recover","L1","B01",41.188,-70.8788,"","EN668"
"1596","2021-07-16 18:53:00+00:00","Incubation C13","start","L1","1",41.1872,-70.8786,"","EN668"
"1597","2021-07-16 19:31:00+00:00","Sting Ray","deploy towed","L1","tow 1",41.1771,-70.8707,"tow 1","EN668"
"1598","2021-07-16 19:42:00+00:00","Incubation Grazing","start","L1","1",41.1724,-70.8734,"","EN668"
"1599","2021-07-16 20:22:30+00:00","SUNAV2","sync time","","",41.1295,-70.8875,"5sec behind synced after C1 before C2","EN668"
"1600","2021-07-16 20:30:00+00:00","Underway Science seawater impeller","chl discrete","","",41.1198,-70.886,"","EN668"
"1601","2021-07-16 23:40:18+00:00","Underway Science seawater diaphragm pump","TOI discrete","","",40.8579,-70.8834,"","EN668"
"1602","2021-07-17 01:05:01+00:00","Underway Science seawater impeller","chl discrete","","",40.7391,-70.8838,"","EN668"
"1603","2021-07-17 01:43:26+00:00","Underway Science seawater diaphragm pump","TOI discrete","","",40.696,-70.8821,"","EN668"
"1604","2021-07-17 01:45:00+00:00","Sting Ray","recover","L4","tow 1",40.6955,-70.8821,"tow 1","EN668"
"1605","2021-07-17 04:28:01+00:00","CTD911","deploy","","2",41.0316,-70.8812,"","EN668"
"1606","2021-07-17 04:50:00+00:00","Underway Science seawater diaphragm pump","TOI discrete","","",41.0313,-70.8789,"","EN668"
"1607","2021-07-17 04:52:00+00:00","Underway Science seawater diaphragm pump","TOI discrete","","",41.0312,-70.8787,"","EN668"
"1608","2021-07-17 05:02:00+00:00","Bongo Net","deploy","L2","B02",41.0284,-70.8797,"","EN668"
"1609","2021-07-17 05:18:29+00:00","Incubation C13","start","L2","2",41.0215,-70.8799,"","EN668"
"1610","2021-07-17 05:21:00+00:00","Bongo Net","recover","L2","B02",41.0208,-70.8799,"","EN668"
"1611","2021-07-17 05:39:52+00:00","Incubation Grazing","start","L2","2",41.0116,-70.8809,"","EN668"
"1612","2021-07-17 08:50:00+00:00","Underway Science seawater diaphragm pump","TOI discrete","","",40.6961,-70.6709,"","EN668"
"1613","2021-07-17 09:03:23+00:00","Underway Science seawater impeller","chl discrete","","",40.6962,-70.7153,"","EN668"
"1614","2021-07-17 09:07:00+00:00","Underway Science seawater diaphragm pump","TOI discrete","","",40.6962,-70.725,"","EN668"
"1615","2021-07-17 09:29:59+00:00","CTD911","deploy","","3",40.6958,-70.7709,"","EN668"
"1616","2021-07-17 10:09:00+00:00","Underway Science seawater diaphragm pump","TOI discrete","","",40.6959,-70.8279,"","EN668"
"1617","2021-07-17 10:29:00+00:00","Underway Science seawater diaphragm pump","TOI discrete","","",40.6964,-70.8927,"","EN668"
"1618","2021-07-17 10:43:00+00:00","Underway Science seawater diaphragm pump","TOI discrete","","",40.6962,-70.9389,"","EN668"
"1619","2021-07-17 11:02:00+00:00","Underway Science seawater diaphragm pump","TOI discrete","","",40.6965,-70.9906,"","EN668"
"1620","2021-07-17 11:10:53+00:00","CTD911","deploy","","4",40.6949,-70.9924,"","EN668"
"1621","2021-07-17 12:13:00+00:00","Underway Science seawater diaphragm pump","TOI discrete","","",40.696,-71.0764,"","EN668"
"1622","2021-07-17 13:17:54+00:00","CTD911","deploy","","5",40.6944,-70.8809,"","EN668"
"1623","2021-07-17 13:36:50+00:00","Underway Science seawater diaphragm pump","TOI discrete","","",40.6934,-70.8781,"","EN668"
"1624","2021-07-17 13:38:26+00:00","Underway Science seawater diaphragm pump","TOI discrete","","",40.6933,-70.8778,"","EN668"
"1625","2021-07-17 13:47:00+00:00","Bongo Net","deploy","L4","B05",40.6909,-70.8762,"start time approximate","EN668"
"1626","2021-07-17 14:06:56+00:00","Incubation C13","start","L4","5",40.68,-70.8717,"","EN668"
"1627","2021-07-17 14:12:00+00:00","Bongo Net","recover","L4","B05",40.6773,-70.8705,"","EN668"
"1628","2021-07-17 14:29:22+00:00","Incubation Grazing","start","L4","5",40.6691,-70.8665,"","EN668"
"1629","2021-07-17 14:55:45+00:00","Underway Science seawater diaphragm pump","DO discrete","","",40.6065,-70.8807,"","EN668"
"1630","2021-07-17 14:56:23+00:00","Underway Science seawater impeller","chl discrete","","",40.6038,-70.8807,"","EN668"
"1631","2021-07-17 15:00:49+00:00","Underway Science seawater diaphragm pump","DO discrete","","",40.5933,-70.8809,"","EN668"
"1632","2021-07-17 15:41:05+00:00","CTD911","deploy","","6",40.5141,-70.8802,"","EN668"
"1633","2021-07-17 16:30:51+00:00","Underway Science seawater impeller","chl discrete","","",40.5167,-70.8796,"","EN668"
"1634","2021-07-17 18:03:22+00:00","Sting Ray","deploy towed","L5","tow 2",40.5093,-70.8826,"","EN668"
"1635","2021-07-17 18:40:56+00:00","Incubation C13","stop","L1","1",40.5553,-70.8827,"","EN668"
"1636","2021-07-17 19:15:00+00:00","Underway Science seawater diaphragm pump","IFCB discrete","","UW1",40.6052,-70.8821,"UW1 run on both discrete IFCBs 101 and 115","EN668"
"1637","2021-07-17 19:45:22+00:00","Incubation Grazing","stop","L1","1",40.6506,-70.8788,"","EN668"
"1638","2021-07-17 20:20:00+00:00","Sting Ray","recover","L4","tow 2",40.6986,-70.8811,"","EN668"
"1639","2021-07-17 20:32:39+00:00","SUNAV2","sync time","","",40.7023,-70.8856,"0sec diff prior to C7","EN668"
"1640","2021-07-17 20:41:32+00:00","Underway Science seawater impeller","chl discrete","","",40.6774,-70.887,"","EN668"
"1641","2021-07-17 21:55:10+00:00","CTD911","deploy","","7",40.5143,-70.8815,"","EN668"
"1642","2021-07-17 22:02:04+00:00","Underway Science seawater impeller","chl discrete","","",40.515,-70.8807,"","EN668"
"1643","2021-07-17 22:27:00+00:00","Bongo Net","deploy","L5","B07",40.5145,-70.876,"","EN668"
"1644","2021-07-17 22:44:00+00:00","Bongo Net","recover","L5","B07",40.5061,-70.8706,"","EN668"
"1645","2021-07-17 23:05:24+00:00","Sting Ray","deploy towed","L5","tow 3",40.5055,-70.8797,"","EN668"
"1646","2021-07-18 01:24:32+00:00","Underway Science seawater impeller","chl discrete","","",40.3158,-70.8839,"","EN668"
"1647","2021-07-18 02:31:00+00:00","Underway Science seawater diaphragm pump","TOI discrete","","",40.2243,-70.8856,"","EN668"
"1648","2021-07-18 03:04:36+00:00","Underway Science seawater diaphragm pump","DO discrete","","",40.1776,-70.8832,"","EN668"
"1649","2021-07-18 03:08:45+00:00","Underway Science seawater diaphragm pump","DO discrete","","",40.1721,-70.8828,"","EN668"
"1650","2021-07-18 03:37:00+00:00","Underway Science seawater diaphragm pump","TOI discrete","","",40.1337,-70.8789,"","EN668"
"1651","2021-07-18 04:01:00+00:00","Underway Science seawater diaphragm pump","TOI discrete","","",40.1014,-70.8844,"","EN668"
"1652","2021-07-18 05:19:00+00:00","Incubation C13","stop","L2","2",40.0001,-70.8949,"","EN668"
"1653","2021-07-18 05:56:21+00:00","Incubation Grazing","stop","L2","2",39.9638,-70.9008,"","EN668"
"1654","2021-07-18 06:04:00+00:00","Underway Science seawater diaphragm pump","TOI discrete","","",39.9589,-70.9025,"","EN668"
"1655","2021-07-18 06:15:00+00:00","Sting Ray","recover","L10","tow 3",39.9528,-70.9051,"","EN668"
"1656","2021-07-18 06:51:04+00:00","Underway Science seawater impeller","chl discrete","","",39.9392,-70.9069,"","EN668"
"1657","2021-07-18 07:09:51+00:00","CTD911","deploy","","8",39.931,-70.9074,"","EN668"
"1658","2021-07-18 07:24:55+00:00","Underway Science seawater diaphragm pump","DO discrete","","",39.9279,-70.9047,"","EN668"
"1659","2021-07-18 07:30:22+00:00","Underway Science seawater diaphragm pump","DO discrete","","",39.9264,-70.9038,"","EN668"
"1660","2021-07-18 08:24:00+00:00","Bongo Net","deploy","L10","B08",39.909,-70.8957,"","EN668"
"1661","2021-07-18 09:01:30+00:00","Bongo Net","recover","L10","B08",39.8887,-70.8887,"","EN668"
"1662","2021-07-18 09:59:00+00:00","Underway Science seawater diaphragm pump","DO discrete","","",39.7712,-70.8773,"","EN668"
"1663","2021-07-18 10:02:13+00:00","Underway Science seawater diaphragm pump","DO discrete","","",39.7709,-70.862,"","EN668"
"1664","2021-07-18 10:23:41+00:00","Underway Science seawater impeller","chl discrete","","",39.7706,-70.7827,"","EN668"
"1665","2021-07-18 11:00:12+00:00","Underway Science seawater diaphragm pump","TOI discrete","","",39.7734,-70.6703,"","EN668"
"1666","2021-07-18 11:14:39+00:00","Underway Science seawater diaphragm pump","TOI discrete","","",39.7734,-70.72,"","EN668"
"1667","2021-07-18 11:40:35+00:00","CTD911","deploy","","9",39.7678,-70.7785,"","EN668"
"1668","2021-07-18 12:44:39+00:00","Underway Science seawater diaphragm pump","TOI discrete","","",39.7733,-70.8343,"","EN668"
"1669","2021-07-18 13:01:04+00:00","Underway Science seawater diaphragm pump","TOI discrete","","",39.7729,-70.8897,"","EN668"
"1670","2021-07-18 13:16:32+00:00","Underway Science seawater diaphragm pump","TOI discrete","","",39.7729,-70.9382,"","EN668"
"1671","2021-07-18 13:36:16+00:00","Underway Science seawater diaphragm pump","TOI discrete","","",39.7719,-70.9928,"","EN668"
"1672","2021-07-18 13:39:35+00:00","CTD911","deploy","","10",39.7711,-70.993,"","EN668"
"1673","2021-07-18 13:46:00+00:00","Incubation C13","stop","L4","5",39.7694,-70.9934,"","EN668"
"1674","2021-07-18 14:53:17+00:00","Underway Science seawater diaphragm pump","TOI discrete","","",39.773,-71.1004,"","EN668"
"1675","2021-07-18 14:56:00+00:00","Incubation Grazing","stop","L4","5",39.7733,-71.1068,"","EN668"
"1676","2021-07-18 16:14:11+00:00","CTD911","deploy","","11",39.7739,-70.8801,"","EN668"
"1677","2021-07-18 16:35:18+00:00","Underway Science seawater impeller","chl discrete","","",39.7713,-70.879,"","EN668"
"1678","2021-07-18 16:40:15+00:00","Underway Science seawater diaphragm pump","TOI discrete","","",39.7702,-70.8792,"","EN668"
"1679","2021-07-18 16:42:00+00:00","Underway Science seawater diaphragm pump","TOI discrete","","",39.77,-70.8792,"","EN668"
"1680","2021-07-18 17:18:39+00:00","Bongo Net","deploy","L11","B11",39.762,-70.8786,"","EN668"
"1681","2021-07-18 17:36:05+00:00","Incubation C13","start","L11","11",39.7547,-70.8793,"","EN668"
"1682","2021-07-18 17:45:42+00:00","Bongo Net","recover","L11","B11",39.751,-70.8795,"","EN668"
"1683","2021-07-18 18:27:00+00:00","RMT10 Midwater Trawl (Tucker-style)","deploy","L11","1",39.736,-70.8865,"","EN668"
"1684","2021-07-18 18:40:05+00:00","Incubation Grazing","start","L11","11",39.7311,-70.8897,"","EN668"
"1685","2021-07-18 19:24:00+00:00","RMT10 Midwater Trawl (Tucker-style)","other","L11","1",39.7128,-70.8952,"at depth","EN668"
"1686","2021-07-18 19:27:50+00:00","Underway Science seawater impeller","chl discrete","","",39.7109,-70.8954,"","EN668"
"1687","2021-07-18 20:48:15+00:00","SUNAV2","sync time","","",39.6716,-70.9011,"approx 1 sec slow during trawl next cast is C12","EN668"
"1688","2021-07-18 21:20:32+00:00","RMT10 Midwater Trawl (Tucker-style)","other","L11","1",39.6567,-70.9009,"haul back","EN668"
"1689","2021-07-18 22:18:11+00:00","Underway Science seawater diaphragm pump","IFCB discrete","","UW2",39.6288,-70.8968,"UW2 run on both discrete IFCBs 101 and 115","EN668"
"1690","2021-07-18 22:55:01+00:00","RMT10 Midwater Trawl (Tucker-style)","recover","L11","1",39.6091,-70.8985,"at surface","EN668"
"1691","2021-07-19 00:11:43+00:00","Sting Ray","deploy towed","L11","tow 4",39.7603,-70.8819,"","EN668"
"1692","2021-07-19 01:00:00+00:00","Sting Ray","recover","L11","tow 4",39.7885,-70.883,"aborted deep tow due to comms failure","EN668"
"1693","2021-07-19 01:33:28+00:00","Underway Science seawater impeller","chl discrete","","",39.7999,-70.8896,"","EN668"
"1694","2021-07-19 03:24:55+00:00","Underway Science seawater impeller","chl discrete","","",39.7674,-70.9174,"","EN668"
"1695","2021-07-19 04:05:50+00:00","Sting Ray","deploy towed","L11","tow 5",39.782,-70.8843,"","EN668"
"1696","2021-07-19 06:37:07+00:00","Sting Ray","recover","L10.5","tow 5",39.8494,-70.8977,"","EN668"
"1697","2021-07-19 07:06:30+00:00","Underway Science seawater impeller","chl discrete","","",39.9155,-70.8937,"","EN668"
"1698","2021-07-19 08:10:00+00:00","Underway Science seawater diaphragm pump","TOI discrete","","",40.0886,-70.8862,"","EN668"
"1699","2021-07-19 08:18:31+00:00","Underway Science seawater diaphragm pump","DO discrete","","",40.1016,-70.8687,"","EN668"
"1700","2021-07-19 08:21:03+00:00","Underway Science seawater diaphragm pump","DO discrete","","",40.1012,-70.8575,"","EN668"
"1701","2021-07-19 09:20:00+00:00","Underway Science seawater diaphragm pump","TOI discrete","","",40.0955,-70.6696,"","EN668"
"1702","2021-07-19 09:35:00+00:00","Underway Science seawater diaphragm pump","TOI discrete","","",40.0974,-70.7242,"","EN668"
"1703","2021-07-19 09:55:20+00:00","CTD911","deploy","","12",40.0955,-70.7727,"","EN668"
"1704","2021-07-19 10:36:56+00:00","Underway Science seawater diaphragm pump","TOI discrete","","",40.0976,-70.8292,"","EN668"
"1705","2021-07-19 10:55:04+00:00","Underway Science seawater diaphragm pump","TOI discrete","","",40.0983,-70.8995,"","EN668"
"1706","2021-07-19 11:08:15+00:00","Underway Science seawater diaphragm pump","TOI discrete","","",40.0982,-70.9483,"","EN668"
"1707","2021-07-19 11:21:21+00:00","Underway Science seawater diaphragm pump","TOI discrete","","",40.0974,-70.9949,"","EN668"
"1708","2021-07-19 11:33:18+00:00","CTD911","deploy","","13",40.0928,-71.005,"","EN668"
"1709","2021-07-19 11:53:58+00:00","Underway Science seawater impeller","chl discrete","","",40.0897,-71.0066,"","EN668"
"1710","2021-07-19 12:22:20+00:00","Underway Science seawater diaphragm pump","TOI discrete","","",40.0997,-71.1065,"","EN668"
"1711","2021-07-19 13:44:36+00:00","CTD911","deploy","","14",40.0973,-70.8848,"","EN668"
"1712","2021-07-19 13:52:00+00:00","Other","end","L9","1",40.0979,-70.8845,"hand plankton net recovered (ring net 200 um mesh, 90 ft line)","EN668"
"1713","2021-07-19 13:52:00+00:00","Other","start","L9","1",40.0979,-70.8845,"hand deployed 200 um ring net with 90 ft line.","EN668"
"1714","2021-07-19 14:38:00+00:00","Bongo Net","deploy","L9","B14",40.0957,-70.8737,"","EN668"
"1715","2021-07-19 14:56:00+00:00","Bongo Net","recover","L9","B14",40.0886,-70.8721,"","EN668"
"1716","2021-07-19 15:57:00+00:00","Bongo Net","deploy","L8","B15",40.1348,-70.7717,"at surface until 1602 due to software issue","EN668"
"1717","2021-07-19 16:25:00+00:00","Bongo Net","recover","L8","B15",40.1254,-70.761,"","EN668"
"1718","2021-07-19 16:44:26+00:00","CTD911","deploy","","15",40.1302,-70.768,"","EN668"
"1719","2021-07-19 17:19:47+00:00","Underway Science seawater diaphragm pump","TOI discrete","","",40.1232,-70.7665,"","EN668"
"1720","2021-07-19 17:20:15+00:00","Underway Science seawater diaphragm pump","TOI discrete","","",40.1229,-70.7665,"","EN668"
"1721","2021-07-19 17:43:45+00:00","Incubation C13","start","L8","15",40.0893,-70.7692,"","EN668"
"1722","2021-07-19 18:19:43+00:00","Incubation Grazing","start","L8","15",40.0208,-70.7729,"","EN668"
"1723","2021-07-19 18:28:50+00:00","Incubation C13","stop","L11","11",39.9959,-70.7748,"","EN668"
"1724","2021-07-19 19:00:45+00:00","CTD911","deploy","","16",39.9346,-70.77,"","EN668"
"1725","2021-07-19 19:06:00+00:00","Other","start","L12","2",39.9334,-70.7714,"hand deployed 200 um ring net with 90 ft line.","EN668"
"1726","2021-07-19 19:12:00+00:00","Other","end","L12","2",39.9321,-70.7725,"hand plankton net recovered (ring net 200 um mesh, 90 ft line)","EN668"
"1727","2021-07-19 19:32:42+00:00","Incubation Grazing","stop","L11","11",39.9277,-70.7772,"","EN668"
"1728","2021-07-19 20:32:45+00:00","Sting Ray","deploy towed","L10.5","tow 6",39.845,-70.8883,"","EN668"
"1729","2021-07-19 20:49:55+00:00","SUNAV2","sync time","","",39.8604,-70.8886,"2sec slow after C16 prior to C17","EN668"
"1730","2021-07-19 22:57:05+00:00","Sting Ray","recover","L9.5","tow 6",39.9867,-70.8944,"recover to cross fishing gear","EN668"
"1731","2021-07-19 22:58:00+00:00","Underway Science seawater diaphragm pump","IFCB discrete","","UW3",39.9867,-70.8944,"UW3 run on both IFCBs","EN668"
"1732","2021-07-19 23:44:00+00:00","Sting Ray","deploy towed","L9","tow 7",40.0886,-70.887,"","EN668"
"1733","2021-07-20 00:13:21+00:00","Underway Science seawater impeller","chl discrete","","",40.1139,-70.8829,"","EN668"
"1734","2021-07-20 01:34:00+00:00","Underway Science seawater diaphragm pump","TOI discrete","","",40.2228,-70.8828,"","EN668"
"1735","2021-07-20 03:25:45+00:00","Underway Science seawater diaphragm pump","TOI discrete","","",40.3682,-70.8897,"","EN668"
"1736","2021-07-20 04:21:00+00:00","Sting Ray","recover","L6","tow7",40.4271,-70.8929,"","EN668"
"1737","2021-07-20 06:00:17+00:00","CTD911","deploy","","17",40.2181,-70.8947,"","EN668"
"1738","2021-07-20 07:12:00+00:00","Bongo Net","deploy","L7","B17",40.2074,-70.9354,"","EN668"
"1739","2021-07-20 07:32:00+00:00","Bongo Net","recover","L7","B17",40.2047,-70.9485,"","EN668"
"1740","2021-07-20 09:21:51+00:00","CTD911","deploy","","18",40.3642,-70.8876,"","EN668"
"1741","2021-07-20 10:07:00+00:00","Bongo Net","deploy","L6","B18",40.377,-70.8942,"","EN668"
"1742","2021-07-20 10:29:00+00:00","Bongo Net","recover","L6","B18",40.3901,-70.889,"","EN668"
"1743","2021-07-20 10:30:33+00:00","Incubation C13","start","L6","18",40.3913,-70.8886,"","EN668"
"1744","2021-07-20 11:12:56+00:00","Incubation Grazing","start","L6","18",40.3636,-70.8243,"","EN668"
"1745","2021-07-20 12:05:17+00:00","Underway Science seawater diaphragm pump","TOI discrete","","",40.363,-70.6578,"","EN668"
"1746","2021-07-20 12:22:09+00:00","Underway Science seawater diaphragm pump","TOI discrete","","",40.364,-70.7224,"","EN668"
"1747","2021-07-20 12:51:05+00:00","Underway Science seawater diaphragm pump","DO discrete","","",40.3631,-70.7734,"","EN668"
"1748","2021-07-20 12:52:37+00:00","Underway Science seawater diaphragm pump","DO discrete","","",40.3632,-70.7735,"","EN668"
"1749","2021-07-20 13:01:36+00:00","CTD911","deploy","","19",40.3646,-70.7735,"","EN668"
"1750","2021-07-20 13:47:52+00:00","Underway Science seawater diaphragm pump","TOI discrete","","",40.3643,-70.8295,"","EN668"
"1751","2021-07-20 14:02:33+00:00","Underway Science seawater diaphragm pump","TOI discrete","","",40.3639,-70.8829,"","EN668"
"1752","2021-07-20 14:19:50+00:00","Underway Science seawater diaphragm pump","TOI discrete","","",40.3639,-70.943,"","EN668"
"1753","2021-07-20 14:35:27+00:00","Underway Science seawater diaphragm pump","TOI discrete","","",40.3635,-70.9951,"","EN668"
"1754","2021-07-20 14:45:49+00:00","CTD911","deploy","","20",40.3626,-70.9964,"","EN668"
"1755","2021-07-20 15:36:37+00:00","Incubation C13","start","d6a","20",40.3633,-71.0875,"","EN668"
"1756","2021-07-20 16:46:25+00:00","Sting Ray","deploy towed","L6","tow 8",40.3631,-70.893,"","EN668"
"1757","2021-07-20 17:38:00+00:00","Incubation C13","stop","L8","15",40.4239,-70.8811,"","EN668"
"1758","2021-07-20 18:24:00+00:00","Incubation Grazing","stop","L8","15",40.4875,-70.8795,"","EN668"
"1759","2021-07-20 18:46:38+00:00","Underway Science seawater diaphragm pump","TOI discrete","","",40.5131,-70.8827,"","EN668"
"1760","2021-07-20 19:27:34+00:00","SUNAV2","sync time","","",40.5686,-70.8832,"2sec slow next cast C21","EN668"
"1761","2021-07-20 21:06:23+00:00","Underway Science seawater diaphragm pump","TOI discrete","","",40.7007,-70.8844,"","EN668"
"1762","2021-07-20 22:07:15+00:00","Underway Science seawater diaphragm pump","DO discrete","","",40.7841,-70.8837,"","EN668"
"1763","2021-07-20 22:09:09+00:00","Underway Science seawater diaphragm pump","IFCB discrete","","UW4",40.7869,-70.8836,"run on both IFCB101 and IFCB115","EN668"
"1764","2021-07-20 22:09:24+00:00","Underway Science seawater diaphragm pump","DO discrete","","",40.7869,-70.8836,"","EN668"
"1765","2021-07-20 23:59:00+00:00","Underway Science seawater diaphragm pump","TOI discrete","","",40.9382,-70.8815,"","EN668"
"1766","2021-07-21 00:45:57+00:00","Underway Science seawater impeller","chl discrete","","",41.0031,-70.8816,"","EN668"
"1767","2021-07-21 01:00:00+00:00","Sting Ray","recover","L2","tow 8",41.0185,-70.8828,"","EN668"
"1768","2021-07-21 01:00:37+00:00","Underway Science seawater impeller","chl discrete","","",41.0189,-70.8829,"","EN668"
"1769","2021-07-21 01:08:51+00:00","Underway Science seawater diaphragm pump","TOI discrete","","",41.0168,-70.8842,"","EN668"
"1770","2021-07-21 02:12:35+00:00","CTD911","deploy","","21",40.8615,-70.886,"","EN668"
"1771","2021-07-21 02:38:00+00:00","Other","start","L3","3",40.8595,-70.8836,"Ring net for AT (handline)","EN668"
"1772","2021-07-21 02:43:00+00:00","Other","end","L3","3",40.8587,-70.8833,"hand deployed 200 um ring net with 90 ft line.","EN668"
"1773","2021-07-21 03:20:00+00:00","Bongo Net","deploy","L3","B21",40.8571,-70.8802,"","EN668"
"1774","2021-07-21 03:32:00+00:00","Bongo Net","recover","L3","B21",40.8558,-70.8722,"","EN668"
"1775","2021-07-21 05:46:41+00:00","CTD911","deploy","","22",41.0247,-70.7778,"","EN668"
"1776","2021-07-21 06:43:16+00:00","CTD911","deploy","","23",41.028,-70.8776,"","EN668"
"1777","2021-07-21 07:26:00+00:00","Underway Science seawater diaphragm pump","TOI discrete","","",41.0304,-70.9506,"","EN668"
"1778","2021-07-21 07:40:22+00:00","Underway Science seawater diaphragm pump","TOI discrete","","",41.0296,-70.9953,"","EN668"
"1779","2021-07-21 07:43:03+00:00","CTD911","deploy","","24",41.0299,-70.9961,"","EN668"
"1780","2021-07-21 07:56:00+00:00","Underway Science seawater impeller","chl discrete","","",41.0287,-70.9958,"","EN668"
"1781","2021-07-21 08:57:45+00:00","Underway Science seawater diaphragm pump","DO discrete","","",41.1188,-70.8841,"","EN668"
"1782","2021-07-21 09:01:11+00:00","Underway Science seawater diaphragm pump","DO discrete","","",41.1303,-70.8845,"","EN668"
"1783","2021-07-21 09:26:36+00:00","Underway Science seawater diaphragm pump","IFCB discrete","","UW5",41.2014,-70.8814,"run on both IFCB101 and IFCB115","EN668"
"1784","2021-07-21 10:10:00+00:00","Incubation C13","stop","L6","18",41.242,-70.7444,"","EN668"
"1785","2021-07-21 11:06:22+00:00","CTD911","deploy","","25",41.3178,-70.5791,"","EN668"
"1786","2021-07-21 11:10:55+00:00","Underway Science seawater diaphragm pump","TOI discrete","","",41.3176,-70.5785,"","EN668"
"1787","2021-07-21 11:11:00+00:00","Underway Science seawater diaphragm pump","TOI discrete","","",41.3176,-70.5785,"","EN668"
"1788","2021-07-21 11:20:00+00:00","Incubation Grazing","stop","L6","18",41.3175,-70.5774,"","EN668"
"1789","2021-07-21 11:21:00+00:00","Underway Science seawater impeller","chl discrete","","",41.3176,-70.5771,"","EN668"
"1790","2021-07-21 11:30:00+00:00","Bongo Net","deploy","MVCO","B25",41.3132,-70.5751,"","EN668"
"1791","2021-07-21 11:36:00+00:00","Bongo Net","recover","MvCO","B25",41.3098,-70.5744,"","EN668"
"1792","2021-07-21 12:32:00+00:00","Incubation C13","stop","d6a","20",41.2409,-70.7131,"","EN668"
"1793","2021-07-21 13:07:18+00:00","SUNAV2","sync time","","",41.1909,-70.8262,"0sec diff end of cruise","EN668"
"1794","2021-07-21 13:26:02+00:00","Underway Science seawater diaphragm pump","TOI discrete","","",41.2071,-70.889,"","EN668"
"1795","2021-07-21 14:28:00+00:00","Underway Science seawater impeller","chl discrete","","",41.2717,-71.0489,"","EN668"
"1796","2021-07-21 15:13:06+00:00","Attune Flow Cytometer","stop","","",41.3205,-71.167,"Stopped underway sampling for deep clean","EN668"
"1797","2021-07-21 15:15:45+00:00","EIMS","stop","","",41.3225,-71.1724,"","EN668"
"1798","2021-07-21 15:28:02+00:00","IFCB continuous","stop","","",41.333,-71.1968,"","EN668"
"1799","2021-07-21 16:06:58+00:00","Underway Science seawater diaphragm pump","stop","","",41.3741,-71.2996,"","EN668"
"1800","2021-07-21 16:07:28+00:00","Underway Science seawater impeller","stop","","",41.3748,-71.3023,"","EN668"
"1801","2021-07-21 16:08:07+00:00","Thermosalinographs on underway impeller","stop","","",41.3755,-71.3047,"","EN668"
"1802","2021-07-21 16:29:00+00:00","Fluorometers on underway impeller","stop","","",41.3952,-71.3494,"","EN668"
"1803","2021-07-21 16:43:03+00:00","ADCP300","stop","","",41.414,-71.38,"","EN668"
"1804","2021-07-21 16:43:03+00:00","ADCP75","stop","","",41.414,-71.38,"","EN668"
"1805","2021-07-21 16:43:03+00:00","UHDAS for both ADCPs","stop","","",41.414,-71.38,"","EN668"
"1806","2021-07-21 18:16:46+00:00","Ship","endCruise","","",41.4922,-71.4187,"","EN668"
"1807","2021-07-21 18:18:00+00:00","Echosounder12","stop","","",41.4922,-71.4187,"","EN668"
"1808","2021-07-21 18:34:00+00:00","MeteorologicalSensor","stop","","",41.4922,-71.4187,"","EN668"
"1809","2022-02-10 18:35:38+00:00","Ek80 mini","other","","",41.523,-70.672,"test new inttrument","AT46"
"1810","2022-02-16 06:46:21+00:00","SUNAV2","onCTD","","",41.523,-70.672,"","AT46"
"1811","2022-02-16 14:30:48+00:00","Ship","startCruise","","",41.523,-70.672,"gangway removed","AT46"
"1812","2022-02-16 16:23:00+00:00","EK80 broadband","start","","",41.403,-70.856,"start recording EK80s","AT46"
"1813","2022-02-16 16:27:39+00:00","Underway Science seawater diaphragm pump","start","","",41.394,-70.875,"Sci seawater diaphragm pump turned on by Robbie after leaving the WHOI dock","AT46"
"1814","2022-02-16 16:30:00+00:00","Echosounder12","stop","","",41.391,-70.883,"Turned off to minimize noise on EK80","AT46"
"1815","2022-02-16 17:05:00+00:00","Underway Science seawater diaphragm pump","chl discrete","","",41.283,-70.894,"","AT46"
"1816","2022-02-16 17:09:26+00:00","Attune Flow Cytometer","start","","",41.266,-70.892,"","AT46"
"1817","2022-02-16 17:09:30+00:00","EIMS","start","","",41.266,-70.892,"started up EIMS in underway water","AT46"
"1818","2022-02-16 17:18:29+00:00","IFCB continuous","start","","",41.235,-70.887,"","AT46"
"1819","2022-02-16 17:25:00+00:00","Other","end","","",41.215,-70.884,"Request to bridge to minimize noise: turn OFF during transit/ON at station","AT46"
"1820","2022-02-16 17:36:00+00:00","EK80 broadband","other","","",41.194,-70.883,"Switch from sequential to simultaneous pingning","AT46"
"1821","2022-02-16 18:25:02+00:00","CTD911","deploy","","1",41.197,-70.883,"","AT46"
"1822","2022-02-16 19:15:11+00:00","Incubation C13","start","L1","1",41.196,-70.883,"","AT46"
"1823","2022-02-16 19:20:21+00:00","Incubation Grazing","start","L1","1",41.195,-70.883,"","AT46"
"1824","2022-02-16 19:21:00+00:00","Bongo Net","deploy","L1","B01",41.195,-70.883,"","AT46"
"1825","2022-02-16 19:25:00+00:00","Bongo Net","recover","L1","B01",41.192,-70.882,"","AT46"
"1826","2022-02-16 19:30:00+00:00","Bongo Net","other","L1","B01",41.19,-70.881,"PlanktonScope (from 20um plankton net)","AT46"
"1827","2022-02-16 20:25:00+00:00","Underway Science seawater diaphragm pump","TOI discrete","","",41.052,-70.884,"","AT46"
"1828","2022-02-16 20:28:00+00:00","Underway Science seawater diaphragm pump","TOI discrete","","",41.043,-70.884,"","AT46"
"1829","2022-02-16 20:34:08+00:00","EK80 broadband","other","","",41.037,-70.884,"Furuno fathometer OFF to reduce noise on EK80","AT46"
"1830","2022-02-16 21:18:00+00:00","Underway Science seawater diaphragm pump","TOI discrete","","",41.013,-70.884,"","AT46"
"1831","2022-02-16 21:20:00+00:00","Sting Ray","deploy towed","L2","",41.011,-70.884,"Tow 1","AT46"
"1832","2022-02-16 21:20:00+00:00","Underway Science seawater diaphragm pump","TOI discrete","","",41.011,-70.884,"","AT46"
"1833","2022-02-16 21:21:18+00:00","EK80 broadband","other","","",41.009,-70.884,"turn off ADCP power to reduce noise on EK80","AT46"
"1834","2022-02-16 21:41:00+00:00","Underway Science seawater diaphragm pump","DO discrete","","",40.99,-70.884,"","AT46"
"1835","2022-02-16 21:50:00+00:00","Underway Science seawater diaphragm pump","DO discrete","","",40.98,-70.884,"","AT46"
"1836","2022-02-16 21:59:00+00:00","Underway Science seawater diaphragm pump","DO discrete","","",40.969,-70.885,"","AT46"
"1837","2022-02-16 22:34:16+00:00","EK80 broadband","stop","","",40.927,-70.886,"EK80 stop working unexpectedly","AT46"
"1838","2022-02-16 23:00:00+00:00","ADCP75","start","","",40.896,-70.885,"time is approximate","AT46"
"1839","2022-02-16 23:00:00+00:00","Underway Science seawater diaphragm pump","chl discrete","","",40.896,-70.885,"","AT46"
"1840","2022-02-16 23:00:00+00:00","ADCP300","start","","",40.896,-70.885,"time is approximate","AT46"
"1841","2022-02-16 23:17:00+00:00","Underway Science seawater diaphragm pump","TOI discrete","","",40.877,-70.885,"","AT46"
"1842","2022-02-16 23:19:00+00:00","Underway Science seawater diaphragm pump","TOI discrete","","",40.875,-70.884,"","AT46"
"1843","2022-02-16 23:35:09+00:00","ADCP75","start","","",40.857,-70.884,"start ADCP","AT46"
"1844","2022-02-16 23:35:44+00:00","ADCP300","start","","",40.856,-70.884,"start ADCP","AT46"
"1845","2022-02-16 23:36:22+00:00","EK80 broadband","stop","","",40.855,-70.883,"stopped unexpectedly","AT46"
"1846","2022-02-16 23:42:20+00:00","EK80 broadband","start","","",40.848,-70.883,"restart EK80 software using a new eithernet cable","AT46"
"1847","2022-02-17 00:05:37+00:00","EK80 broadband","other","","",40.822,-70.883,"Change max recodring range to 150m","AT46"
"1848","2022-02-17 00:09:36+00:00","EK80 broadband","stop","","",40.818,-70.882,"stopped working due to ethernet switch died","AT46"
"1849","2022-02-17 00:14:48+00:00","EK80 broadband","start","","",40.813,-70.882,"restarting EK80 with new eithernet switch","AT46"
"1850","2022-02-17 00:30:00+00:00","SUNAV2","sync time","","",40.795,-70.881,"2sec slow, first time sync of cruise, forgot ","AT46"
"1851","2022-02-17 02:24:00+00:00","Sting Ray","recover","L4","",40.696,-70.882,"Tow 1","AT46"
"1852","2022-02-17 02:27:22+00:00","CTD911","deploy","","2",40.696,-70.882,"","AT46"
"1853","2022-02-17 02:46:00+00:00","Underway Science seawater diaphragm pump","TOI discrete","","",40.697,-70.881,"","AT46"
"1854","2022-02-17 02:47:00+00:00","Underway Science seawater diaphragm pump","TOI discrete","","",40.697,-70.881,"","AT46"
"1855","2022-02-17 03:12:00+00:00","Bongo Net","deploy","L4","B2",40.697,-70.879,"Hit the bottom","AT46"
"1856","2022-02-17 03:20:00+00:00","Incubation Grazing","start","L4","2",40.696,-70.877,"","AT46"
"1857","2022-02-17 03:24:00+00:00","Bongo Net","recover","L4","B2",40.694,-70.876,"","AT46"
"1858","2022-02-17 03:24:00+00:00","Incubation C13","start","L4","2",40.694,-70.876,"","AT46"
"1859","2022-02-17 04:50:00+00:00","Underway Science seawater diaphragm pump","TOI discrete","","",40.543,-70.883,"","AT46"
"1860","2022-02-17 04:52:00+00:00","Underway Science seawater diaphragm pump","TOI discrete","","",40.539,-70.883,"","AT46"
"1861","2022-02-17 05:18:24+00:00","CTD911","deploy","","3",40.514,-70.882,"","AT46"
"1862","2022-02-17 06:10:00+00:00","Bongo Net","deploy","L5","B3",40.512,-70.879,"","AT46"
"1863","2022-02-17 06:15:00+00:00","Underway Science seawater diaphragm pump","chl discrete","","",40.51,-70.877,"","AT46"
"1864","2022-02-17 06:23:00+00:00","Bongo Net","recover","L5","B3",40.507,-70.875,"","AT46"
"1865","2022-02-17 10:17:33+00:00","CTD911","deploy","","4",40.366,-70.776,"","AT46"
"1866","2022-02-17 11:32:00+00:00","Underway Science seawater diaphragm pump","TOI discrete","","",40.363,-70.939,"","AT46"
"1867","2022-02-17 11:34:00+00:00","Underway Science seawater diaphragm pump","TOI discrete","","",40.363,-70.948,"","AT46"
"1868","2022-02-17 11:35:00+00:00","Underway Science seawater diaphragm pump","chl discrete","","",40.363,-70.952,"","AT46"
"1869","2022-02-17 11:56:37+00:00","CTD911","deploy","","5",40.364,-70.992,"","AT46"
"1870","2022-02-17 13:03:03+00:00","CTD911","deploy","","6",40.363,-70.882,"","AT46"
"1871","2022-02-17 13:54:00+00:00","Bongo Net","deploy","L6","B6",40.358,-70.88,"samples labeled as B4","AT46"
"1872","2022-02-17 13:54:54+00:00","Incubation C13","start","L6","6",40.357,-70.88,"","AT46"
"1873","2022-02-17 14:15:00+00:00","Bongo Net","recover","L6","B6",40.354,-70.88,"samples labeled as B4; elog submitted after bongo secure","AT46"
"1874","2022-02-17 14:30:26+00:00","Incubation Grazing","start","L6","6",40.359,-70.883,"","AT46"
"1875","2022-02-17 15:36:13+00:00","EK80 broadband","other","","",40.301,-70.879,"change max recording range = 200m","AT46"
"1876","2022-02-17 16:08:00+00:00","Underway Science seawater diaphragm pump","chl discrete","","",40.263,-70.88,"","AT46"
"1877","2022-02-17 16:10:44+00:00","Sting Ray","deploy towed","L6","",40.26,-70.881,"Tow 2","AT46"
"1878","2022-02-17 16:30:00+00:00","Bongo Net","other","L4","B6",40.237,-70.882,"PlanktonScope (from 20um plankton net)","AT46"
"1879","2022-02-17 16:54:00+00:00","Underway Science seawater diaphragm pump","TOI discrete","","",40.209,-70.882,"","AT46"
"1880","2022-02-17 16:56:00+00:00","Underway Science seawater diaphragm pump","TOI discrete","","",40.207,-70.881,"","AT46"
"1881","2022-02-17 17:19:00+00:00","Underway Science seawater diaphragm pump","DO discrete","","",40.18,-70.882,"","AT46"
"1882","2022-02-17 17:20:00+00:00","Underway Science seawater diaphragm pump","DO discrete","","",40.178,-70.882,"","AT46"
"1883","2022-02-17 17:22:00+00:00","Underway Science seawater diaphragm pump","DO discrete","","",40.176,-70.882,"","AT46"
"1884","2022-02-17 18:28:00+00:00","Underway Science seawater diaphragm pump","TOI discrete","","",40.134,-70.813,"","AT46"
"1885","2022-02-17 18:30:00+00:00","Underway Science seawater diaphragm pump","TOI discrete","","",40.131,-70.808,"","AT46"
"1886","2022-02-17 18:32:14+00:00","Sting Ray","recover","L8","",40.127,-70.803,"Tow 2 (Navy ops within Pioneer Array, required recovery and diverted ship track)","AT46"
"1887","2022-02-17 18:33:55+00:00","EK80 broadband","other","","",40.124,-70.798,"Change max recording range to 1000m, ping rate = every 2sec","AT46"
"1888","2022-02-17 18:55:00+00:00","Underway Science seawater diaphragm pump","TOI discrete","","",40.088,-70.748,"","AT46"
"1889","2022-02-17 18:57:00+00:00","Underway Science seawater diaphragm pump","TOI discrete","","",40.083,-70.746,"","AT46"
"1890","2022-02-17 19:00:00+00:00","Incubation C13","stop","L1","1",40.077,-70.741,"","AT46"
"1891","2022-02-17 19:38:05+00:00","Incubation Grazing","stop","L1","1",39.989,-70.73,"","AT46"
"1892","2022-02-17 19:57:00+00:00","Underway Science seawater diaphragm pump","TOI discrete","","",39.934,-70.746,"","AT46"
"1893","2022-02-17 19:58:00+00:00","Underway Science seawater diaphragm pump","TOI discrete","","",39.932,-70.748,"","AT46"
"1894","2022-02-17 21:19:24+00:00","CTD911","deploy","","7",39.773,-70.883,"","AT46"
"1895","2022-02-17 21:30:00+00:00","Underway Science seawater diaphragm pump","chl discrete","","",39.773,-70.882,"","AT46"
"1896","2022-02-17 22:07:43+00:00","EK80 broadband","stop","","",39.773,-70.881,"Stop recording due to no space in the disk","AT46"
"1897","2022-02-17 22:43:00+00:00","Bongo Net","deploy","L11","B7",39.771,-70.877,"","AT46"
"1898","2022-02-17 23:09:34+00:00","Incubation C13","start","L11","7",39.765,-70.864,"","AT46"
"1899","2022-02-17 23:14:00+00:00","Bongo Net","recover","L11","B7",39.764,-70.861,"","AT46"
"1900","2022-02-17 23:41:39+00:00","Sting Ray","deploy towed","L11","",39.782,-70.883,"Tow 3","AT46"
"1901","2022-02-17 23:53:25+00:00","Incubation Grazing","start","L11","7",39.797,-70.884,"","AT46"
"1902","2022-02-17 23:59:16+00:00","EK80 broadband","start","","",39.803,-70.884,"restart EK80 with new hard drive space available: max range=1300m, ping every 3sec","AT46"
"1903","2022-02-18 00:29:00+00:00","EK80 broadband","other","","",39.844,-70.886,"change range to 1000m; ping rate = every 2sec","AT46"
"1904","2022-02-18 01:10:00+00:00","Underway Science seawater diaphragm pump","chl discrete","","",39.901,-70.884,"","AT46"
"1905","2022-02-18 02:56:22+00:00","Incubation C13","stop","L4","2",40.051,-70.88,"","AT46"
"1906","2022-02-18 03:29:49+00:00","Incubation Grazing","stop","L4","2",40.097,-70.879,"","AT46"
"1907","2022-02-18 04:00:00+00:00","Sting Ray","recover","L9","",40.091,-70.872,"Tow 3","AT46"
"1908","2022-02-18 04:19:01+00:00","CTD911","deploy","","8",40.091,-70.871,"","AT46"
"1909","2022-02-18 05:13:00+00:00","Underway Science seawater diaphragm pump","chl discrete","","",40.082,-70.867,"","AT46"
"1910","2022-02-18 07:14:12+00:00","EK80 broadband","other","","",39.952,-70.883,"change power at 200khz from 120W to 150W for testing","AT46"
"1911","2022-02-18 07:35:43+00:00","CTD911","deploy","","9",39.952,-70.881,"","AT46"
"1912","2022-02-18 09:14:00+00:00","Underway Science seawater diaphragm pump","DO discrete","","",39.951,-70.871,"","AT46"
"1913","2022-02-18 09:15:00+00:00","Underway Science seawater diaphragm pump","DO discrete","","",39.951,-70.871,"","AT46"
"1914","2022-02-18 09:17:00+00:00","Underway Science seawater diaphragm pump","DO discrete","","",39.951,-70.871,"","AT46"
"1915","2022-02-18 10:20:00+00:00","Underway Science seawater diaphragm pump","chl discrete","","",40.027,-70.879,"","AT46"
"1916","2022-02-18 14:23:29+00:00","Underway Science seawater diaphragm pump","FCM discrete","","UW1",40.067,-70.858,"","AT46"
"1917","2022-02-18 14:29:04+00:00","Incubation C13","stop","L6","6",40.066,-70.857,"","AT46"
"1918","2022-02-18 15:45:00+00:00","Incubation Grazing","stop","L6","6",40.061,-70.835,"","AT46"
"1919","2022-02-18 17:10:32+00:00","Underway Science seawater diaphragm pump","FCM discrete","","UW2",40.045,-70.764,"run on both attune and ifcb","AT46"
"1920","2022-02-18 17:30:00+00:00","Incubation Grazing","stop","L11","7",40.038,-70.747,"","AT46"
"1921","2022-02-18 17:30:00+00:00","Underway Science seawater diaphragm pump","chl discrete","","",40.038,-70.747,"","AT46"
"1922","2022-02-18 18:15:00+00:00","Incubation C13","stop","L11","7",40.091,-70.749,"","AT46"
"1923","2022-02-18 19:59:49+00:00","CTD911","deploy","","10",40.097,-70.774,"","AT46"
"1924","2022-02-18 20:45:40+00:00","EK80 broadband","other","","",40.1,-70.778,"change max range 200m; ping rate = every 1s, bottom detection OFF","AT46"
"1925","2022-02-18 22:40:30+00:00","CTD911","deploy","","11",40.098,-70.994,"","AT46"
"1926","2022-02-18 23:55:00+00:00","Underway Science seawater diaphragm pump","chl discrete","","",40.097,-70.887,"","AT46"
"1927","2022-02-19 00:00:00+00:00","Incubation Grazing","start","L3","16",40.096,-70.884,"","AT46"
"1928","2022-02-19 00:12:14+00:00","CTD911","deploy","","12",40.095,-70.886,"","AT46"
"1929","2022-02-19 00:15:00+00:00","Incubation C13","start","L3","16",40.094,-70.887,"","AT46"
"1930","2022-02-19 00:43:00+00:00","Underway Science seawater diaphragm pump","TOI discrete","","",40.09,-70.895,"","AT46"
"1931","2022-02-19 00:44:00+00:00","Underway Science seawater diaphragm pump","DO discrete","","",40.09,-70.895,"","AT46"
"1932","2022-02-19 00:45:00+00:00","Bongo Net","deploy","L9","B12",40.09,-70.895,"","AT46"
"1933","2022-02-19 01:06:00+00:00","Bongo Net","recover","L9","B12",40.09,-70.911,"","AT46"
"1934","2022-02-19 02:16:00+00:00","Bongo Net","deploy","L8","B13",40.137,-70.782,"Forgot TDR; depth estimated with wire angle","AT46"
"1935","2022-02-19 02:34:00+00:00","Bongo Net","recover","L8","B13",40.137,-70.794,"","AT46"
"1936","2022-02-19 03:14:54+00:00","CTD911","deploy","","13",40.135,-70.781,"","AT46"
"1937","2022-02-19 03:40:00+00:00","Underway Science seawater diaphragm pump","TOI discrete","","",40.133,-70.783,"","AT46"
"1938","2022-02-19 03:41:00+00:00","Underway Science seawater diaphragm pump","TOI discrete","","",40.133,-70.783,"","AT46"
"1939","2022-02-19 04:20:32+00:00","Incubation Grazing","start","L8","13",40.149,-70.791,"","AT46"
"1940","2022-02-19 04:20:49+00:00","Incubation C13","start","L8","13",40.149,-70.791,"","AT46"
"1941","2022-02-19 05:43:31+00:00","CTD911","deploy","","14",40.225,-70.885,"","AT46"
"1942","2022-02-19 06:36:00+00:00","Bongo Net","deploy","L7","B14",40.224,-70.892,"","AT46"
"1943","2022-02-19 06:54:00+00:00","Bongo Net","recover","L7","B14",40.225,-70.906,"150 net ripped off and 20 net cod end ripped off at surface. 335 sample OK. Recovery time approximate","AT46"
"1944","2022-02-19 07:15:00+00:00","Underway Science seawater diaphragm pump","chl discrete","","",40.221,-70.913,"","AT46"
"1945","2022-02-19 07:21:42+00:00","EK80 broadband","other","","",40.222,-70.906,"change power at 200khz back to 120W ","AT46"
"1946","2022-02-19 07:24:23+00:00","ADCP300","stop","","",40.222,-70.898,"stop ADCP for EK80 passive test","AT46"
"1947","2022-02-19 07:24:36+00:00","ADCP75","stop","","",40.222,-70.898,"stop ADCP for EK80 passive test","AT46"
"1948","2022-02-19 07:24:49+00:00","EK80 broadband","stop","","",40.222,-70.898,"stop EK80 for passive data collection","AT46"
"1949","2022-02-19 07:25:57+00:00","EK80 broadband","start","","",40.222,-70.895,"start EK80 passive test","AT46"
"1950","2022-02-19 07:46:54+00:00","EK80 broadband","start","","",40.178,-70.883,"start EK80 active mode","AT46"
"1951","2022-02-19 07:46:54+00:00","EK80 broadband","start","","",40.178,-70.883,"start EK80 active mode","AT46"
"1952","2022-02-19 07:47:23+00:00","ADCP300","start","","",40.176,-70.883,"start ADCP","AT46"
"1953","2022-02-19 07:47:42+00:00","ADCP75","start","","",40.176,-70.883,"start ADCP","AT46"
"1954","2022-02-19 08:32:14+00:00","EK80 broadband","stop","","",40.097,-70.883,"stop EK80 for Mini/AZFP deployment","AT46"
"1955","2022-02-19 08:32:39+00:00","ADCP300","stop","","",40.097,-70.883,"stop ADCP for Mini/AZFP deployment","AT46"
"1956","2022-02-19 08:32:58+00:00","ADCP75","stop","","",40.097,-70.883,"stop ADCP for Mini/AZFP deployment","AT46"
"1957","2022-02-19 08:52:30+00:00","ASL AZFP ","deploy","L9","",40.098,-70.883,"AZFP deployed at 10m depth","AT46"
"1958","2022-02-19 08:52:34+00:00","EK80 broadband","start","","",40.098,-70.883,"testing along with AZFP","AT46"
"1959","2022-02-19 09:16:00+00:00","Underway Science seawater diaphragm pump","chl discrete","","",40.098,-70.883,"","AT46"
"1960","2022-02-19 10:30:15+00:00","ASL AZFP ","recover","L9","",40.098,-70.883,"AZFP recovered","AT46"
"1961","2022-02-19 11:10:00+00:00","Ek80 mini","deploy","L9","",40.098,-70.882,"EK80 Mini deployed","AT46"
"1962","2022-02-19 13:30:30+00:00","Ek80 mini","recover","L9","",40.099,-70.88,"EK80 mini recovered","AT46"
"1963","2022-02-19 13:49:52+00:00","Sting Ray","deploy towed","L9","",40.108,-70.878,"Tow 4","AT46"
"1964","2022-02-19 14:15:14+00:00","EK80 broadband","start","","",40.136,-70.878,"start EK80 in active mode","AT46"
"1965","2022-02-19 14:15:32+00:00","ADCP300","start","","",40.137,-70.878,"start ADCP","AT46"
"1966","2022-02-19 14:15:59+00:00","ADCP75","start","","",40.137,-70.878,"start ADCP","AT46"
"1967","2022-02-19 14:46:00+00:00","SUNAV2","sync time","","",40.18,-70.884,"2 sec slow","AT46"
"1968","2022-02-19 15:49:00+00:00","Underway Science seawater diaphragm pump","chl discrete","","",40.271,-70.884,"","AT46"
"1969","2022-02-19 18:33:01+00:00","Underway Science seawater diaphragm pump","TOI discrete","","",40.515,-70.872,"underway sample","AT46"
"1970","2022-02-19 18:35:40+00:00","Underway Science seawater diaphragm pump","TOI discrete","","",40.519,-70.872,"underway sample dup","AT46"
"1971","2022-02-19 18:37:13+00:00","Other","start","","",40.52,-70.872,"test for entering an old time.   oops  forgtot to fix this entry.   3rd change. 4th change","AT46"
"1972","2022-02-19 18:37:13+00:00","Other","start","","",40.52,-70.872,"test entry to check on time.   Update on the entry later on.   further update number 3","AT46"
"1973","2022-02-19 20:00:00+00:00","Underway Science seawater diaphragm pump","chl discrete","","",40.632,-70.88,"","AT46"
"1974","2022-02-19 20:55:00+00:00","Underway Science seawater diaphragm pump","IFCB discrete","","UW3",40.698,-70.879,"run on both 102 and 115 taken at 19Feb2022 2055","AT46"
"1975","2022-02-19 21:08:57+00:00","Attune Flow Cytometer","stop","L4","",40.704,-70.876,"stop for maintenance","AT46"
"1976","2022-02-19 21:17:29+00:00","Sting Ray","recover","L4","",40.697,-70.881,"Tow 4","AT46"
"1977","2022-02-19 21:28:24+00:00","CTD911","deploy","","15",40.696,-70.881,"","AT46"
"1978","2022-02-19 21:59:12+00:00","Incubation C13","start","L4","15",40.696,-70.881,"","AT46"
"1979","2022-02-19 22:03:27+00:00","Attune Flow Cytometer","start","","",40.697,-70.882,"restarted underway sampling","AT46"
"1980","2022-02-19 23:30:38+00:00","CTD911","deploy","","16",40.861,-70.882,"","AT46"
"1981","2022-02-20 01:14:00+00:00","Underway Science seawater diaphragm pump","chl discrete","","",41.027,-70.884,"","AT46"
"1982","2022-02-20 01:14:06+00:00","CTD911","deploy","","17",41.027,-70.884,"","AT46"
"1983","2022-02-20 01:25:00+00:00","Underway Science seawater diaphragm pump","TOI discrete","","",41.027,-70.886,"","AT46"
"1984","2022-02-20 01:26:00+00:00","Underway Science seawater diaphragm pump","TOI discrete","","",41.027,-70.886,"","AT46"
"1985","2022-02-20 01:53:56+00:00","Incubation Grazing","start","L2","17",41.028,-70.827,"","AT46"
"1986","2022-02-20 01:54:22+00:00","Incubation C13","start","L2","17",41.028,-70.824,"","AT46"
"1987","2022-02-20 02:45:00+00:00","Underway Science seawater diaphragm pump","TOI discrete","","",41.028,-70.664,"","AT46"
"1988","2022-02-20 02:46:00+00:00","Underway Science seawater diaphragm pump","TOI discrete","","",41.028,-70.664,"","AT46"
"1989","2022-02-20 04:05:10+00:00","Incubation C13","stop","L8","13",41.031,-70.771,"","AT46"
"1990","2022-02-20 04:45:00+00:00","Incubation Grazing","stop","L8","13",41.03,-70.808,"","AT46"
"1991","2022-02-20 05:50:00+00:00","Underway Science seawater diaphragm pump","TOI discrete","","",41.03,-70.875,"","AT46"
"1992","2022-02-20 07:22:00+00:00","Underway Science seawater diaphragm pump","TOI discrete","","",41.03,-70.991,"","AT46"
"1993","2022-02-20 07:28:00+00:00","Underway Science seawater diaphragm pump","TOI discrete","","",41.03,-70.999,"","AT46"
"1994","2022-02-20 07:45:00+00:00","Underway Science seawater diaphragm pump","chl discrete","","",41.03,-71.024,"","AT46"
"1995","2022-02-20 08:28:00+00:00","Underway Science seawater diaphragm pump","TOI discrete","","",41.029,-71.099,"","AT46"
"1996","2022-02-20 08:29:00+00:00","Underway Science seawater diaphragm pump","TOI discrete","","",41.029,-71.101,"","AT46"
"1997","2022-02-20 09:46:00+00:00","Underway Science seawater diaphragm pump","DO discrete","","",41.029,-70.88,"","AT46"
"1998","2022-02-20 09:48:00+00:00","Underway Science seawater diaphragm pump","DO discrete","","",41.026,-70.88,"","AT46"
"1999","2022-02-20 09:52:00+00:00","Underway Science seawater diaphragm pump","DO discrete","","",41.019,-70.884,"","AT46"
"2000","2022-02-20 10:11:00+00:00","Underway Science seawater diaphragm pump","DO discrete","","",40.972,-70.883,"","AT46"
"2001","2022-02-20 10:14:00+00:00","Underway Science seawater diaphragm pump","DO discrete","","",40.964,-70.883,"","AT46"
"2002","2022-02-20 10:16:00+00:00","Underway Science seawater diaphragm pump","DO discrete","","",40.959,-70.883,"","AT46"
"2003","2022-02-20 10:44:34+00:00","Underway Science seawater diaphragm pump","FCM discrete","","UW4",40.883,-70.883,"took fcm discrete and ifcb discrete","AT46"
"2004","2022-02-20 12:50:23+00:00","CTD911","deploy","","18",40.697,-70.773,"","AT46"
"2005","2022-02-20 13:15:00+00:00","Underway Science seawater diaphragm pump","chl discrete","","",40.695,-70.775,"","AT46"
"2006","2022-02-20 13:39:00+00:00","Attune Flow Cytometer","other","u4a","18",40.696,-70.829,"underway sampling briefly paused to run CTD N1 N3 discrete","AT46"
"2007","2022-02-20 14:49:22+00:00","CTD911","deploy","","19",40.697,-70.994,"","AT46"
"2008","2022-02-20 15:56:00+00:00","Attune Flow Cytometer","other","d4a","19",40.696,-70.883,"underway sampling briefly paused to run CTD discretes N1 N2 N4 N6","AT46"
"2009","2022-02-20 16:13:36+00:00","CTD911","deploy","","20",40.695,-70.884,"","AT46"
"2010","2022-02-20 16:33:00+00:00","Underway Science seawater diaphragm pump","TOI discrete","","",40.695,-70.888,"","AT46"
"2011","2022-02-20 16:33:00+00:00","Underway Science seawater diaphragm pump","TOI discrete","","",40.695,-70.888,"","AT46"
"2012","2022-02-20 16:34:00+00:00","Underway Science seawater diaphragm pump","TOI discrete","","",40.695,-70.889,"underway sample taken","AT46"
"2013","2022-02-20 16:34:00+00:00","Underway Science seawater diaphragm pump","TOI discrete","","",40.695,-70.889,"","AT46"
"2014","2022-02-20 17:01:00+00:00","Attune Flow Cytometer","other","L4","20",40.677,-70.883,"underway sampling briefly paused to run CTD discretes N1 N2 N4 N6","AT46"
"2015","2022-02-20 17:54:58+00:00","Sting Ray","deploy towed","L5","",40.559,-70.883,"Tow 6","AT46"
"2016","2022-02-20 18:33:37+00:00","EK80 broadband","stop","","",40.606,-70.884,"stop EK80 for passive data collection","AT46"
"2017","2022-02-20 18:34:17+00:00","ADCP75","stop","","",40.606,-70.884,"stop ADCP for EK80 passive test","AT46"
"2018","2022-02-20 18:34:17+00:00","ADCP300","stop","","",40.606,-70.884,"stop ADCP for EK80 passive test","AT46"
"2019","2022-02-20 18:34:35+00:00","EK80 broadband","start","","",40.608,-70.884,"start EK80 passive test","AT46"
"2020","2022-02-20 18:45:27+00:00","EK80 broadband","stop","","",40.624,-70.883,"stop EK80 passive test","AT46"
"2021","2022-02-20 18:49:08+00:00","EK80 broadband","start","","",40.628,-70.883,"start EK80 active mode: 70khz frequency range sets for 55-90khz","AT46"
"2022","2022-02-20 18:54:23+00:00","EK80 broadband","start","","",40.637,-70.884,"change 70khz freq range back to 45-90khz (original setting)","AT46"
"2023","2022-02-20 18:54:23+00:00","EK80 broadband","start","","",40.637,-70.884,"change 70khz freq range back to 45-90khz (original setting)","AT46"
"2024","2022-02-20 18:57:02+00:00","ADCP300","start","","",40.64,-70.884,"start ADCP","AT46"
"2025","2022-02-20 18:57:26+00:00","ADCP75","start","","",40.642,-70.884,"start ADCP","AT46"
"2026","2022-02-20 19:30:00+00:00","Underway Science seawater diaphragm pump","chl discrete","","",40.689,-70.884,"","AT46"
"2027","2022-02-20 20:55:00+00:00","Underway Science seawater diaphragm pump","TOI discrete","","",40.816,-70.884,"","AT46"
"2028","2022-02-20 20:57:00+00:00","Underway Science seawater diaphragm pump","TOI discrete","","",40.819,-70.884,"","AT46"
"2029","2022-02-20 21:27:00+00:00","Underway Science seawater diaphragm pump","TOI discrete","","",40.864,-70.884,"","AT46"
"2030","2022-02-20 21:30:00+00:00","Underway Science seawater diaphragm pump","TOI discrete","","",40.869,-70.884,"","AT46"
"2031","2022-02-20 21:47:27+00:00","Incubation C13","stop","L4","",40.897,-70.884,"","AT46"
"2032","2022-02-20 22:04:00+00:00","Underway Science seawater diaphragm pump","TOI discrete","","",40.922,-70.884,"","AT46"
"2033","2022-02-20 22:07:00+00:00","Underway Science seawater diaphragm pump","TOI discrete","","",40.927,-70.884,"","AT46"
"2034","2022-02-20 23:36:26+00:00","Sting Ray","recover","L2","",41.032,-70.883,"Tow 5","AT46"
"2035","2022-02-20 23:53:45+00:00","CTD911","deploy","","21",41.029,-70.882,"","AT46"
"2036","2022-02-20 23:57:29+00:00","Incubation C13","stop","L3","16",41.029,-70.881,"","AT46"
"2037","2022-02-21 00:22:24+00:00","Incubation Grazing","stop","L3","16",41.027,-70.879,"","AT46"
"2038","2022-02-21 00:27:00+00:00","Bongo Net","deploy","L2","B21",41.026,-70.88,"Tied ends of 150um and 20um; cod end on 335um ","AT46"
"2039","2022-02-21 00:33:00+00:00","Bongo Net","recover","L2","B21",41.024,-70.881,"","AT46"
"2040","2022-02-21 01:35:46+00:00","Incubation C13","stop","L2","17",40.915,-70.883,"","AT46"
"2041","2022-02-21 02:09:00+00:00","Bongo Net","deploy","L3","B22",40.864,-70.883,"","AT46"
"2042","2022-02-21 02:19:00+00:00","Bongo Net","recover","L3","B22",40.861,-70.883,"","AT46"
"2043","2022-02-21 02:32:48+00:00","Incubation Grazing","stop","L2","17",40.861,-70.882,"","AT46"
"2044","2022-02-21 02:38:12+00:00","CTD911","deploy","","22",40.86,-70.882,"","AT46"
"2045","2022-02-21 03:25:51+00:00","ASL AZFP ","deploy","L3","",40.86,-70.883,"deploy AZFP","AT46"
"2046","2022-02-21 03:27:21+00:00","ADCP300","stop","","",40.86,-70.883,"stop ADCP","AT46"
"2047","2022-02-21 03:27:46+00:00","ADCP75","stop","","",40.86,-70.883,"stop ADCP","AT46"
"2048","2022-02-21 03:27:53+00:00","EK80 broadband","stop","","",40.86,-70.883,"stop ek80","AT46"
"2049","2022-02-21 04:33:01+00:00","Underway Science seawater diaphragm pump","chl discrete","","",40.858,-70.88,"","AT46"
"2050","2022-02-21 06:30:00+00:00","Underway Science seawater diaphragm pump","IFCB discrete","","UW5",40.857,-70.879,"","AT46"
"2051","2022-02-21 07:34:22+00:00","ASL AZFP ","recover","L3","",40.855,-70.878,"recovered AZFP","AT46"
"2052","2022-02-21 07:55:07+00:00","EK80 broadband","start","","",40.858,-70.883,"","AT46"
"2053","2022-02-21 07:55:35+00:00","ADCP300","start","","",40.86,-70.883,"","AT46"
"2054","2022-02-21 07:55:35+00:00","ADCP75","start","","",40.86,-70.883,"","AT46"
"2055","2022-02-21 09:03:00+00:00","Underway Science seawater diaphragm pump","TOI discrete","","",41.03,-70.884,"","AT46"
"2056","2022-02-21 09:21:00+00:00","Underway Science seawater diaphragm pump","TOI discrete","","",41.088,-70.884,"","AT46"
"2057","2022-02-21 09:22:00+00:00","Underway Science seawater diaphragm pump","TOI discrete","","",41.091,-70.884,"","AT46"
"2058","2022-02-21 09:54:00+00:00","Underway Science seawater diaphragm pump","TOI discrete","","",41.194,-70.884,"","AT46"
"2059","2022-02-21 09:55:00+00:00","Underway Science seawater diaphragm pump","TOI discrete","","",41.198,-70.884,"","AT46"
"2060","2022-02-21 11:38:33+00:00","CTD911","deploy","","23",41.324,-70.563,"","AT46"
"2061","2022-02-21 12:00:00+00:00","Bongo Net","deploy","MVCO","B23",41.324,-70.564,"","AT46"
"2062","2022-02-21 12:04:00+00:00","Bongo Net","recover","MVCO","B23",41.323,-70.565,"","AT46"
"2063","2022-02-21 13:44:44+00:00","Attune Flow Cytometer","other","","C23",41.206,-70.887,"underway sampling briefly paused to run CTD N2 N3 N7 discrete","AT46"
"2064","2022-02-21 14:02:35+00:00","SUNAV2","offCTD","","",41.264,-70.895,"SUNA removed from CTD package","AT46"
"2065","2022-02-21 14:06:22+00:00","Attune Flow Cytometer","stop","","",41.275,-70.899,"","AT46"
"2066","2022-02-21 14:07:05+00:00","IFCB continuous","stop","","",41.275,-70.899,"","AT46"
"2067","2022-02-21 14:24:51+00:00","SUNAV2","sync time","","",41.324,-70.902,"0 sec off","AT46"
"2068","2022-02-21 14:54:03+00:00","EK80 broadband","stop","","",41.392,-70.879,"","AT46"
"2069","2022-02-21 15:00:10+00:00","ADCP75","stop","","",41.401,-70.86,"Stop Recording and End Cruise AT46 for UHDAS ADCP 75 KHz and 300 KHz after last station and transiting to WHOI dock. Current location si West of Martha's Vineyard.","AT46"
"2070","2022-02-21 15:01:56+00:00","ADCP300","stop","","",41.404,-70.854,"Stop Recording and End Cruise AT46 for UHDAS ADCP 75 KHz and 300 KHz after last station and transiting to WHOI dock. Current location si West of Martha's Vineyard.","AT46"
"2071","2022-02-21 15:02:23+00:00","UHDAS","stop","","",41.405,-70.852,"Stop Recording and End Cruise AT46 for UHDAS ADCP 75 KHz and 300 KHz after last station and transiting to WHOI dock. Current location si West of Martha's Vineyard.","AT46"
"2072","2022-02-21 17:11:06+00:00","Underway Science seawater diaphragm pump","stop","","",41.48,-70.696,"Shut off pump.  End of trip.","AT46"
"2073","2022-02-21 18:51:56+00:00","Ship","endCruise","","",41.523,-70.672,"Lines over at WHOI dock.","AT46"
"2074","2022-07-28 19:09:06+00:00","MeteorologicalSensor","other","","",41.5235,-70.6718,"Met sensors remain running and logging as usual","EN687"
"2075","2022-07-29 09:00:00+00:00","SUNAV2","onCTD","","",41.5235,-70.6718,"","EN687"
"2076","2022-07-29 13:00:31+00:00","Other","start","","",41.5235,-70.6718,"Orientation by 2nd mate - long pre-cruise","EN687"
"2077","2022-07-29 13:14:02+00:00","Other","other","","",41.5235,-70.6718,"TimeDiff run on SCS. Knudsen. Winch. TSal. CTD. Display. SpareT3500 computers. All good.","EN687"
"2078","2022-07-29 15:39:54+00:00","Ship","other","","",41.5235,-70.6718,"Gangway removed - between ship and WHOI dock","EN687"
"2079","2022-07-29 15:42:51+00:00","Echosounder12","start","","",41.5235,-70.6718,"Start 12khz echosounder before leaving WHOI dock","EN687"
"2080","2022-07-29 15:46:52+00:00","Ship","startCruise","","",41.5235,-70.6718,"Leaving dock. Lines removed from dock at WHOI","EN687"
"2081","2022-07-29 16:27:10+00:00","Other","start","","",41.456,-70.7475,"HOBOs deployed on deckboard incubators","EN687"
"2082","2022-07-29 17:22:39+00:00","UHDAS for both ADCPs","start","","",41.3577,-70.9062,"Start UHDAS which controls both 75 and 300 KHz data acquisition after leaving Woods Hole.","EN687"
"2083","2022-07-29 17:23:06+00:00","ADCP75","start","","",41.3556,-70.9088,"Start UHDAS which controls both 75 and 300 KHz data acquisition after leaving Woods Hole.","EN687"
"2084","2022-07-29 17:23:34+00:00","ADCP300","start","","",41.3556,-70.9088,"Start UHDAS which controls both 75 and 300 KHz data acquisition after leaving Woods Hole.","EN687"
"2085","2022-07-29 17:40:55+00:00","Underway Science seawater impeller","start","","",41.3164,-70.9411,"Impeller pump started in Vineyard Sound.","EN687"
"2086","2022-07-29 17:45:49+00:00","Underway Science seawater diaphragm pump","start","","",41.3021,-70.9403,"Start diaphragm pump flowthrough seawater system and flush for ~15min. At setting =27 then adjust to 17, 20, 23.","EN687"
"2087","2022-07-29 17:52:36+00:00","Fluorometers on underway impeller","other","","",41.2831,-70.9305,"Cleaned ECO fluorometer and WETStar fluorometer","EN687"
"2088","2022-07-29 17:54:13+00:00","Underway Science seawater diaphragm pump","start","","",41.2778,-70.9271,"","EN687"
"2089","2022-07-29 18:00:31+00:00","Thermosalinographs on underway impeller","start","","",41.2618,-70.918,"TSG SBE21 acquisition started in SeaSave after starting impeller pump and opening valves. ECO-Fluor and WETStar Fluor and Cosine Surface PAR are connected to the SBE21.","EN687"
"2090","2022-07-29 18:05:00+00:00","Underway Science seawater impeller","chl discrete","","",41.2505,-70.9143,"","EN687"
"2091","2022-07-29 18:17:10+00:00","Attune Flow Cytometer","start","","",41.2157,-70.8943,"","EN687"
"2092","2022-07-29 18:23:48+00:00","EIMS","start","","",41.2005,-70.885,"EIMS started measuring underway water now","EN687"
"2093","2022-07-29 18:30:00+00:00","IFCB continuous","start","","",41.1942,-70.8837,"","EN687"
"2094","2022-07-29 19:15:46+00:00","CTD911","deploy","","1",41.19,-70.8769,"","EN687"
"2095","2022-07-29 19:51:25+00:00","Bongo Net","deploy","L1","B01",41.1835,-70.8713,"1st Bongo. After CTD EN687_001.","EN687"
"2096","2022-07-29 19:58:47+00:00","Bongo Net","recover","L1","B01",41.1804,-70.8717,"1st Bongo. After CTD EN687_001.","EN687"
"2097","2022-07-29 20:00:25+00:00","Incubation C13","start","L1","001",41.1796,-70.8717,"","EN687"
"2098","2022-07-29 20:12:59+00:00","Incubation Grazing","start","L1","001",41.1703,-70.8722,"","EN687"
"2099","2022-07-29 20:40:46+00:00","Sting Ray","SUNAV2","","",41.1363,-70.8783,"sync time now which is prior to first tow","EN687"
"2100","2022-07-29 20:41:01+00:00","Incubation Mixotrophy","start","L1","001",41.136,-70.8783,"","EN687"
"2101","2022-07-29 20:52:16+00:00","Incubation Mixotrophy","stop","L1","001",41.1322,-70.878,"","EN687"
"2102","2022-07-29 20:54:16+00:00","Sting Ray","deploy towed","L1","tow001",41.1316,-70.8779,"","EN687"
"2103","2022-07-29 21:05:54+00:00","Incubation Respiration O2","start","L1","001",41.1251,-70.878,"","EN687"
"2104","2022-07-29 21:27:23+00:00","Underway Science seawater diaphragm pump","DO discrete","","",41.1062,-70.8788,"O2 bottle 32 ","EN687"
"2105","2022-07-29 21:29:01+00:00","Underway Science seawater diaphragm pump","DO discrete","","",41.1046,-70.8789,"O2 bottle 14","EN687"
"2106","2022-07-29 22:19:00+00:00","Underway Science seawater impeller","chl discrete","","",41.0537,-70.8803,"","EN687"
"2107","2022-07-29 22:40:00+00:00","Underway Science seawater diaphragm pump","TOI discrete","","",41.0309,-70.8808,"toi bottle 829","EN687"
"2108","2022-07-29 23:16:48+00:00","SUNAV2","sync time","","",40.9921,-70.8796,"36s FAST OOPS big deal for CTD data matchup for C1. synced correctly for cast 2","EN687"
"2109","2022-07-30 00:15:00+00:00","Underway Science seawater diaphragm pump","TOI discrete","","",40.9311,-70.8782,"toi bottle 216","EN687"
"2110","2022-07-30 00:20:49+00:00","Underway Science seawater diaphragm pump","DO discrete","","",40.925,-70.8783,"O2 bottle 29","EN687"
"2111","2022-07-30 00:25:36+00:00","Underway Science seawater diaphragm pump","DO discrete","","",40.9199,-70.8783,"O2 bottle 33","EN687"
"2112","2022-07-30 01:35:23+00:00","Sting Ray","recover","L3","tow001",40.8497,-70.8816,"","EN687"
"2113","2022-07-30 02:28:18+00:00","Underway Science seawater diaphragm pump","IFCB discrete","","UW1",40.9837,-70.8803,"IFCB115 analyze","EN687"
"2114","2022-07-30 02:57:30+00:00","CTD911","deploy","","2",41.0279,-70.8837,"","EN687"
"2115","2022-07-30 03:09:00+00:00","Underway Science seawater diaphragm pump","TOI discrete","","",41.0264,-70.8828,"botle 567","EN687"
"2116","2022-07-30 03:10:00+00:00","Underway Science seawater diaphragm pump","TOI discrete","","",41.0263,-70.8827,"toi bottle 753","EN687"
"2117","2022-07-30 03:36:26+00:00","Incubation C13","start","L2","002",41.0237,-70.8796,"","EN687"
"2118","2022-07-30 03:50:30+00:00","Bongo Net","deploy","L2","B02",41.0291,-70.8842,"2nd Bongo. After CTD EN687_002.","EN687"
"2119","2022-07-30 03:51:17+00:00","Incubation Grazing","start","L2","002",41.0288,-70.8841,"","EN687"
"2120","2022-07-30 04:08:00+00:00","Bongo Net","recover","L2","B02",41.0211,-70.8843,"2nd Bongo. After CTD EN687_002.","EN687"
"2121","2022-07-30 04:15:21+00:00","Incubation Mixotrophy","start","L2","02",41.0114,-70.8845,"","EN687"
"2122","2022-07-30 04:23:41+00:00","Incubation Mixotrophy","stop","L2","02",40.9892,-70.8846,"","EN687"
"2123","2022-07-30 07:14:00+00:00","Underway Science seawater diaphragm pump","TOI discrete","","",40.6969,-70.6613,"toi bottle 507","EN687"
"2124","2022-07-30 07:38:00+00:00","Underway Science seawater diaphragm pump","TOI discrete","","",40.6965,-70.7177,"toi bottle 619","EN687"
"2125","2022-07-30 08:06:42+00:00","CTD911","deploy","","3",40.6945,-70.7732,"","EN687"
"2126","2022-07-30 08:43:00+00:00","Underway Science seawater impeller","chl discrete","","",40.6932,-70.8283,"","EN687"
"2127","2022-07-30 08:43:00+00:00","Underway Science seawater diaphragm pump","TOI discrete","","",40.6932,-70.8283,"toi bottle 664","EN687"
"2128","2022-07-30 08:58:00+00:00","Underway Science seawater diaphragm pump","TOI discrete","","",40.6951,-70.8836,"toi bottle 813","EN687"
"2129","2022-07-30 09:14:00+00:00","Underway Science seawater diaphragm pump","TOI discrete","","",40.697,-70.9427,"toi bottle 230","EN687"
"2130","2022-07-30 09:40:28+00:00","CTD911","deploy","","4",40.6951,-70.9934,"","EN687"
"2131","2022-07-30 10:23:00+00:00","Underway Science seawater diaphragm pump","TOI discrete","","",40.6957,-71.0854,"toi bottle 350","EN687"
"2132","2022-07-30 11:04:47+00:00","Underway Science seawater diaphragm pump","DO discrete","","",40.6974,-70.9939,"O2 bottle 23","EN687"
"2133","2022-07-30 11:06:24+00:00","Underway Science seawater diaphragm pump","DO discrete","","",40.6976,-70.9868,"O2 bottle 19","EN687"
"2134","2022-07-30 11:42:18+00:00","CTD911","deploy","","5",40.6991,-70.8833,"","EN687"
"2135","2022-07-30 12:00:00+00:00","Underway Science seawater diaphragm pump","TOI discrete","","",40.7036,-70.8855,"Toi bottle 817","EN687"
"2136","2022-07-30 12:03:00+00:00","Underway Science seawater diaphragm pump","TOI discrete","","",40.7041,-70.8856,"toi bottle 667","EN687"
"2137","2022-07-30 12:15:54+00:00","Bongo Net","deploy","L4","B05",40.7065,-70.8874,"3rd Bongo. After CTD EN687_005.","EN687"
"2138","2022-07-30 12:29:00+00:00","Bongo Net","recover","L4","B05",40.7107,-70.8857,"3rd Bongo. After CTD EN687_005.","EN687"
"2139","2022-07-30 12:32:44+00:00","Incubation C13","start","L4","005",40.7099,-70.8843,"","EN687"
"2140","2022-07-30 13:00:00+00:00","Incubation Respiration O2","stop","L1","001",40.6622,-70.8825,"","EN687"
"2141","2022-07-30 13:02:52+00:00","Incubation Grazing","start","L4","005",40.6541,-70.8802,"","EN687"
"2142","2022-07-30 13:35:47+00:00","Incubation Mixotrophy","start","L4","005",40.5626,-70.8847,"","EN687"
"2143","2022-07-30 13:51:49+00:00","Incubation Respiration O2","start","L4","005",40.5183,-70.8849,"","EN687"
"2144","2022-07-30 14:00:00+00:00","Incubation Mixotrophy","stop","L4","05",40.5143,-70.8844,"","EN687"
"2145","2022-07-30 14:06:04+00:00","CTD911","deploy","","6",40.5145,-70.8875,"","EN687"
"2146","2022-07-30 14:38:00+00:00","Bongo Net","deploy","L5","B06",40.5201,-70.9002,"4th Bongo. After CTD EN687_006.","EN687"
"2147","2022-07-30 14:53:00+00:00","Bongo Net","recover","L5","B06",40.5257,-70.9064,"4th Bongo. After CTD EN687_006.","EN687"
"2148","2022-07-30 15:18:20+00:00","Sting Ray","deploy towed","L5","tow002",40.5196,-70.9053,"","EN687"
"2149","2022-07-30 15:36:45+00:00","Incubation Mixotrophy","start","L5","06",40.5037,-70.8958,"","EN687"
"2150","2022-07-30 15:51:01+00:00","Incubation Mixotrophy","stop","L5","06",40.4887,-70.8881,"","EN687"
"2151","2022-07-30 16:58:00+00:00","Echosounder12","stop","","",40.4166,-70.8832,"Turn off Knudsen 12KHz echosounder to see if interfers with 38kHz on Sting Ray","EN687"
"2152","2022-07-30 17:09:00+00:00","Echosounder12","start","","",40.4042,-70.8835,"Knudsen didnt appear to cause 38kHz ducer noise so turn back on","EN687"
"2153","2022-07-30 17:10:58+00:00","UHDAS for both ADCPs","stop","","",40.402,-70.8835,"Turn off both ship's ADCP 75KHz and 300 KHz to troubleshoot acoustic noise on Sting Ray 38kHz transducer","EN687"
"2154","2022-07-30 17:16:49+00:00","UHDAS for both ADCPs","start","","",40.3952,-70.8827,"","EN687"
"2155","2022-07-30 17:45:00+00:00","Underway Science seawater diaphragm pump","TOI discrete","","",40.3646,-70.8777,"toi bottle 440","EN687"
"2156","2022-07-30 18:21:21+00:00","Echosounder12","other","","",40.3247,-70.8836,"increase range from 100 to 200 m on Knudsen software. Depth increasing - going offshore. Incorrect values exist for a few minutes.","EN687"
"2157","2022-07-30 19:00:00+00:00","Other","other","","",40.2849,-70.8833,"microtops measurement 1 took many just learning how","EN687"
"2158","2022-07-30 19:40:00+00:00","Incubation C13","stop","L1","001",40.2427,-70.8824,"","EN687"
"2159","2022-07-30 19:55:00+00:00","Underway Science seawater diaphragm pump","TOI discrete","","",40.2267,-70.883,"toi bottle 471","EN687"
"2160","2022-07-30 20:10:22+00:00","SUNAV2","sync time","","",40.2092,-70.8828,"approx half sec slow","EN687"
"2161","2022-07-30 20:25:52+00:00","Other","other","","",40.1931,-70.8832,"microtops measurement took 8 readings","EN687"
"2162","2022-07-30 20:31:32+00:00","Other","other","","",40.1867,-70.8832,"reterminate winch 1 0.322"" cable","EN687"
"2163","2022-07-30 20:32:00+00:00","Incubation Grazing","stop","L1","001",40.1867,-70.8832,"","EN687"
"2164","2022-07-30 20:42:37+00:00","Incubation Mixotrophy","start","L1","001",40.1751,-70.8829,"incubation TF","EN687"
"2165","2022-07-30 20:54:59+00:00","Underway Science seawater diaphragm pump","DO discrete","","",40.1629,-70.8826,"O2 bottle 20","EN687"
"2166","2022-07-30 21:00:00+00:00","Incubation Mixotrophy","stop","L1","001",40.1577,-70.8826,"incubation TF","EN687"
"2167","2022-07-30 21:54:00+00:00","Underway Science seawater diaphragm pump","TOI discrete","","",40.1013,-70.8832,"toi bottle 371","EN687"
"2168","2022-07-30 22:41:00+00:00","Underway Science seawater impeller","chl discrete","","",40.0493,-70.8818,"","EN687"
"2169","2022-07-30 23:05:28+00:00","Other","other","","",40.0211,-70.8823,"pour arconium winch 1B 0.322"" cable retermination","EN687"
"2170","2022-07-31 03:04:41+00:00","Other","other","","",39.7747,-70.8818,"Finished mechanical and electrical termination. Resistance tested cable = 284 Ohms each = good. Start pull test new winch 1B 0.322"" cable termination to ~3200 lb on rated 25000 lb Dillon Dynamometer. Ready for use.","EN687"
"2171","2022-07-31 03:39:00+00:00","Underway Science seawater diaphragm pump","TOI discrete","","",39.7629,-70.8809,"toi bottle 549","EN687"
"2172","2022-07-31 03:55:07+00:00","Incubation C13","stop","L2","002",39.7562,-70.8809,"","EN687"
"2173","2022-07-31 04:18:57+00:00","Incubation Grazing","stop","L2","002",39.7461,-70.8819,"","EN687"
"2174","2022-07-31 04:26:42+00:00","Incubation Mixotrophy","start","L2","002",39.7423,-70.8828,"incubation TF","EN687"
"2175","2022-07-31 04:35:35+00:00","Incubation Mixotrophy","stop","L2","002",39.7405,-70.8861,"incubation TF","EN687"
"2176","2022-07-31 04:49:00+00:00","Underway Science seawater impeller","chl discrete","","",39.7491,-70.8928,"","EN687"
"2177","2022-07-31 04:54:12+00:00","Sting Ray","recover","L11","tow002",39.7631,-70.8883,"","EN687"
"2178","2022-07-31 06:17:28+00:00","CTD911","deploy","","7",39.9253,-70.8862,"","EN687"
"2179","2022-07-31 07:25:29+00:00","Bongo Net","deploy","L10","B07",39.9204,-70.9136,"5th Bongo. After CTD EN687_007.","EN687"
"2180","2022-07-31 07:55:01+00:00","Bongo Net","recover","L10","B07",39.9264,-70.9346,"5th Bongo. After CTD EN687_007.","EN687"
"2181","2022-07-31 07:59:21+00:00","Incubation Mixotrophy","start","L10","07",39.9276,-70.9377,"","EN687"
"2182","2022-07-31 08:03:47+00:00","Incubation Grazing","start","L10","007",39.9289,-70.9405,"","EN687"
"2183","2022-07-31 08:05:24+00:00","Incubation Mixotrophy","stop","L10","07",39.9294,-70.9406,"","EN687"
"2184","2022-07-31 10:19:42+00:00","SUNAV2","sync time","","",39.7728,-70.7016,"zero sec off","EN687"
"2185","2022-07-31 10:30:00+00:00","Underway Science seawater diaphragm pump","TOI discrete","","",39.7725,-70.6679,"toi bottle 844","EN687"
"2186","2022-07-31 10:30:23+00:00","Sting Ray","SUNAV2","","",39.7742,-70.6659,"sync time approx 1.75sec behind","EN687"
"2187","2022-07-31 10:34:00+00:00","Underway Science seawater diaphragm pump","TOI discrete","","",39.7715,-70.6617,"toi bottle 669","EN687"
"2188","2022-07-31 10:48:00+00:00","Underway Science seawater diaphragm pump","TOI discrete","","",39.7727,-70.7141,"toi bottle  713","EN687"
"2189","2022-07-31 11:19:34+00:00","CTD911","deploy","","8",39.7738,-70.7802,"","EN687"
"2190","2022-07-31 12:08:26+00:00","Incubation C13","stop","L4","005",39.7726,-70.8333,"","EN687"
"2191","2022-07-31 12:10:00+00:00","Underway Science seawater diaphragm pump","TOI discrete","","",39.7724,-70.8371,"toi bottle 265","EN687"
"2192","2022-07-31 12:17:00+00:00","Underway Science seawater diaphragm pump","TOI discrete","","",39.7725,-70.8646,"toi bottle 811","EN687"
"2193","2022-07-31 12:23:00+00:00","Underway Science seawater diaphragm pump","TOI discrete","","",39.7727,-70.8882,"toi bottle 533","EN687"
"2194","2022-07-31 12:40:00+00:00","Underway Science seawater diaphragm pump","TOI discrete","","",39.7733,-70.9553,"toi bottle 659","EN687"
"2195","2022-07-31 12:59:29+00:00","CTD911","deploy","","9",39.7737,-70.9941,"","EN687"
"2196","2022-07-31 13:22:39+00:00","Ship","other","","",39.7765,-71.0028,"WInch 1B 0.322"" cable fresh water rinsed during CTD cast 008 & 009 and other deep and later casts","EN687"
"2197","2022-07-31 13:23:43+00:00","Incubation Grazing","stop","L4","005",39.7766,-71.0032,"","EN687"
"2198","2022-07-31 14:05:00+00:00","Underway Science seawater diaphragm pump","TOI discrete","","",39.7739,-71.0886,"toi bottle 568","EN687"
"2199","2022-07-31 14:19:06+00:00","Incubation Respiration O2","stop","L4","005",39.7737,-71.0903,"","EN687"
"2200","2022-07-31 14:21:06+00:00","Other","other","","",39.7738,-71.0839,"Emergency Steering Drill","EN687"
"2201","2022-07-31 15:51:53+00:00","CTD911","deploy","","10",39.7746,-70.885,"","EN687"
"2202","2022-07-31 16:30:00+00:00","Underway Science seawater diaphragm pump","TOI discrete","","",39.7827,-70.8925,"toi bottle 475","EN687"
"2203","2022-07-31 16:32:00+00:00","Underway Science seawater diaphragm pump","TOI discrete","","",39.7832,-70.8929,"toi bottle 803","EN687"
"2204","2022-07-31 16:53:19+00:00","Bongo Net","deploy","L11","B10",39.7841,-70.8922,"6th Bongo. After CTD EN687_010.","EN687"
"2205","2022-07-31 17:09:13+00:00","Incubation C13","start","L11","010",39.7787,-70.888,"","EN687"
"2206","2022-07-31 17:25:00+00:00","Bongo Net","recover","L11","B10",39.7742,-70.8837,"6th Bongo. After CTD EN687_010.","EN687"
"2207","2022-07-31 17:27:35+00:00","Incubation Mixotrophy","start","L11","10",39.7733,-70.8836,"","EN687"
"2208","2022-07-31 17:30:45+00:00","Incubation Grazing","start","L11","10",39.7722,-70.8836,"","EN687"
"2209","2022-07-31 17:35:59+00:00","Incubation Mixotrophy","stop","L11","10",39.7702,-70.8834,"","EN687"
"2210","2022-07-31 18:04:15+00:00","RMT10 Midwater Trawl (Tucker-style)","deploy","L11","MWT1",39.7587,-70.8831,"Target depth 1000 m","EN687"
"2211","2022-07-31 18:23:14+00:00","Incubation Respiration O2","start","L11","010",39.7509,-70.883,"","EN687"
"2212","2022-07-31 18:58:00+00:00","Underway Science seawater impeller","chl discrete","","",39.7386,-70.8834,"","EN687"
"2213","2022-07-31 19:16:23+00:00","Underway Science seawater diaphragm pump","DO discrete","","",39.7312,-70.8834,"O2 bottle 16 ","EN687"
"2214","2022-07-31 19:19:13+00:00","Underway Science seawater diaphragm pump","DO discrete","","",39.7301,-70.8834,"O2 bottle 1","EN687"
"2215","2022-07-31 19:22:55+00:00","Underway Science seawater diaphragm pump","DO discrete","","",39.7287,-70.8834,"O2 bottle 12","EN687"
"2216","2022-07-31 19:45:33+00:00","Other","start","L11","",39.7211,-70.8793,"took 8 measurements from microtops, sun appeared unobscured but some wispy clouds nearby","EN687"
"2217","2022-07-31 20:04:00+00:00","RMT10 Midwater Trawl (Tucker-style)","recover","L11","MWT1",39.7265,-70.8705,"","EN687"
"2218","2022-07-31 20:24:14+00:00","Other","other","L11","",39.736,-70.8626,"Miniboat RoweRIda deployed","EN687"
"2219","2022-07-31 20:36:15+00:00","Sting Ray","deploy towed","L11","tow003",39.7431,-70.8639,"","EN687"
"2220","2022-08-01 00:10:00+00:00","Underway Science seawater diaphragm pump","TOI discrete","","",39.9433,-70.8925,"toi bottle 555","EN687"
"2221","2022-08-01 00:38:56+00:00","Other","other","","",39.9763,-70.8861,"Lobster fishing gear and boats at the shelf break. Up and down lines with traps on the bottom between them. Another boat further out is fishing for red crab.","EN687"
"2222","2022-08-01 01:06:36+00:00","Sting Ray","recover","L10","tow003",40.0084,-70.8812,"Max payout was 1311m. Bad wraps are on the drum which start at the very first wrap. It is better than previously though.","EN687"
"2223","2022-08-01 01:15:00+00:00","Underway Science seawater diaphragm pump","TOI discrete","","",40.0302,-70.8824,"toi bottle 461","EN687"
"2224","2022-08-01 02:01:00+00:00","Underway Science seawater diaphragm pump","TOI discrete","","",40.0995,-70.8774,"toi bottle 808","EN687"
"2225","2022-08-01 02:56:00+00:00","Underway Science seawater diaphragm pump","TOI discrete","","",40.0981,-70.6706,"toi bottle 352","EN687"
"2226","2022-08-01 03:20:00+00:00","Underway Science seawater diaphragm pump","TOI discrete","","",40.0985,-70.7139,"toi bottle 552","EN687"
"2227","2022-08-01 03:51:02+00:00","CTD911","deploy","","11",40.095,-70.7736,"","EN687"
"2228","2022-08-01 04:35:00+00:00","Underway Science seawater diaphragm pump","TOI discrete","","",40.0992,-70.8263,"toi bottle 596","EN687"
"2229","2022-08-01 04:49:00+00:00","Underway Science seawater diaphragm pump","TOI discrete","","",40.0994,-70.8773,"toi bottle 419","EN687"
"2230","2022-08-01 05:03:00+00:00","Underway Science seawater diaphragm pump","TOI discrete","","",40.0988,-70.9281,"toi bottle 655","EN687"
"2231","2022-08-01 05:33:15+00:00","CTD911","deploy","","12",40.0975,-70.992,"","EN687"
"2232","2022-08-01 06:28:00+00:00","Underway Science seawater diaphragm pump","TOI discrete","","",40.0994,-71.1068,"toi bottle 217","EN687"
"2233","2022-08-01 07:42:59+00:00","CTD911","deploy","","13",40.0943,-70.883,"","EN687"
"2234","2022-08-01 08:07:03+00:00","Incubation Grazing","stop","L10","007",40.089,-70.8787,"","EN687"
"2235","2022-08-01 08:26:47+00:00","Bongo Net","deploy","L9","B13",40.0925,-70.8756,"7th Bongo. After CTD EN687_013.","EN687"
"2236","2022-08-01 08:41:09+00:00","Bongo Net","recover","L9","B13",40.0908,-70.8656,"7th Bongo. After CTD EN687_013.","EN687"
"2237","2022-08-01 08:55:51+00:00","Incubation Mixotrophy","start","L9","13",40.0903,-70.8599,"","EN687"
"2238","2022-08-01 09:04:00+00:00","Underway Science seawater impeller","chl discrete","","",40.0749,-70.85,"","EN687"
"2239","2022-08-01 09:05:19+00:00","Incubation Mixotrophy","stop","L9","13",40.07,-70.8469,"","EN687"
"2240","2022-08-01 10:07:56+00:00","CTD911","deploy","L12","14",39.9455,-70.7752,"","EN687"
"2241","2022-08-01 10:33:15+00:00","CTD911","deploy","","15",39.9467,-70.7656,"","EN687"
"2242","2022-08-01 12:46:19+00:00","Underway Science seawater diaphragm pump","DO discrete","","",40.1144,-70.8395,"O2 bottle 2","EN687"
"2243","2022-08-01 12:48:31+00:00","Underway Science seawater diaphragm pump","DO discrete","","",40.1168,-70.8333,"O2 bottle 35","EN687"
"2244","2022-08-01 12:50:07+00:00","Underway Science seawater diaphragm pump","DO discrete","","",40.1192,-70.8269,"O2 bottle 17","EN687"
"2245","2022-08-01 12:51:05+00:00","Incubation Respiration O2","stop","L11","010",40.1204,-70.8238,"","EN687"
"2246","2022-08-01 13:21:15+00:00","CTD911","deploy","","16",40.1414,-70.7726,"","EN687"
"2247","2022-08-01 13:48:00+00:00","Underway Science seawater diaphragm pump","TOI discrete","","",40.1451,-70.7737,"toi bottle 420","EN687"
"2248","2022-08-01 13:50:00+00:00","Underway Science seawater diaphragm pump","TOI discrete","","",40.1453,-70.7739,"toi bottle 386","EN687"
"2249","2022-08-01 13:59:37+00:00","Bongo Net","deploy","L8","B16",40.1471,-70.7748,"8th Bongo. After CTD EN687_016.","EN687"
"2250","2022-08-01 14:14:45+00:00","Bongo Net","recover","L8","B16",40.1522,-70.7769,"8th Bongo. After CTD EN687_016. Hit bottom. Processed as usual.","EN687"
"2251","2022-08-01 14:21:20+00:00","Incubation C13","start","L8","016",40.155,-70.7782,"","EN687"
"2252","2022-08-01 14:37:02+00:00","Incubation Grazing","start","L8","16",40.1476,-70.7979,"","EN687"
"2253","2022-08-01 15:18:59+00:00","Incubation Respiration O2","start","L8","016",40.0888,-70.887,"","EN687"
"2254","2022-08-01 15:23:06+00:00","Sting Ray","deploy towed","L9","tow004",40.0919,-70.8875,"","EN687"
"2255","2022-08-01 15:26:00+00:00","Underway Science seawater impeller","chl discrete","","",NA,NA,"","EN687"
"2256","2022-08-01 16:55:24+00:00","Incubation C13","stop","L11","010",40.1879,-70.8866,"","EN687"
"2257","2022-08-01 17:29:05+00:00","Underway Science seawater diaphragm pump","TOI discrete","","",40.2249,-70.883,"toi bottle 613","EN687"
"2258","2022-08-01 17:41:04+00:00","Incubation Grazing","stop","L11","010",40.2381,-70.8813,"","EN687"
"2259","2022-08-01 19:23:00+00:00","Underway Science seawater diaphragm pump","TOI discrete","","",40.3536,-70.8777,"toi bottle 294","EN687"
"2260","2022-08-01 21:42:09+00:00","Underway Science seawater diaphragm pump","TOI discrete","","",40.5124,-70.8822,"toi bottle 845","EN687"
"2261","2022-08-01 22:01:54+00:00","Echosounder12","other","","",40.5296,-70.8818,"12KHz depth values recorded deeper than actual for a while. Tx blanking was set at 80. Depth was shallower than 80 - towing Stingray up the shelf break from deeper to shallower depths.","EN687"
"2262","2022-08-02 00:35:52+00:00","Sting Ray","recover","L4","tow004",40.6959,-70.882,"","EN687"
"2263","2022-08-02 00:48:06+00:00","CTD911","deploy","","17",40.6979,-70.88,"","EN687"
"2264","2022-08-02 02:08:00+00:00","Underway Science seawater impeller","chl discrete","","",40.5484,-70.8835,"","EN687"
"2265","2022-08-02 03:22:33+00:00","CTD911","deploy","","18",40.3608,-70.8835,"","EN687"
"2266","2022-08-02 03:59:31+00:00","Bongo Net","deploy","L6","B18",40.3563,-70.8747,"9th Bongo. After CTD EN687_018.","EN687"
"2267","2022-08-02 04:10:50+00:00","Underway Science seawater diaphragm pump","DO discrete","","",40.3513,-70.8767,"O2 bottle 11","EN687"
"2268","2022-08-02 04:12:58+00:00","Underway Science seawater diaphragm pump","DO discrete","","",40.3504,-70.877,"O2 bottle 26","EN687"
"2269","2022-08-02 04:13:29+00:00","Bongo Net","recover","L6","B18",40.3499,-70.8772,"9th Bongo. After CTD EN687_018.","EN687"
"2270","2022-08-02 04:14:52+00:00","Underway Science seawater diaphragm pump","DO discrete","","",40.3494,-70.8774,"O2 bottle 22","EN687"
"2271","2022-08-02 04:31:25+00:00","Incubation C13","start","L6","018",40.3606,-70.8731,"","EN687"
"2272","2022-08-02 04:39:27+00:00","Incubation Mixotrophy","start","L6","18",40.364,-70.8487,"","EN687"
"2273","2022-08-02 04:47:32+00:00","Incubation Mixotrophy","stop","L6","18",40.3631,-70.8198,"","EN687"
"2274","2022-08-02 04:51:12+00:00","Incubation Grazing","start","L6","18",40.3628,-70.8054,"","EN687"
"2275","2022-08-02 05:30:13+00:00","Underway Science seawater diaphragm pump","TOI discrete","","",40.3631,-70.6643,"toi bottle 205","EN687"
"2276","2022-08-02 05:54:22+00:00","Underway Science seawater diaphragm pump","TOI discrete","","",40.363,-70.7191,"toi bottle 500","EN687"
"2277","2022-08-02 06:21:54+00:00","CTD911","deploy","","19",40.3593,-70.7746,"","EN687"
"2278","2022-08-02 06:58:27+00:00","Underway Science seawater diaphragm pump","TOI discrete","","",40.3628,-70.83,"toi bottle 580","EN687"
"2279","2022-08-02 07:12:46+00:00","Underway Science seawater diaphragm pump","TOI discrete","","",40.3607,-70.8808,"toi bottle 439","EN687"
"2280","2022-08-02 07:32:39+00:00","Underway Science seawater diaphragm pump","TOI discrete","","",40.3634,-70.9538,"toi bottle 575","EN687"
"2281","2022-08-02 07:56:37+00:00","CTD911","deploy","","20",40.3593,-70.9958,"","EN687"
"2282","2022-08-02 08:42:34+00:00","Underway Science seawater diaphragm pump","TOI discrete","","",40.3628,-71.0921,"toi bottle 242","EN687"
"2283","2022-08-02 10:56:45+00:00","CTD911","deploy","","21",40.2287,-70.8781,"","EN687"
"2284","2022-08-02 11:22:54+00:00","Sting Ray","SUNAV2","","",40.2269,-70.8701,"download Tow3and4 data - time sync 0sec off","EN687"
"2285","2022-08-02 11:35:47+00:00","Bongo Net","deploy","L7","B21",40.2274,-70.8696,"10th Bongo. After CTD EN687_021.","EN687"
"2286","2022-08-02 11:49:18+00:00","Bongo Net","recover","L7","B21",40.2268,-70.8626,"10th Bongo. After CTD EN687_021.","EN687"
"2287","2022-08-02 11:53:58+00:00","Incubation Mixotrophy","start","L7","21",40.2267,-70.8609,"","EN687"
"2288","2022-08-02 12:00:00+00:00","Incubation Respiration O2","stop","L8","016",40.2273,-70.8609,"","EN687"
"2289","2022-08-02 12:02:05+00:00","Incubation Mixotrophy","stop","L7","21",40.2278,-70.861,"","EN687"
"2290","2022-08-02 12:18:48+00:00","Sting Ray","deploy towed","L7","tow005",40.223,-70.8755,"","EN687"
"2291","2022-08-02 12:37:00+00:00","Incubation Respiration O2","start","L7","021",40.2312,-70.8834,"","EN687"
"2292","2022-08-02 13:56:54+00:00","Incubation C13","stop","L8","016",40.3276,-70.8841,"","EN687"
"2293","2022-08-02 14:49:43+00:00","Incubation Grazing","stop","L8","016",40.3897,-70.8832,"","EN687"
"2294","2022-08-02 16:12:38+00:00","Underway Science seawater diaphragm pump","DO discrete","","",40.4891,-70.8827,"O2 bottle 18","EN687"
"2295","2022-08-02 16:14:41+00:00","Underway Science seawater diaphragm pump","DO discrete","","",40.4913,-70.8825,"O2 bottle 36","EN687"
"2296","2022-08-02 16:17:25+00:00","Underway Science seawater diaphragm pump","DO discrete","","",40.4951,-70.8824,"O2 bottle 34","EN687"
"2297","2022-08-02 17:42:00+00:00","Underway Science seawater diaphragm pump","TOI discrete","","",40.5975,-70.8849,"toi bottle 367","EN687"
"2298","2022-08-02 17:44:00+00:00","SUNAV2","sync time","","",40.6,-70.8856,"approx 2 sec slow","EN687"
"2299","2022-08-02 18:17:28+00:00","Other","other","","",40.6444,-70.8806,"microtops measurement 8 times","EN687"
"2300","2022-08-02 18:55:00+00:00","Underway Science seawater diaphragm pump","TOI discrete","","",40.6918,-70.8831,"toi bottle 586","EN687"
"2301","2022-08-02 20:02:00+00:00","Underway Science seawater diaphragm pump","TOI discrete","","",40.7832,-70.883,"toi bottle 809","EN687"
"2302","2022-08-02 20:27:00+00:00","Underway Science seawater impeller","chl discrete","","",40.8162,-70.883,"","EN687"
"2303","2022-08-02 20:54:25+00:00","Sting Ray","recover","L3","tow005",40.8526,-70.8841,"","EN687"
"2304","2022-08-02 21:14:19+00:00","CTD911","deploy","","22",40.8626,-70.8798,"","EN687"
"2305","2022-08-02 21:42:11+00:00","Bongo Net","deploy","L3","B22",40.858,-70.8712,"11th Bongo. After CTD EN687_022.","EN687"
"2306","2022-08-02 21:48:29+00:00","Bongo Net","recover","L3","B22",40.8552,-70.8697,"11th Bongo. After CTD EN687_022.","EN687"
"2307","2022-08-02 22:01:23+00:00","Sting Ray","deploy towed","L3","tow006",40.849,-70.8672,"","EN687"
"2308","2022-08-02 22:37:20+00:00","Incubation Mixotrophy","start","L3","22",40.8649,-70.8834,"","EN687"
"2309","2022-08-02 22:47:38+00:00","Incubation Mixotrophy","stop","L3","22",40.8784,-70.8831,"","EN687"
"2310","2022-08-02 23:32:00+00:00","Underway Science seawater impeller","chl discrete","","",40.9333,-70.8828,"","EN687"
"2311","2022-08-02 23:40:14+00:00","Underway Science seawater diaphragm pump","TOI discrete","","",40.9442,-70.8832,"toi bottle 136","EN687"
"2312","2022-08-03 01:03:50+00:00","Sting Ray","recover","L2","tow006",41.0342,-70.8839,"","EN687"
"2313","2022-08-03 01:05:00+00:00","Underway Science seawater impeller","chl discrete","","",41.0348,-70.8842,"","EN687"
"2314","2022-08-03 01:23:46+00:00","CTD911","deploy","","23",41.0317,-70.8844,"","EN687"
"2315","2022-08-03 02:27:28+00:00","CTD911","deploy","","24",41.0285,-70.7717,"","EN687"
"2316","2022-08-03 02:52:00+00:00","Underway Science seawater impeller","chl discrete","","",41.0299,-70.7842,"","EN687"
"2317","2022-08-03 03:03:43+00:00","Underway Science seawater diaphragm pump","TOI discrete","","",41.0303,-70.8289,"toi bottle 179","EN687"
"2318","2022-08-03 03:19:14+00:00","Underway Science seawater diaphragm pump","TOI discrete","","",41.0296,-70.8891,"toi bottle 312","EN687"
"2319","2022-08-03 03:33:49+00:00","Underway Science seawater diaphragm pump","TOI discrete","","",41.0291,-70.9418,"toi bottle 424","EN687"
"2320","2022-08-03 03:34:26+00:00","Incubation C13","stop","L6","18",41.0292,-70.9456,"","EN687"
"2321","2022-08-03 03:59:45+00:00","CTD911","deploy","","25",41.0285,-70.9932,"","EN687"
"2322","2022-08-03 04:26:50+00:00","Incubation Grazing","stop","L6","018",41.0303,-71.0235,"","EN687"
"2323","2022-08-03 04:39:31+00:00","Incubation Mixotrophy","start","L6","18",41.0247,-71.0547,"incubation TF","EN687"
"2324","2022-08-03 04:47:47+00:00","Incubation Mixotrophy","stop","L6","18",41.0272,-71.025,"incubation TF","EN687"
"2325","2022-08-03 05:13:00+00:00","Underway Science seawater impeller","chl discrete","","",41.0307,-70.9271,"","EN687"
"2326","2022-08-03 05:46:00+00:00","Underway Science seawater diaphragm pump","TOI discrete","","",41.0916,-70.8825,"toi bottle 492 ","EN687"
"2327","2022-08-03 06:21:00+00:00","Underway Science seawater diaphragm pump","TOI discrete","","",41.1882,-70.8768,"toi bottle 600","EN687"
"2328","2022-08-03 06:22:20+00:00","Ship","other","L1","",41.1935,-70.8739,"Traffic at L1 so ship cut the corner and didn't go through L1 waypoint.","EN687"
"2329","2022-08-03 06:24:00+00:00","Underway Science seawater impeller","chl discrete","","",41.1954,-70.8712,"","EN687"
"2330","2022-08-03 07:58:41+00:00","CTD911","deploy","","26",41.3185,-70.5759,"","EN687"
"2331","2022-08-03 08:05:00+00:00","Underway Science seawater diaphragm pump","TOI discrete","","",41.3183,-70.5756,"toi bottle 542","EN687"
"2332","2022-08-03 08:16:33+00:00","Bongo Net","deploy","MVCO","B26",41.3169,-70.5769,"12th Bongo. After CTD EN687_026.","EN687"
"2333","2022-08-03 08:19:33+00:00","Bongo Net","recover","MVCO","B26",41.3158,-70.5784,"12th Bongo. After CTD EN687_026.","EN687"
"2334","2022-08-03 10:36:38+00:00","EIMS","stop","","",41.3376,-70.903,"","EN687"
"2335","2022-08-03 10:36:56+00:00","Attune Flow Cytometer","stop","","",41.3376,-70.903,"","EN687"
"2336","2022-08-03 10:37:18+00:00","IFCB continuous","stop","","",41.3407,-70.9029,"","EN687"
"2337","2022-08-03 10:43:43+00:00","Underway Science seawater diaphragm pump","stop","","",41.3583,-70.8971,"Stop diaphragm pump flowthrough seawater system and fresh water flush for ~5min.","EN687"
"2338","2022-08-03 11:05:24+00:00","UHDAS for both ADCPs","stop","","",41.4044,-70.8384,"Stopped UHDAS which controls both 75 and 300 KHz data acquisition before arriving at Woods Hole MA. In Vineyard Sound.","EN687"
"2339","2022-08-03 11:05:24+00:00","ADCP75","stop","","",41.4044,-70.8384,"Stopped UHDAS which controls both 75 and 300 KHz data acquisition before arriving at Woods Hole MA. In Vineyard Sound.","EN687"
"2340","2022-08-03 11:05:24+00:00","ADCP300","stop","","",41.4044,-70.8384,"Stopped UHDAS which controls both 75 and 300 KHz data acquisition before arriving at Woods Hole MA. In Vineyard Sound.","EN687"
"2341","2022-08-03 11:15:24+00:00","Thermosalinographs on underway impeller","stop","","",41.422,-70.8056,"TSG SBE21 acquisition stopped in SeaSave before stopping impeller pump in Vinyard Sound. ECO-Fluor and WETStar Fluor and Cosine Surface PAR are connected to the SBE21.","EN687"
"2342","2022-08-03 11:16:14+00:00","Underway Science seawater impeller","stop","","",41.4236,-70.8022,"Impeller pump stopped in Vineyard Sound. Seawater flow stopped to SBE45 and SBE21 and associated sensors.","EN687"
"2343","2022-08-03 11:32:24+00:00","Underway Science seawater impeller","other","","",41.4455,-70.7472,"Science Seawater Impeller pump system flow-through instruments back-flushed with fresh water.","EN687"
"2344","2022-08-03 12:17:54+00:00","Thermosalinographs on underway impeller","stop","","",41.4925,-70.6691,"Fresh water flush of seawater system complete. Power turned off to the SBE45 and SBE21 external sensors: ECO Fluor. WETStar Fluor. and cosine Surface PAR. In Vineyard Sound.","EN687"
"2345","2022-08-03 13:05:31+00:00","Ship","endCruise","","",41.5229,-70.673,"Lines over to dock at Woods Hole Oceanographic Institution, Massachusetts.","EN687"
"2346","2022-08-03 13:21:00+00:00","Incubation Respiration O2","stop","","",41.5235,-70.6718,"","EN687"
"2347","2022-08-03 13:36:48+00:00","Echosounder12","stop","","",41.5235,-70.6718,"Stop 12khz echosounder after arriving at the WHOI dock","EN687"
"2348","2022-08-03 14:41:18+00:00","Sting Ray","SUNAV2","","",41.5235,-70.6718,"sync time 1sec behind","EN687"
"2349","2022-08-03 15:19:04+00:00","MeteorologicalSensor","other","","",41.5235,-70.6718,"Met sensors remain running and logging as usual","EN687"
"2350","2022-08-03 15:20:53+00:00","SUNAV2","sync time","","",41.5235,-70.6718,"possibly quarter sec slow","EN687"
"2351","2023-01-09 15:58:18+00:00","MeteorologicalSensor","other","","",41.5868,-71.4113,"met sensors remain running and logging as usual","EN695"
"2352","2023-01-11 03:00:03+00:00","MeteorologicalSensor","other","","",41.5868,-71.4113," RMY Air Temperature and Relative Humidity sensors on the pilot house roof started outputting incorrect and variable values. Before cruise. At Senesco dock.","EN695"
"2353","2023-01-11 13:00:00+00:00","SUNAV2","onCTD","","",41.5868,-71.4113,"","EN695"
"2354","2023-01-11 14:00:42+00:00","Other","other","","",41.5869,-71.4113,"UNOLS video","EN695"
"2355","2023-01-11 14:44:03+00:00","Other","other","","",41.5868,-71.4112,"Science orientation in Main Lab","EN695"
"2356","2023-01-11 14:46:35+00:00","Echosounder12","start","","",41.5868,-71.4113,"12KHz echosounder started at the dock at Senesco","EN695"
"2357","2023-01-11 14:53:04+00:00","Ship","other","","",41.5869,-71.4113,"Gangway removed to Senesco dock","EN695"
"2358","2023-01-11 15:00:27+00:00","Ship","startCruise","","",41.5867,-71.4112,"Lines removed.  Leaving Senesco dock","EN695"
"2359","2023-01-11 15:34:03+00:00","BucketSample","other ","NPTS1","",41.57,-71.3917,"sampling for incubation for long term plankton time series; SMD GiG experiment","EN695"
"2360","2023-01-11 17:05:49+00:00","Underway Science seawater impeller","start","","",41.3944,-71.3264,"","EN695"
"2361","2023-01-11 17:07:19+00:00","Thermosalinographs on underway impeller","start","","",41.3917,-71.3201,"11Jan2023a.* files. Start flow-through impeller pump system Seasave data acquisition of SBE21 and Fluorometers and SPAR.","EN695"
"2362","2023-01-11 17:08:23+00:00","Fluorometers on underway impeller","start","","",41.3903,-71.317,"","EN695"
"2363","2023-01-11 17:15:06+00:00","ADCP300","start","","",41.3807,-71.2951,"Turned on both 300 and 75 kHz ADCPs","EN695"
"2364","2023-01-11 17:15:54+00:00","UHDAS for both ADCPs","start","","",41.3807,-71.2951,"","EN695"
"2365","2023-01-11 17:22:03+00:00","ADCP75","start","","",41.3712,-71.2732,"Turned on both 300 and 75 kHz ADCPs","EN695"
"2366","2023-01-11 18:38:02+00:00","SUNAV2","sync time","","",41.2657,-71.0364,"synced for start of the cruise prior to C1","EN695"
"2367","2023-01-11 18:40:39+00:00","Other","start","","",41.263,-71.0304,"CTD training","EN695"
"2368","2023-01-11 18:47:22+00:00","Incubation Grazing","start","NPTS1","",41.2534,-71.0092,"Sample from Narragansett Plankton Time Series sampling site. Sampled from bucket.","EN695"
"2369","2023-01-11 18:47:44+00:00","Incubation C13","start","NPTS1","",41.2534,-71.0092,"TAR GIG Incubation Experiment at Fox Island from Bucket Sample","EN695"
"2370","2023-01-11 19:00:46+00:00","Underway Science seawater diaphragm pump","start","","",41.2355,-70.97,"time approximate. Diaphragm pump turned on during transit to the 1st station L1.","EN695"
"2371","2023-01-11 19:52:12+00:00","CTD911","deploy","","1",41.1976,-70.8838,"","EN695"
"2372","2023-01-11 19:57:00+00:00","EIMS","start","","",41.1978,-70.8845,"","EN695"
"2373","2023-01-11 20:07:00+00:00","IFCB continuous","start","","",41.1983,-70.8864,"","EN695"
"2374","2023-01-11 20:07:31+00:00","Attune Flow Cytometer","start","","",41.1984,-70.8866,"","EN695"
"2375","2023-01-11 20:35:44+00:00","Bongo Net","deploy","L1","B01",41.1951,-70.8842,"","EN695"
"2376","2023-01-11 20:42:27+00:00","Bongo Net","recover","L1","B01",41.1921,-70.884,"","EN695"
"2377","2023-01-11 20:53:00+00:00","Incubation C13","start","L1","001",41.1852,-70.8839,"","EN695"
"2378","2023-01-11 20:53:48+00:00","Incubation Grazing","start","L1","001",41.1838,-70.884,"","EN695"
"2379","2023-01-11 21:14:37+00:00","Sting Ray","deploy towed","L1.3","001",41.1426,-70.8839,"Stingray in the water","EN695"
"2380","2023-01-11 21:30:00+00:00","Incubation Mixotrophy","start","L1","001",41.1355,-70.8846,"","EN695"
"2381","2023-01-11 21:45:00+00:00","Incubation Mixotrophy","stop","L1","001",41.1232,-70.8849,"","EN695"
"2382","2023-01-11 21:58:00+00:00","Underway Science seawater impeller","chl discrete","","",41.1093,-70.8843,"","EN695"
"2383","2023-01-11 22:00:39+00:00","MeteorologicalSensor","other","","",41.1056,-70.8845,"Time is to be checked!!!   RMY Air Temperature and Relative Humidity sensors on the pilot house roof disconnected and checked. Reconnected and still outputting incorrect high value of ~14C.","EN695"
"2384","2023-01-11 22:57:00+00:00","Underway Science seawater diaphragm pump","TOI discrete","","",41.0298,-70.8841,"646","EN695"
"2385","2023-01-11 23:20:12+00:00","Sting Ray","recover","L2","001",41.0088,-70.8864,"","EN695"
"2386","2023-01-12 00:18:00+00:00","Underway Science seawater diaphragm pump","TOI discrete","","",40.8599,-70.8864,"395","EN695"
"2387","2023-01-12 00:35:00+00:00","microDPI Prototype 1","start","","",40.8158,-70.8871,"sampling from underway diaphragm pump","EN695"
"2388","2023-01-12 02:24:00+00:00","Underway Science seawater diaphragm pump","TOI discrete","","",40.5144,-70.8869,"775","EN695"
"2389","2023-01-12 03:28:23+00:00","CTD911","deploy","","2",40.3636,-70.8841,"","EN695"
"2390","2023-01-12 03:30:00+00:00","Incubation C13","start","L6","002",40.3639,-70.8838,"","EN695"
"2391","2023-01-12 04:04:56+00:00","Bongo Net","deploy","L6","B02",40.3721,-70.888,"","EN695"
"2392","2023-01-12 04:35:00+00:00","Bongo Net","recover","L6","B02",40.3633,-70.8835,"","EN695"
"2393","2023-01-12 05:17:47+00:00","Incubation Grazing","start","L6","002",40.2463,-70.8845,"","EN695"
"2394","2023-01-12 05:18:00+00:00","Underway Science seawater diaphragm pump","TOI discrete","","",40.2463,-70.8845,"Bottle 782 L7","EN695"
"2395","2023-01-12 05:47:00+00:00","Underway Science seawater impeller","chl discrete","","",40.1681,-70.8846,"","EN695"
"2396","2023-01-12 05:50:00+00:00","Incubation Mixotrophy","start","L6","002",40.16,-70.884,"","EN695"
"2397","2023-01-12 06:00:23+00:00","Incubation Mixotrophy","stop","L6","002",40.1305,-70.8835,"","EN695"
"2398","2023-01-12 06:42:00+00:00","Underway Science seawater diaphragm pump","TOI discrete","","",40.0466,-70.881,"Bottle 659 L9","EN695"
"2399","2023-01-12 06:42:36+00:00","CTD911","deploy","","3",40.0467,-70.8808,"","EN695"
"2400","2023-01-12 06:43:00+00:00","Underway Science seawater impeller","chl discrete","","",40.0467,-70.8808,"","EN695"
"2401","2023-01-12 07:33:54+00:00","Bongo Net","deploy","L9","B03",40.0505,-70.879,"","EN695"
"2402","2023-01-12 07:46:12+00:00","Bongo Net","recover","L9","B03",40.0459,-70.8802,"","EN695"
"2403","2023-01-12 08:17:00+00:00","Underway Science seawater impeller","chl discrete","","",40.0329,-70.8874,"","EN695"
"2404","2023-01-12 09:02:00+00:00","Underway Science seawater diaphragm pump","TOI discrete","","",39.9402,-70.8822,"Bottle 124 L10","EN695"
"2405","2023-01-12 09:17:41+00:00","CTD911","deploy","L10","4",39.9427,-70.8793,"","EN695"
"2406","2023-01-12 09:36:56+00:00","Echosounder12","other","","",39.9459,-70.8772,"Change sound velocity from 1488 m/s back to the standard nominal value that we usually use of 1500 m/s. Average SV from CTD cast 004 is 1503m/s.","EN695"
"2407","2023-01-12 10:20:16+00:00","Bongo Net","deploy","L10","B04",39.944,-70.8826,"","EN695"
"2408","2023-01-12 10:35:30+00:00","Bongo Net","recover","L10","B04",39.9504,-70.8851,"","EN695"
"2409","2023-01-12 11:22:51+00:00","MeteorologicalSensor","other","","",39.8805,-70.8884,"Air Temperature / Relative Humidity - disconnect PWR+ cable in Young 26800 translator.","EN695"
"2410","2023-01-12 12:23:04+00:00","CTD911","deploy","","5",39.7766,-70.8873,"","EN695"
"2411","2023-01-12 12:55:00+00:00","Underway Science seawater diaphragm pump","TOI discrete","","",39.782,-70.8847,"Bottle 794 L11","EN695"
"2412","2023-01-12 12:58:00+00:00","Underway Science seawater diaphragm pump","TOI discrete","","",39.7824,-70.8846,"Bottle 276 L11 duplicate","EN695"
"2413","2023-01-12 13:12:01+00:00","Bongo Net","deploy","L11","B05",39.7849,-70.8826,"","EN695"
"2414","2023-01-12 13:16:06+00:00","Bongo Net","recover","L11","B05",39.785,-70.8813,"","EN695"
"2415","2023-01-12 13:30:00+00:00","Incubation C13","start","L11","005",39.7851,-70.8762,"","EN695"
"2416","2023-01-12 13:58:24+00:00","Sting Ray","deploy towed","L11","002",39.7855,-70.8658,"","EN695"
"2417","2023-01-12 13:59:16+00:00","Incubation Grazing","start","L11","005",39.7856,-70.8655,"","EN695"
"2418","2023-01-12 14:07:00+00:00","Underway Science seawater impeller","chl discrete","","",39.7858,-70.8632,"","EN695"
"2419","2023-01-12 14:34:06+00:00","Echosounder12","stop","","",39.7982,-70.8591,"Echosounder 12KHz transmission turned off. Not getting good data since 1357z with the 12KHz pinger on the sled which is in the water being towed.","EN695"
"2420","2023-01-12 14:54:00+00:00","Incubation Mixotrophy","start","L11","005",39.8099,-70.8633,"","EN695"
"2421","2023-01-12 15:04:00+00:00","Incubation Mixotrophy","stop","L11","005",39.8164,-70.8659,"","EN695"
"2422","2023-01-12 16:04:00+00:00","Underway Science seawater impeller","chl discrete","","",39.8815,-70.8812,"","EN695"
"2423","2023-01-12 16:56:21+00:00","Echosounder12","start","","",39.9447,-70.8833,"Echosounder 12KHz transmission turned on. Getting good data in shallower water even with the 12KHz pinger on the sled which is still in the water being towed.","EN695"
"2424","2023-01-12 17:30:00+00:00","Incubation C13","stop","NPTS1","",39.9858,-70.8829,"","EN695"
"2425","2023-01-12 18:00:00+00:00","Incubation Grazing","stop","NPTS1","",40.0225,-70.8831,"","EN695"
"2426","2023-01-12 18:55:00+00:00","Underway Science seawater impeller","chl discrete","","",40.0925,-70.8839,"","EN695"
"2427","2023-01-12 19:54:42+00:00","Sting Ray","recover","L7.5","002",40.1609,-70.8785,"","EN695"
"2428","2023-01-12 20:21:05+00:00","CTD911","deploy","","6",40.1518,-70.8831,"","EN695"
"2429","2023-01-12 20:31:00+00:00","Underway Science seawater diaphragm pump","TOI discrete","","",40.1522,-70.8807,"Bottle 361 L8","EN695"
"2430","2023-01-12 20:33:00+00:00","Underway Science seawater diaphragm pump","TOI discrete","","",40.1523,-70.8801,"Bottle 176","EN695"
"2431","2023-01-12 20:59:57+00:00","Bongo Net","deploy","L8","B06",40.1513,-70.8692,"","EN695"
"2432","2023-01-12 21:14:58+00:00","Bongo Net","recover","L8","B06",40.1493,-70.8603,"","EN695"
"2433","2023-01-12 21:20:00+00:00","Incubation C13","start","L8","006",40.1488,-70.8573,"","EN695"
"2434","2023-01-12 21:20:05+00:00","Incubation C13","stop","L1","001",40.1486,-70.8567,"","EN695"
"2435","2023-01-12 22:03:48+00:00","Incubation Grazing","start","L8","006",40.2028,-70.8768,"","EN695"
"2436","2023-01-12 22:04:29+00:00","Incubation Grazing","stop","L1","001",40.2043,-70.877,"","EN695"
"2437","2023-01-12 22:43:05+00:00","CTD911","deploy","","7",40.2589,-70.8832,"","EN695"
"2438","2023-01-12 23:19:52+00:00","Bongo Net","deploy","L7","B07",40.2592,-70.8735,"","EN695"
"2439","2023-01-12 23:27:47+00:00","Bongo Net","recover","L7","B07",40.2585,-70.8701,"","EN695"
"2440","2023-01-13 01:56:19+00:00","CTD911","deploy","","8",40.5143,-70.8866,"","EN695"
"2441","2023-01-13 02:22:47+00:00","Bongo Net","deploy","L5","B08",40.5128,-70.8842,"","EN695"
"2442","2023-01-13 02:31:31+00:00","Bongo Net","recover","L5","B08",40.5121,-70.8816,"","EN695"
"2443","2023-01-13 04:19:11+00:00","CTD911","deploy","","9",40.6967,-70.8839,"","EN695"
"2444","2023-01-13 04:29:00+00:00","Underway Science seawater diaphragm pump","TOI discrete","","",40.6971,-70.8821,"Bottle 552 L4","EN695"
"2445","2023-01-13 04:34:00+00:00","Underway Science seawater diaphragm pump","TOI discrete","","",40.6971,-70.8809,"Bottle 698 L4","EN695"
"2446","2023-01-13 04:44:21+00:00","Bongo Net","deploy","L4","B09",40.6956,-70.8801,"","EN695"
"2447","2023-01-13 04:49:13+00:00","Bongo Net","recover","L4","B09",40.6942,-70.8782,"TDR not started before deployment","EN695"
"2448","2023-01-13 05:00:00+00:00","Incubation C13","start","L4","009",40.692,-70.8768,"","EN695"
"2449","2023-01-13 05:05:00+00:00","Incubation C13","stop","L6","002",40.6909,-70.8777,"","EN695"
"2450","2023-01-13 05:41:06+00:00","Incubation Grazing","start","L4","009",40.6906,-70.8845,"","EN695"
"2451","2023-01-13 05:49:20+00:00","Incubation Grazing","stop","L6","002",40.7056,-70.8845,"","EN695"
"2452","2023-01-13 07:06:07+00:00","CTD911","deploy","","10",40.8628,-70.8831,"","EN695"
"2453","2023-01-13 07:25:00+00:00","Bongo Net","deploy","L3","B10",40.8611,-70.8788,"","EN695"
"2454","2023-01-13 07:29:44+00:00","Bongo Net","recover","L3","B10",40.8597,-70.8779,"","EN695"
"2455","2023-01-13 08:00:00+00:00","Incubation Mixotrophy","start","L4","009",40.8511,-70.881,"","EN695"
"2456","2023-01-13 08:10:00+00:00","Incubation Mixotrophy","stop","L4","009",40.8488,-70.8825,"","EN695"
"2457","2023-01-13 10:15:04+00:00","CTD911","deploy","","11",41.0232,-70.883,"","EN695"
"2458","2023-01-13 10:28:00+00:00","Underway Science seawater diaphragm pump","TOI discrete","","",41.0209,-70.8826,"Bottle 532 L2","EN695"
"2459","2023-01-13 10:31:00+00:00","Underway Science seawater diaphragm pump","TOI discrete","","",41.0199,-70.883,"Bottle 813 L11 duplicate","EN695"
"2460","2023-01-13 10:46:29+00:00","Bongo Net","deploy","L2","B11",41.0144,-70.8823,"","EN695"
"2461","2023-01-13 10:51:10+00:00","Bongo Net","recover","L2","B11",41.013,-70.8838,"","EN695"
"2462","2023-01-13 11:35:00+00:00","Incubation C13","start","L2","011",40.9965,-70.8998,"","EN695"
"2463","2023-01-13 11:47:00+00:00","microDPI Prototype 1","end","","",40.9916,-70.9043,"sampling from underway diaphragm pump","EN695"
"2464","2023-01-13 11:51:00+00:00","EIMS","stop","","",40.9905,-70.9056,"Shelter - turned off EIMS","EN695"
"2465","2023-01-13 11:59:31+00:00","Underway Science seawater diaphragm pump","stop","L2","",41.0052,-70.9088,"Diaphragm pump turned off. Heading to a heave to location due to rough weather. The water there is ""dirty"" and will not be sampled.","EN695"
"2466","2023-01-13 12:12:08+00:00","IFCB continuous","stop","","",41.0388,-70.9104,"turning off underway while sheltering at Menemsha","EN695"
"2467","2023-01-13 12:12:24+00:00","Attune Flow Cytometer","stop","","",41.0388,-70.9104,"turning off underway while sheltering at Menemsha","EN695"
"2468","2023-01-13 12:14:37+00:00","Thermosalinographs on underway impeller","stop","","",41.0441,-70.9104,"11Jan2023a.* files. Impeller pump turned off. Heading to a heave-to location due to rough weather. The water there is ""dirty"" and will not be sampled.","EN695"
"2469","2023-01-13 12:14:47+00:00","Underway Science seawater impeller","stop","","",41.0441,-70.9104,"Impeller pump turned off. Heading to a heave-to location due to rough weather. The water there is ""dirty"" and will not be sampled. ","EN695"
"2470","2023-01-13 12:17:04+00:00","Fluorometers on underway impeller","stop","","",41.0518,-70.9104,"Impeller pump turned off. Heading to a heave-to location due to rough weather. The water there is ""dirty"" and will not be sampled.","EN695"
"2471","2023-01-13 12:28:25+00:00","Thermosalinographs on underway impeller","start","","",41.0802,-70.9104,"13Jan2023a.* files. SeaSave for SBE21 started to acquire SPAR data. Temp Cond Fluor data is incorrect because the impeller pump is turned off. However the Cosine Surface PAR is connected to this system.","EN695"
"2472","2023-01-13 13:05:00+00:00","Incubation C13","stop","L11","005",41.1461,-70.9318,"","EN695"
"2473","2023-01-13 14:09:43+00:00","Incubation Grazing","stop","L11","005",41.2797,-70.9406,"","EN695"
"2474","2023-01-13 15:53:27+00:00","Ship","other","","",41.3901,-70.7955,"shelter behind Menemsha","EN695"
"2475","2023-01-13 21:15:00+00:00","Incubation C13","stop","L8","006",41.3897,-70.7852,"","EN695"
"2476","2023-01-13 21:17:51+00:00","MeteorologicalSensor","other","","",41.389,-70.7867,"Disconnect then reconnect power Young 26800 translator a number of times to some and/or all RMY-Trans-PMET sensors while troubleshooting Air Temperature / Relative Humidity sensor. Duration = ~40 minutes.","EN695"
"2477","2023-01-13 22:14:33+00:00","SUNAV2","sync time","","",41.3802,-70.7997,"1 sec slow a while afer C11","EN695"
"2478","2023-01-13 22:47:07+00:00","Incubation Grazing","stop","L8","006",41.3868,-70.831,"","EN695"
"2479","2023-01-13 23:00:00+00:00","microDPI Prototype 1","service","","",41.3868,-70.8482,"clean with 2% micro","EN695"
"2480","2023-01-13 23:15:00+00:00","EIMS","start","","",41.3872,-70.8695,"Departed shelter - turned back on","EN695"
"2481","2023-01-13 23:30:00+00:00","Ship","other","","",41.3847,-70.8889,"depart Menemsha to continue operations after storm passed. time approx","EN695"
"2482","2023-01-13 23:46:57+00:00","Thermosalinographs on underway impeller","other","","",41.3645,-70.9157,"13Jan2023a.* files remain running. Start flow-through impeller pump system and open valve to SBE21 and Fluorometers and SBE45","EN695"
"2483","2023-01-13 23:55:37+00:00","Fluorometers on underway impeller","start","","",41.348,-70.9357,"Start flow-through impeller pump system and open valve to SBE21 and Fluorometers and SBE45","EN695"
"2484","2023-01-13 23:59:46+00:00","Underway Science seawater impeller","start","","",41.3406,-70.9436,"Start flow-through impeller pump system after it had been off while heaving to nearshore as weather front passed","EN695"
"2485","2023-01-14 00:05:05+00:00","Underway Science seawater diaphragm pump","start","","",41.3275,-70.9497,"Start flow-through diaphragm pump system after it had been off while heaving to nearshore as weather front passed","EN695"
"2486","2023-01-14 00:15:00+00:00","Underway Science seawater impeller","chl discrete","","",41.3075,-70.959,"","EN695"
"2487","2023-01-14 00:21:04+00:00","Attune Flow Cytometer","start","","",41.2927,-70.966,"","EN695"
"2488","2023-01-14 00:21:40+00:00","IFCB continuous","start","","",41.2927,-70.966,"","EN695"
"2489","2023-01-14 00:25:50+00:00","microDPI Prototype 1","start","","",41.284,-70.9701,"sampling from underway diaphragm pump","EN695"
"2490","2023-01-14 00:43:19+00:00","Underway Science seawater diaphragm pump","IFCB discrete","","UW1",41.2482,-70.9704,"run on both IFCB109 and IFCB102","EN695"
"2491","2023-01-14 04:35:00+00:00","Incubation C13","stop","L4","009",40.856,-70.8845,"","EN695"
"2492","2023-01-14 05:30:00+00:00","Underway Science seawater impeller","chl discrete","","",40.7534,-70.8174,"","EN695"
"2493","2023-01-14 05:52:41+00:00","Incubation Grazing","stop","L4","009",40.7062,-70.781,"","EN695"
"2494","2023-01-14 06:14:22+00:00","CTD911","deploy","","12",40.6934,-70.7758,"","EN695"
"2495","2023-01-14 06:47:00+00:00","Underway Science seawater impeller","chl discrete","","",40.6935,-70.8043,"","EN695"
"2496","2023-01-14 06:52:00+00:00","Underway Science seawater diaphragm pump","TOI discrete","","",40.6941,-70.8193,"Bottle 540 U4half","EN695"
"2497","2023-01-14 07:12:00+00:00","Underway Science seawater diaphragm pump","TOI discrete","","",40.6955,-70.8789,"Bottle 529 L4","EN695"
"2498","2023-01-14 07:32:00+00:00","Underway Science seawater diaphragm pump","TOI discrete","","",40.6952,-70.9376,"Bottle 275 D4half","EN695"
"2499","2023-01-14 07:52:00+00:00","Underway Science seawater diaphragm pump","TOI discrete","","",40.6941,-70.9941,"Bottle 449 D4a","EN695"
"2500","2023-01-14 08:07:53+00:00","CTD911","deploy","","13",40.6965,-70.9968,"","EN695"
"2501","2023-01-14 09:34:14+00:00","CTD911","deploy","","14",40.6991,-70.8857,"","EN695"
"2502","2023-01-14 11:20:00+00:00","Incubation C13","stop","L2","011",40.8132,-70.8835,"","EN695"
"2503","2023-01-14 17:27:00+00:00","Underway Science seawater diaphragm pump","TOI discrete","","",41.1973,-70.8845,"Bottle 120 L1","EN695"
"2504","2023-01-14 17:36:36+00:00","CTD911","deploy","","15",41.1992,-70.8856,"","EN695"
"2505","2023-01-14 18:10:00+00:00","Incubation C13","start","L1","015",41.2026,-70.8859,"","EN695"
"2506","2023-01-14 18:25:39+00:00","Incubation Grazing","start","L1","015",41.2023,-70.8836,"","EN695"
"2507","2023-01-14 19:12:00+00:00","Incubation Mixotrophy","start","L1","015",41.2045,-70.7579,"","EN695"
"2508","2023-01-14 19:23:00+00:00","Incubation Mixotrophy","stop","L1","015",41.2202,-70.73,"","EN695"
"2509","2023-01-14 20:39:27+00:00","CTD911","deploy","","16",41.3124,-70.5792,"","EN695"
"2510","2023-01-14 20:53:00+00:00","Underway Science seawater impeller","chl discrete","","",41.3128,-70.5795,"","EN695"
"2511","2023-01-14 21:08:06+00:00","Bongo Net","deploy","MVCO","B16",41.3056,-70.5833,"","EN695"
"2512","2023-01-14 21:12:17+00:00","Bongo Net","recover","MVCO","L16",41.3055,-70.5856,"","EN695"
"2513","2023-01-14 21:32:27+00:00","Sting Ray","deploy towed","MVCO","003",41.3003,-70.5876,"","EN695"
"2514","2023-01-14 23:06:00+00:00","Underway Science seawater impeller","chl discrete","","",41.2448,-70.6812,"","EN695"
"2515","2023-01-15 01:27:45+00:00","Sting Ray","recover","L1","003",41.2029,-70.8794,"","EN695"
"2516","2023-01-15 12:10:43+00:00","Underway Science seawater diaphragm pump","IFCB discrete","","UW2",41.1831,-70.8898,"run on both IFCB102 and IFCB109","EN695"
"2517","2023-01-15 13:00:00+00:00","Underway Science seawater diaphragm pump","TOI discrete","","",41.1749,-70.8951,"Bottle 284 L1","EN695"
"2518","2023-01-15 14:01:00+00:00","Underway Science seawater diaphragm pump","TOI discrete","","",41.1859,-70.8993,"Bottle 726 L1","EN695"
"2519","2023-01-15 15:04:38+00:00","Underway Science seawater diaphragm pump","IFCB discrete","","UW3",41.1771,-70.9022,"run on both IFCB109 and IFCB102 - both CHL only","EN695"
"2520","2023-01-15 15:10:00+00:00","Underway Science seawater diaphragm pump","TOI discrete","","",41.1775,-70.9019,"Bottle 217 L1","EN695"
"2521","2023-01-15 16:05:00+00:00","Underway Science seawater diaphragm pump","TOI discrete","","",41.1672,-70.8981,"Bottle 210 L1","EN695"
"2522","2023-01-15 17:03:00+00:00","Underway Science seawater diaphragm pump","TOI discrete","","",41.1837,-70.9021,"Bottle 308 L1","EN695"
"2523","2023-01-15 17:43:46+00:00","Incubation C13","stop","L1","015",41.2028,-70.9059,"","EN695"
"2524","2023-01-15 18:05:00+00:00","Underway Science seawater diaphragm pump","TOI discrete","","",41.1862,-70.9011,"Bottle 399 L1","EN695"
"2525","2023-01-15 18:55:15+00:00","Incubation Grazing","stop","L1","015",41.1751,-70.8946,"","EN695"
"2526","2023-01-15 19:24:00+00:00","Underway Science seawater diaphragm pump","TOI discrete","","",41.1824,-70.8913,"Bottle 829 L1","EN695"
"2527","2023-01-15 20:02:00+00:00","Underway Science seawater diaphragm pump","TOI discrete","","",41.1756,-70.8929,"Bottle 625 L1","EN695"
"2528","2023-01-15 20:29:39+00:00","Underway Science seawater diaphragm pump","IFCB discrete","","UW4",41.1685,-70.8932,"run on both IFCB109 and IFCB102 - both CHL only","EN695"
"2529","2023-01-15 21:00:00+00:00","Underway Science seawater diaphragm pump","TOI discrete","","",41.1755,-70.8951,"Bottle 237 L1","EN695"
"2530","2023-01-15 21:27:00+00:00","microDPI Prototype 1","end","","",41.1831,-70.8961,"","EN695"
"2531","2023-01-15 21:35:49+00:00","microDPI Prototype 1","service","","",41.1826,-70.894,"clean with micro - tried swish but then move to soak for 30-60min","EN695"
"2532","2023-01-15 22:04:00+00:00","Underway Science seawater diaphragm pump","TOI discrete","","",41.1679,-70.893,"Bottle 236 L1","EN695"
"2533","2023-01-15 23:10:00+00:00","Underway Science seawater diaphragm pump","TOI discrete","","",41.1755,-70.8957,"Bottle 250 L1","EN695"
"2534","2023-01-15 23:13:50+00:00","microDPI Prototype 1","start","","",41.176,-70.8961,"","EN695"
"2535","2023-01-16 00:07:00+00:00","Underway Science seawater diaphragm pump","TOI discrete","","",41.1839,-70.8973,"Bottle 402 L1","EN695"
"2536","2023-01-16 10:20:25+00:00","Attune Flow Cytometer","stop","","",41.421,-71.401,"end of cruise","EN695"
"2537","2023-01-16 10:20:54+00:00","IFCB continuous","stop","","",41.421,-71.401,"end of cruise","EN695"
"2538","2023-01-16 10:21:21+00:00","microDPI Prototype 1","end","","",41.4211,-71.402,"end of cruise","EN695"
"2539","2023-01-16 11:35:40+00:00","Fluorometers on underway impeller","stop","","",41.4252,-71.4204,"","EN695"
"2540","2023-01-16 11:36:36+00:00","Thermosalinographs on underway impeller","stop","","",41.4254,-71.4202,"13Jan2023a.* files stopped. Stop flow-through impeller pump system Seasave data acquisition of SBE21 and Fluorometers and SPAR","EN695"
"2541","2023-01-16 11:40:01+00:00","Underway Science seawater impeller","stop","","",41.4263,-71.4197,"Impeller pump turned off. Hove-to at mouth of Narragansett Bay","EN695"
"2542","2023-01-16 12:25:08+00:00","UHDAS for both ADCPs","stop","","",41.4198,-71.4139,"","EN695"
"2543","2023-01-16 12:25:30+00:00","ADCP75","stop","","",41.4198,-71.4139,"","EN695"
"2544","2023-01-16 12:25:47+00:00","ADCP300","stop","","",41.4198,-71.4139,"","EN695"
"2545","2023-01-16 12:28:35+00:00","Thermosalinographs on underway impeller","other","","",41.4212,-71.4139,"16Jan2023Flush_EndOfCruise.* files. Back fresh-water flush the flow-through impeller pump system including SBE21 and Fluorometers and SBE45. Start Seasave data acquisition of SBE21 and Fluorometers and SPAR.","EN695"
"2546","2023-01-16 13:11:00+00:00","Underway Science seawater diaphragm pump","stop","","",41.4294,-71.4142,"Diaphragm pump turned off neat the mouth of Narragansett Bay.","EN695"
"2547","2023-01-16 14:06:25+00:00","Thermosalinographs on underway impeller","stop","","",41.5014,-71.4111,"Turn power off to the Fluorometers and cosine SPAR and SBE45. Water flow is already off.","EN695"
"2548","2023-01-16 14:41:00+00:00","BucketSample","start","NPTS2","",41.568,-71.3919,"sampling for incubation for long term plankton time series; SMD GiG experiment","EN695"
"2549","2023-01-16 16:06:45+00:00","Echosounder12","stop","","",41.5868,-71.4112,"Echosounder 12KHz transmission turned off near Senesco dock","EN695"
"2550","2023-01-16 16:07:20+00:00","Ship","endCruise","","",41.5868,-71.4112,"Lines over to Senesco dock","EN695"
"2551","2023-01-16 16:08:27+00:00","MeteorologicalSensor","other","","",41.5868,-71.4113,"met sensors remain running and logging as usual","EN695"
"2552","2023-01-16 16:30:42+00:00","Ship","other","","",41.5868,-71.4113,"Gangway installed from Senesco dock","EN695"
"2553","2023-08-03 19:36:31+00:00","MeteorologicalSensor","other","","",41.4924,-71.4186,"met sensors operating and logging as usual. SCS computer restarted and logging reset.","EN706"
"2554","2023-08-06 14:01:00+00:00","SUNAV2","onCTD","","",41.4924,-71.4186,"","EN706"
"2555","2023-08-06 16:01:00+00:00","SUNAV2","sync time","","",41.4924,-71.4186,"clock 0sec off but sync anyways","EN706"
"2556","2023-08-07 13:00:03+00:00","Other","other","","",41.4925,-71.4186,"test of GPS top of the hour glitch. Lat/Lon displays properly when the time is more than or equal to 3 seconds plus or minus top of the hour. This entry is on 8/12 and back dated to 8/7 when the system was using NStar GPS UDP 16001.","EN706"
"2557","2023-08-07 13:28:24+00:00","Ship","startCruise","","",41.4924,-71.4186,"Lines Removed from Dock at URI","EN706"
"2558","2023-08-07 13:33:00+00:00","Simrad EK-80","start","","",41.4924,-71.4185,"","EN706"
"2559","2023-08-07 13:48:45+00:00","Echosounder12","start","","",41.4677,-71.4096,"12 KHz started.","EN706"
"2560","2023-08-07 14:10:38+00:00","UHDAS for both ADCPs","start","","",41.4087,-71.4174,"UHDAS controls both OS75 and WH300 KHz ADCPs. ast of Pt Judith Neck. Mouth of Narragansett Bay.","EN706"
"2561","2023-08-07 14:12:42+00:00","Underway Science seawater impeller","service","","",41.4034,-71.4183,"fresh water back flush before sci sw pump was turned on at start of cruise","EN706"
"2562","2023-08-07 14:19:00+00:00","Fluorometers on underway impeller","start","","",41.3875,-71.4207,"back flush sci sw system with fresh water before starting impeller pump. SBE45 and SBE21 with fluorometers. ","EN706"
"2563","2023-08-07 14:19:21+00:00","Thermosalinographs on underway impeller","start","","",41.3848,-71.421,"back flush sci sw system with fresh water before starting impeller pump. SBE45 and SBE21 with fluorometers.","EN706"
"2564","2023-08-07 14:28:49+00:00","Underway Science seawater impeller","start","","",41.3696,-71.401,"Started sci sw impeller pump. SBE45 and SBE21 with fluorometers.","EN706"
"2565","2023-08-07 14:34:54+00:00","Thermosalinographs on underway impeller","start","","",41.3624,-71.3807,"SBE21 started. Ignore values in SCS before this time when flushing was occuring.","EN706"
"2566","2023-08-07 14:52:21+00:00","Underway Science seawater diaphragm pump","start","","",41.3401,-71.3202,"Diaphragm pump started. Flushing for a while before sampling.","EN706"
"2567","2023-08-07 15:50:00+00:00","IFCB continuous","start","","",41.2768,-71.1251,"IFCB109 approx time start sampling","EN706"
"2568","2023-08-07 15:52:00+00:00","Attune Flow Cytometer","start","","",41.2748,-71.118,"","EN706"
"2569","2023-08-07 15:56:00+00:00","Underway Science seawater impeller","chl discrete","","",41.2708,-71.1041,"","EN706"
"2570","2023-08-07 15:58:00+00:00","Simrad EK-80","stop","","",41.2687,-71.0971,"","EN706"
"2571","2023-08-07 15:59:00+00:00","Simrad EK-80","passive mode","","",41.2677,-71.0936,"","EN706"
"2572","2023-08-07 16:06:00+00:00","EIMS","start","","",41.2603,-71.0696,"","EN706"
"2573","2023-08-07 16:06:00+00:00","Simrad EK-80","stop","","",41.2603,-71.0696,"","EN706"
"2574","2023-08-07 16:09:00+00:00","Simrad EK-80","start","","",41.257,-71.0595,"","EN706"
"2575","2023-08-07 16:26:00+00:00","Underway Science seawater impeller","chl discrete","","",41.2374,-71.0035,"","EN706"
"2576","2023-08-07 16:27:24+00:00","Simrad EK-80","stop","","",41.2352,-70.9971,"","EN706"
"2577","2023-08-07 16:29:32+00:00","Simrad EK-80","passive mode","","",41.233,-70.9907,"","EN706"
"2578","2023-08-07 16:43:21+00:00","Simrad EK-80","stop","","",41.2166,-70.9467,"","EN706"
"2579","2023-08-07 16:56:32+00:00","Simrad EK-80","passive mode","","",41.2033,-70.9035,"","EN706"
"2580","2023-08-07 17:09:44+00:00","Simrad EK-80","stop","","",41.1922,-70.8807,"","EN706"
"2581","2023-08-07 17:11:22+00:00","Simrad EK-80","start","","",41.191,-70.8828,"","EN706"
"2582","2023-08-07 17:25:52+00:00","CTD911","deploy","","1",41.1972,-70.8812,"","EN706"
"2583","2023-08-07 18:05:23+00:00","Incubation C13","start","L1","001",41.1976,-70.8686,"","EN706"
"2584","2023-08-07 18:07:32+00:00","Bongo Net","deploy","L1","B01",41.1975,-70.8675,"1st bongo deployment","EN706"
"2585","2023-08-07 18:13:05+00:00","Bongo Net","recover","L1","B01",41.1973,-70.8643,"","EN706"
"2586","2023-08-07 18:33:09+00:00","Incubation Grazing","start","L1","01",41.1801,-70.8846,"","EN706"
"2587","2023-08-07 18:39:34+00:00","Simrad EK-80","stop","","",41.1665,-70.8831,"","EN706"
"2588","2023-08-07 18:43:10+00:00","Simrad EK-80","passive mode","","",41.1566,-70.8844,"","EN706"
"2589","2023-08-07 18:52:29+00:00","Sting Ray","deploy towed","L1.5","Tow001",41.1459,-70.8848,"","EN706"
"2590","2023-08-07 19:22:47+00:00","Simrad EK-80","stop","","",41.1169,-70.8826,"","EN706"
"2591","2023-08-07 19:26:31+00:00","Incubation Mixotrophy","start","L1","01",41.1115,-70.8826,"","EN706"
"2592","2023-08-07 19:31:40+00:00","Simrad EK-80","start","","",41.1047,-70.8823,"","EN706"
"2593","2023-08-07 19:33:00+00:00","Underway Science seawater impeller","chl discrete","","",41.1034,-70.8822,"","EN706"
"2594","2023-08-07 19:47:00+00:00","Underway Science seawater diaphragm pump","TOI discrete","","",41.0855,-70.8811,"L1.5 bottle681","EN706"
"2595","2023-08-07 20:06:44+00:00","Simrad EK-80","stop","","",41.0601,-70.8807,"","EN706"
"2596","2023-08-07 20:08:06+00:00","Simrad EK-80","passive mode","","",41.0576,-70.8807,"","EN706"
"2597","2023-08-07 20:10:15+00:00","Simrad EK-80","stop","","",41.0551,-70.8808,"","EN706"
"2598","2023-08-07 20:11:17+00:00","Simrad EK-80","start","","",41.0538,-70.8809,"","EN706"
"2599","2023-08-07 20:28:00+00:00","Underway Science seawater diaphragm pump","TOI discrete","","",41.0329,-70.8823,"L2 bottle299","EN706"
"2600","2023-08-07 21:34:00+00:00","Underway Science seawater diaphragm pump","TOI discrete","","",40.9486,-70.8829,"L2.5 bottle650","EN706"
"2601","2023-08-07 22:00:10+00:00","Incubation Bacteria","start","L1","01",40.9139,-70.882,"","EN706"
"2602","2023-08-07 22:36:00+00:00","Underway Science seawater diaphragm pump","TOI discrete","","",40.8669,-70.8816,"L3 bottle775 possible breach","EN706"
"2603","2023-08-08 00:46:00+00:00","Underway Science seawater diaphragm pump","TOI discrete","","",40.6976,-70.886,"L4 bottle 660","EN706"
"2604","2023-08-08 02:52:00+00:00","Underway Science seawater impeller","chl discrete","","",40.543,-70.884,"","EN706"
"2605","2023-08-08 03:27:09+00:00","Sting Ray","recover","L5","Tow001",40.5204,-70.8959,"","EN706"
"2606","2023-08-08 03:31:00+00:00","Underway Science seawater diaphragm pump","TOI discrete","","",40.5287,-70.8921,"L5 bottle523","EN706"
"2607","2023-08-08 04:20:00+00:00","Underway Science seawater impeller","chl discrete","","",40.6746,-70.8849,"","EN706"
"2608","2023-08-08 05:23:00+00:00","Underway Science seawater diaphragm pump","TOI discrete","","",40.8598,-70.8811,"L3 bottle766","EN706"
"2609","2023-08-08 06:29:46+00:00","CTD911","deploy","","2",41.031,-70.8799,"","EN706"
"2610","2023-08-08 06:40:00+00:00","Underway Science seawater diaphragm pump","TOI discrete","","",41.0316,-70.877,"L2 dup bottle714","EN706"
"2611","2023-08-08 06:43:00+00:00","Underway Science seawater diaphragm pump","TOI discrete","","",41.0313,-70.876,"L2 dup bottle265","EN706"
"2612","2023-08-08 07:06:30+00:00","Bongo Net","deploy","L2","B02",41.0281,-70.8737,"2nd Bongo for the cruise. SBE19 ~1m above Bongo. small ring net ~2m above Bongo.","EN706"
"2613","2023-08-08 07:15:00+00:00","Bongo Net","recover","L2","B02",41.0246,-70.8733,"","EN706"
"2614","2023-08-08 07:15:38+00:00","Incubation C13","start","L2","002",41.0241,-70.8733,"","EN706"
"2615","2023-08-08 08:00:05+00:00","Incubation Mixotrophy","start","L2","002",40.9763,-70.8825,"","EN706"
"2616","2023-08-08 08:30:00+00:00","Incubation Bacteria","start","L2","002",40.9189,-70.8835,"","EN706"
"2617","2023-08-08 08:31:38+00:00","Echosounder12","stop","","",40.9137,-70.8834,"12KHz turned itself off","EN706"
"2618","2023-08-08 08:44:35+00:00","Incubation Grazing","start","L2","002",40.88,-70.8832,"","EN706"
"2619","2023-08-08 08:56:40+00:00","Echosounder12","start","","",40.8487,-70.8834,"turned 12KHz back on","EN706"
"2620","2023-08-08 10:00:20+00:00","Simrad EK-80","stop","","",40.6961,-70.86,"","EN706"
"2621","2023-08-08 10:00:39+00:00","Other","end","","",40.6961,-70.86,"Transiting between L4 and u4a. Turn off 440KHz Furuno Speed Log to check if EN80 data gets less noisy.","EN706"
"2622","2023-08-08 10:01:01+00:00","Simrad EK-80","passive mode","","",40.6963,-70.8562,"","EN706"
"2623","2023-08-08 10:06:39+00:00","Simrad EK-80","stop","","",40.6969,-70.8371,"","EN706"
"2624","2023-08-08 10:07:34+00:00","Simrad EK-80","start","","",40.697,-70.8333,"","EN706"
"2625","2023-08-08 10:12:32+00:00","Other","start","","",40.6971,-70.8141,"Transiting between L4 and u4a. Turn on 440KHz Furuno Speed Log. Having the Speed Log off did not make a noticeable difference to the EK80 data as per Megan.","EN706"
"2626","2023-08-08 10:53:00+00:00","Underway Science seawater diaphragm pump","TOI discrete","","",40.6969,-70.6618,"U4b bottle141","EN706"
"2627","2023-08-08 11:15:00+00:00","Underway Science seawater diaphragm pump","TOI discrete","","",40.6967,-70.7136,"U4b 1/2 a bottle324","EN706"
"2628","2023-08-08 11:44:15+00:00","CTD911","deploy","","3",40.6968,-70.7702,"","EN706"
"2629","2023-08-08 12:31:22+00:00","Underway Science seawater diaphragm pump","TOI discrete","","",40.698,-70.8456,"U4a 1/2 bottle 102","EN706"
"2630","2023-08-08 12:35:31+00:00","Echosounder12","start","","",40.6985,-70.8601,"12KHz was not showing depth from ~1210-1235z. Transiting ~10 kts. Increased Tx Blanking and values are now good.","EN706"
"2631","2023-08-08 12:41:00+00:00","Underway Science seawater diaphragm pump","TOI discrete","","",40.699,-70.8783,"L4 bottle518","EN706"
"2632","2023-08-08 12:56:00+00:00","Underway Science seawater diaphragm pump","TOI discrete","","",40.6998,-70.9332,"D4 1/2 bottle 178","EN706"
"2633","2023-08-08 13:08:00+00:00","Underway Science seawater diaphragm pump","TOI discrete","","",40.6977,-70.9772,"D4a bottle512","EN706"
"2634","2023-08-08 13:26:43+00:00","CTD911","deploy","","4",40.6923,-70.9935,"","EN706"
"2635","2023-08-08 14:20:00+00:00","Underway Science seawater diaphragm pump","TOI discrete","","",40.696,-71.0909,"d4b bottle783","EN706"
"2636","2023-08-08 14:47:43+00:00","Simrad EK-80","stop","","",40.6967,-71.0242,"","EN706"
"2637","2023-08-08 14:51:43+00:00","Simrad EK-80","start","","",40.6967,-71.0101,"","EN706"
"2638","2023-08-08 15:38:02+00:00","CTD911","deploy","","5",40.6943,-70.8808,"","EN706"
"2639","2023-08-08 15:55:00+00:00","Underway Science seawater diaphragm pump","TOI discrete","","",40.6924,-70.8793,"L4 dup bottle670","EN706"
"2640","2023-08-08 15:58:00+00:00","Underway Science seawater diaphragm pump","TOI discrete","","",40.692,-70.8791,"L4 dup bottle240","EN706"
"2641","2023-08-08 16:19:50+00:00","Bongo Net","deploy","L4","B05",40.6858,-70.879,"3rd bongo","EN706"
"2642","2023-08-08 16:34:41+00:00","Bongo Net","recover","L4","B05",40.6809,-70.8838,"","EN706"
"2643","2023-08-08 16:40:27+00:00","Incubation C13","start","L4","005",40.6787,-70.8858,"","EN706"
"2644","2023-08-08 17:16:32+00:00","Incubation Grazing","start","L4","05",40.6546,-70.8925,"","EN706"
"2645","2023-08-08 17:39:10+00:00","Incubation Mixotrophy","start","L4","05",40.6031,-70.8829,"","EN706"
"2646","2023-08-08 17:52:42+00:00","Incubation C13","stop","L1","001",40.5738,-70.8759,"","EN706"
"2647","2023-08-08 18:44:55+00:00","Incubation Grazing","stop","L1","001",40.4975,-70.8842,"","EN706"
"2648","2023-08-08 18:55:05+00:00","Isaacs-Kidd Midwater Trawl","startSample","L5","1",40.4899,-70.8845,"with PX on the trawl and hydrophone towed from port quarter","EN706"
"2649","2023-08-08 19:41:00+00:00","Underway Science seawater diaphragm pump","IFCB discrete","","UW1",40.4581,-70.8814,"run on both IFCB115 and 188","EN706"
"2650","2023-08-08 19:45:07+00:00","Isaacs-Kidd Midwater Trawl","stopSample","L5","1",40.4559,-70.8823,"","EN706"
"2651","2023-08-08 19:57:00+00:00","Underway Science seawater impeller","chl discrete","","",40.4521,-70.8872,"","EN706"
"2652","2023-08-08 20:37:49+00:00","CTD911","deploy","","6",40.5127,-70.8813,"","EN706"
"2653","2023-08-08 21:21:10+00:00","Bongo Net","deploy","L5","B06",40.502,-70.8836,"4th bongo. had to re-deploy to write down flowmeter values","EN706"
"2654","2023-08-08 21:35:10+00:00","Bongo Net","recover","L5","B06",40.4964,-70.8856,"","EN706"
"2655","2023-08-08 22:08:23+00:00","Sting Ray","deploy towed","L5","Tow002",40.515,-70.8795,"","EN706"
"2656","2023-08-08 22:12:00+00:00","Underway Science seawater impeller","chl discrete","","",40.5139,-70.8805,"","EN706"
"2657","2023-08-08 23:17:43+00:00","Underway Science seawater diaphragm pump","other","","",40.4451,-70.8824,"Increased pump speed to about 19.5 (+1)","EN706"
"2658","2023-08-09 00:29:00+00:00","Underway Science seawater diaphragm pump","TOI discrete","","",40.3559,-70.8778,"L6 bottle789","EN706"
"2659","2023-08-09 00:30:00+00:00","Sting Ray","recover","L6","Tow002",40.3547,-70.8777,"","EN706"
"2660","2023-08-09 01:28:00+00:00","Underway Science seawater diaphragm pump","TOI discrete","","",40.2519,-70.8825,"L7 bottle186","EN706"
"2661","2023-08-09 02:18:42+00:00","Simrad EK-80","stop","","",40.1283,-70.8842,"laptop restarted on its own and shut off EK80","EN706"
"2662","2023-08-09 03:24:58+00:00","Simrad EK-80","start","","",39.975,-70.8836,"","EN706"
"2663","2023-08-09 06:55:00+00:00","Incubation C13","stop","L2","002",39.9318,-70.966,"","EN706"
"2664","2023-08-09 08:52:52+00:00","Incubation Grazing","stop","L2","002",39.9404,-71.0176,"","EN706"
"2665","2023-08-09 12:23:00+00:00","Underway Science seawater diaphragm pump","TOI discrete","","",39.9365,-70.8876,"L10 bottle 329","EN706"
"2666","2023-08-09 12:54:00+00:00","Underway Science seawater diaphragm pump","DO discrete","","",39.8971,-70.8855,"L10.5, Bottle #6","EN706"
"2667","2023-08-09 12:58:00+00:00","Underway Science seawater diaphragm pump","DO discrete","","",39.8869,-70.8857,"L10.5, Bottle#7","EN706"
"2668","2023-08-09 13:01:00+00:00","Underway Science seawater diaphragm pump","DO discrete","","",39.8794,-70.8856,"L10.5, Bottle #2","EN706"
"2669","2023-08-09 14:42:00+00:00","CTD911","deploy","","7",39.7813,-70.7741,"","EN706"
"2670","2023-08-09 15:22:35+00:00","Incubation C13","stop","L4","005",39.783,-70.7795,"","EN706"
"2671","2023-08-09 15:30:00+00:00","Underway Science seawater impeller","chl discrete","","",39.7845,-70.78,"","EN706"
"2672","2023-08-09 15:49:00+00:00","Underway Science seawater diaphragm pump","TOI discrete","","",39.7729,-70.8062,"U11a 1/2","EN706"
"2673","2023-08-09 16:18:00+00:00","Underway Science seawater diaphragm pump","TOI discrete","","",39.7741,-70.8856,"L11 bottle664","EN706"
"2674","2023-08-09 16:43:00+00:00","Underway Science seawater diaphragm pump","TOI discrete","","",39.7739,-70.9548,"D11a 1/2 bottle669","EN706"
"2675","2023-08-09 17:01:00+00:00","Underway Science seawater diaphragm pump","TOI discrete","","",39.7728,-70.9922,"D11a bottle462","EN706"
"2676","2023-08-09 17:05:31+00:00","Incubation Grazing","stop","L4","005",39.7741,-70.9936,"","EN706"
"2677","2023-08-09 17:10:54+00:00","CTD911","deploy","","8",39.7753,-70.9949,"","EN706"
"2678","2023-08-09 17:24:43+00:00","Simrad EK-80","stop","","",39.774,-70.9995,"","EN706"
"2679","2023-08-09 17:27:19+00:00","Simrad EK-80","start","","",39.7738,-71.0005,"","EN706"
"2680","2023-08-09 18:24:00+00:00","Underway Science seawater impeller","chl discrete","","",39.7733,-70.9178,"","EN706"
"2681","2023-08-09 18:53:18+00:00","Bongo Net","deploy","L11","B09",39.7763,-70.8818,"5th bongo","EN706"
"2682","2023-08-09 19:23:35+00:00","Bongo Net","recover","L11","B09",39.7763,-70.897,"","EN706"
"2683","2023-08-09 19:42:28+00:00","CTD911","deploy","","9",39.7746,-70.882,"","EN706"
"2684","2023-08-09 20:20:00+00:00","Underway Science seawater diaphragm pump","TOI discrete","","",39.7707,-70.8898,"L11 suf dup ","EN706"
"2685","2023-08-09 20:25:00+00:00","Underway Science seawater diaphragm pump","TOI discrete","","",39.7705,-70.8906,"L11 suf dup","EN706"
"2686","2023-08-09 20:44:00+00:00","Isaacs-Kidd Midwater Trawl","startSample","L11","2",39.7724,-70.8958,"with PX on the trawl and hydrophone towed from port quarter ","EN706"
"2687","2023-08-09 20:55:25+00:00","Incubation C13","start","L11","009",39.7754,-70.9044,"","EN706"
"2688","2023-08-09 21:39:56+00:00","Incubation Grazing","start","L11","009",39.791,-70.9449,"","EN706"
"2689","2023-08-09 21:58:05+00:00","Isaacs-Kidd Midwater Trawl","stopSample","L11","2",39.7971,-70.9615,"","EN706"
"2690","2023-08-09 22:01:01+00:00","Incubation Mixotrophy","start","L11","09",39.7979,-70.9636,"","EN706"
"2691","2023-08-09 23:08:38+00:00","MK21 XBT launcher","start","L10.5","",39.8503,-70.8823,"","EN706"
"2692","2023-08-09 23:59:19+00:00","CTD911","deploy","","10",39.939,-70.882,"","EN706"
"2693","2023-08-10 00:55:00+00:00","Bongo Net","deploy","L10","B10",39.9265,-70.8941,"6th bongo","EN706"
"2694","2023-08-10 01:31:00+00:00","Bongo Net","recover","L10","B10",39.9126,-70.9052,"","EN706"
"2695","2023-08-10 02:31:16+00:00","MK21 XBT launcher","start","","",40.0172,-70.8837,"Bad data. Will redo this XBT on the transit south.","EN706"
"2696","2023-08-10 04:38:24+00:00","CTD911","deploy","","11",40.0419,-70.7758,"","EN706"
"2697","2023-08-10 05:26:00+00:00","Underway Science seawater diaphragm pump","TOI discrete","","",40.0457,-70.829,"U9a 1/2 bottle346","EN706"
"2698","2023-08-10 05:42:00+00:00","Underway Science seawater diaphragm pump","TOI discrete","","",40.0461,-70.8796,"L9 bottle151","EN706"
"2699","2023-08-10 05:58:00+00:00","Underway Science seawater diaphragm pump","TOI discrete","","",40.0464,-70.9301,"L9 1/2 bottle641","EN706"
"2700","2023-08-10 06:25:42+00:00","CTD911","deploy","","12",40.0459,-70.9936,"","EN706"
"2701","2023-08-10 06:27:00+00:00","Underway Science seawater diaphragm pump","TOI discrete","","",40.0458,-70.9935,"D9a bottle721","EN706"
"2702","2023-08-10 07:13:59+00:00","Simrad EK-80","stop","","",40.0461,-70.9388,"","EN706"
"2703","2023-08-10 07:18:38+00:00","Simrad EK-80","start","","",40.0461,-70.921,"","EN706"
"2704","2023-08-10 07:38:24+00:00","CTD911","deploy","","13",40.0481,-70.8827,"","EN706"
"2705","2023-08-10 08:24:56+00:00","Bongo Net","deploy","L9","B13",40.0442,-70.8897,"7th Bongo","EN706"
"2706","2023-08-10 08:49:58+00:00","Bongo Net","recover","L9","B13",40.0392,-70.8995,"","EN706"
"2707","2023-08-10 10:08:00+00:00","Underway Science seawater impeller","chl discrete","","",39.9063,-70.8849,"","EN706"
"2708","2023-08-10 11:08:25+00:00","Sting Ray","deploy towed","L11","Tow003",39.7728,-70.885,"","EN706"
"2709","2023-08-10 11:50:41+00:00","Underway Science seawater diaphragm pump","DO discrete","","",39.788,-70.8878,"L9, bottle #4","EN706"
"2710","2023-08-10 11:51:20+00:00","Underway Science seawater diaphragm pump","DO discrete","","",39.7884,-70.8878,"","EN706"
"2711","2023-08-10 14:21:00+00:00","Underway Science seawater diaphragm pump","TOI discrete","","",39.9492,-70.8838,"L10 bottle571","EN706"
"2712","2023-08-10 14:52:09+00:00","Simrad EK-80","stop","","",39.994,-70.8819,"","EN706"
"2713","2023-08-10 14:56:05+00:00","Simrad EK-80","start","","",39.9999,-70.8815,"","EN706"
"2714","2023-08-10 15:20:00+00:00","MK21 XBT launcher","other","","",40.0325,-70.8783,"both hand-held launchers had issues during the cruise. The first one was damaged during rough weather and seas. The second had intermittent conducting wires which were then respliced and functioned.","EN706"
"2715","2023-08-10 15:23:00+00:00","Underway Science seawater diaphragm pump","TOI discrete","","",40.0368,-70.8776,"L9 bottle235","EN706"
"2716","2023-08-10 15:25:52+00:00","MK21 XBT launcher","start","L9","",40.0411,-70.8773,"","EN706"
"2717","2023-08-10 15:27:26+00:00","MK21 XBT launcher","stop","L9","",40.0439,-70.8772,"","EN706"
"2718","2023-08-10 15:38:17+00:00","Underway Science seawater diaphragm pump","DO discrete","","",40.0588,-70.8789,"L9 bottle #32","EN706"
"2719","2023-08-10 16:00:22+00:00","SUNAV2","sync time","","",40.0893,-70.8823,"1sec ahead between C13 and C14","EN706"
"2720","2023-08-10 16:06:10+00:00","MK21 XBT launcher","start","L8.5","",40.098,-70.8817,"","EN706"
"2721","2023-08-10 16:08:32+00:00","MK21 XBT launcher","stop","L8.5","",40.1007,-70.8816,"","EN706"
"2722","2023-08-10 16:44:00+00:00","Underway Science seawater diaphragm pump","TOI discrete","","",40.148,-70.882,"L8 bottle756","EN706"
"2723","2023-08-10 16:56:12+00:00","Simrad EK-80","stop","","",40.1659,-70.8821,"","EN706"
"2724","2023-08-10 17:22:05+00:00","Underway Science seawater diaphragm pump","DO discrete","","",40.2026,-70.8821,"","EN706"
"2725","2023-08-10 17:25:00+00:00","Underway Science seawater diaphragm pump","DO discrete","","",40.2053,-70.8821,"","EN706"
"2726","2023-08-10 17:29:32+00:00","Underway Science seawater diaphragm pump","DO discrete","","",40.2125,-70.8819,"","EN706"
"2727","2023-08-10 17:33:19+00:00","Simrad EK-80","start","","",40.2182,-70.8819,"","EN706"
"2728","2023-08-10 18:01:00+00:00","Underway Science seawater diaphragm pump","TOI discrete","","",40.2565,-70.8829,"L7 bottle286","EN706"
"2729","2023-08-10 18:57:45+00:00","Incubation C13","stop","L11","009",40.3381,-70.8827,"","EN706"
"2730","2023-08-10 19:25:25+00:00","Underway Science seawater diaphragm pump","TOI discrete","","",40.373,-70.8667,"L6 bottle646","EN706"
"2731","2023-08-10 19:30:00+00:00","Sting Ray","recover","L6","Tow003",40.3757,-70.866,"","EN706"
"2732","2023-08-10 20:06:00+00:00","Underway Science seawater impeller","chl discrete","","",40.3098,-70.8835,"","EN706"
"2733","2023-08-10 20:18:19+00:00","MK21 XBT launcher","start","","",40.277,-70.8834,"","EN706"
"2734","2023-08-10 20:33:15+00:00","Isaacs-Kidd Midwater Trawl","startSample","L7","3",40.261,-70.8821,"with PX on the trawl and hydrophone towed from port quarter  ","EN706"
"2735","2023-08-10 21:12:57+00:00","Isaacs-Kidd Midwater Trawl","stopSample","L7","3",40.234,-70.8925,"","EN706"
"2736","2023-08-10 21:29:12+00:00","Incubation Grazing","stop","L11","009",40.246,-70.8882,"","EN706"
"2737","2023-08-10 21:44:38+00:00","CTD911","deploy","","14",40.2575,-70.8811,"","EN706"
"2738","2023-08-10 22:32:54+00:00","Bongo Net","deploy","L7","B14",40.2561,-70.881,"8th bongo","EN706"
"2739","2023-08-10 22:45:13+00:00","Bongo Net","recover","L7","B14",40.2527,-70.8766,"","EN706"
"2740","2023-08-10 23:19:26+00:00","MK21 XBT launcher","start","","",40.2139,-70.8834,"","EN706"
"2741","2023-08-10 23:35:48+00:00","MK21 XBT launcher","start","","",40.1705,-70.8839,"tried but cancelled due to computer not responding","EN706"
"2742","2023-08-10 23:55:46+00:00","CTD911","deploy","","15",40.1537,-70.8804,"","EN706"
"2743","2023-08-11 00:12:14+00:00","Incubation C13","start","L8","015",40.1473,-70.8776,"","EN706"
"2744","2023-08-11 00:43:04+00:00","Bongo Net","deploy","L8","B15",40.1347,-70.8703,"9th bongo","EN706"
"2745","2023-08-11 00:45:00+00:00","Underway Science seawater impeller","chl discrete","","",40.1345,-70.87,"","EN706"
"2746","2023-08-11 01:08:31+00:00","Bongo Net","recover","L8","B15",40.1223,-70.8605,"","EN706"
"2747","2023-08-11 01:43:45+00:00","Incubation Grazing","start","L8","015",40.1709,-70.8844,"","EN706"
"2748","2023-08-11 01:48:20+00:00","Incubation Mixotrophy","start","L8","015",40.1849,-70.8849,"","EN706"
"2749","2023-08-11 01:58:26+00:00","Underway Science seawater diaphragm pump","TOI discrete","","",40.213,-70.8839,"L7.5 bottle678","EN706"
"2750","2023-08-11 02:15:25+00:00","Underway Science seawater diaphragm pump","TOI discrete","","",40.2609,-70.8837,"L7 bottle328","EN706"
"2751","2023-08-11 02:54:00+00:00","Underway Science seawater impeller","chl discrete","","",40.367,-70.8816,"","EN706"
"2752","2023-08-11 03:55:42+00:00","Underway Science seawater diaphragm pump","TOI discrete","","",40.368,-70.6534,"U6b bottle703","EN706"
"2753","2023-08-11 04:19:28+00:00","Underway Science seawater diaphragm pump","TOI discrete","","",40.3639,-70.7222,"U6b 1/2 U6a bottle347","EN706"
"2754","2023-08-11 04:41:35+00:00","CTD911","deploy","","16",40.3638,-70.7745,"","EN706"
"2755","2023-08-11 05:18:30+00:00","Underway Science seawater diaphragm pump","TOI discrete","","",40.3646,-70.8251,"U6a 1/2 L6 bottle130","EN706"
"2756","2023-08-11 05:37:42+00:00","Underway Science seawater diaphragm pump","TOI discrete","","",40.365,-70.8868,"L6 bottle187","EN706"
"2757","2023-08-11 05:54:26+00:00","Underway Science seawater diaphragm pump","TOI discrete","","",40.3644,-70.9446,"L6 1/2 d6a bottle331","EN706"
"2758","2023-08-11 06:12:58+00:00","CTD911","deploy","d6a","17",40.3642,-70.9933,"","EN706"
"2759","2023-08-11 06:26:23+00:00","Underway Science seawater diaphragm pump","TOI discrete","","",40.3621,-70.994,"d6a bottle425","EN706"
"2760","2023-08-11 07:12:55+00:00","CTD911","deploy","","18",40.3629,-70.9933,"","EN706"
"2761","2023-08-11 08:31:31+00:00","CTD911","deploy","","19",40.3647,-70.8846,"","EN706"
"2762","2023-08-11 09:25:29+00:00","Incubation C13","start","L6","019",40.3639,-70.8837,"","EN706"
"2763","2023-08-11 09:25:34+00:00","Bongo Net","deploy","L6","B19",40.3639,-70.8837,"10th bongo","EN706"
"2764","2023-08-11 09:38:40+00:00","Bongo Net","recover","L6","B19",40.3639,-70.8921,"","EN706"
"2765","2023-08-11 10:23:23+00:00","Incubation Grazing","start","L6","019",40.3617,-70.8822,"","EN706"
"2766","2023-08-11 10:34:22+00:00","Incubation Mixotrophy","start","L6","019",40.3637,-70.8865,"","EN706"
"2767","2023-08-11 11:00:56+00:00","Sting Ray","deploy towed","L6","Tow004",40.367,-70.8885,"","EN706"
"2768","2023-08-11 11:53:57+00:00","Underway Science seawater diaphragm pump","TOI discrete","","",40.4273,-70.8842,"L5.5 bottle247","EN706"
"2769","2023-08-11 12:11:12+00:00","Underway Science seawater diaphragm pump","DO discrete","","",40.4521,-70.8839,"L5.5","EN706"
"2770","2023-08-11 12:12:29+00:00","Underway Science seawater diaphragm pump","DO discrete","","",40.4534,-70.8839,"L5.5","EN706"
"2771","2023-08-11 12:13:12+00:00","Underway Science seawater diaphragm pump","DO discrete","","",40.4548,-70.8839,"","EN706"
"2772","2023-08-11 12:35:00+00:00","Underway Science seawater impeller","chl discrete","","",40.4834,-70.8849,"","EN706"
"2773","2023-08-11 12:45:33+00:00","Underway Science seawater diaphragm pump","TOI discrete","","",40.4981,-70.8844,"L5 bottle531","EN706"
"2774","2023-08-11 13:56:32+00:00","Underway Science seawater diaphragm pump","TOI discrete","","",40.594,-70.8832,"L4.5 bottle822","EN706"
"2775","2023-08-11 15:12:24+00:00","Underway Science seawater diaphragm pump","TOI discrete","","",40.6968,-70.8828,"L4 bottle640","EN706"
"2776","2023-08-11 16:41:41+00:00","Underway Science seawater diaphragm pump","TOI discrete","","",40.8126,-70.8838,"L3.5 bottle823","EN706"
"2777","2023-08-11 16:46:14+00:00","Underway Science seawater diaphragm pump","DO discrete","","",40.8196,-70.8838,"L3.5 bottle28","EN706"
"2778","2023-08-11 16:47:26+00:00","Underway Science seawater diaphragm pump","DO discrete","","",40.8211,-70.8838,"L3.5 bottle25","EN706"
"2779","2023-08-11 16:48:16+00:00","Underway Science seawater diaphragm pump","DO discrete","","",40.8225,-70.8839,"L3.5 bottle27","EN706"
"2780","2023-08-11 17:01:00+00:00","Underway Science seawater diaphragm pump","other","","",40.8399,-70.8841,"Water collected in cube carboy for Hemiaulus TAR exp","EN706"
"2781","2023-08-11 17:35:13+00:00","Underway Science seawater diaphragm pump","other","","",40.8904,-70.8841,"TAR lab concentrated hemialis cells","EN706"
"2782","2023-08-11 18:12:17+00:00","Underway Science seawater diaphragm pump","TOI discrete","","",40.9451,-70.8843,"L2.5 bottle570","EN706"
"2783","2023-08-11 19:20:00+00:00","Sting Ray","recover","L2","Tow004",41.0336,-70.8914,"","EN706"
"2784","2023-08-11 19:25:09+00:00","Underway Science seawater diaphragm pump","DO discrete","","",41.0319,-70.8936,"L2 bottle17 ","EN706"
"2785","2023-08-11 19:27:09+00:00","Underway Science seawater diaphragm pump","DO discrete","","",41.0282,-70.893,"L2 bottle34","EN706"
"2786","2023-08-11 19:30:52+00:00","Underway Science seawater diaphragm pump","DO discrete","","",41.021,-70.8903,"L2 bottle11","EN706"
"2787","2023-08-11 20:39:13+00:00","CTD911","deploy","","20",40.863,-70.8813,"","EN706"
"2788","2023-08-11 21:12:03+00:00","Bongo Net","deploy","L3","B20",40.8587,-70.8788,"11th bongo","EN706"
"2789","2023-08-11 21:23:19+00:00","Bongo Net","recover","L3","B20",40.8558,-70.8853,"","EN706"
"2790","2023-08-11 23:38:17+00:00","Underway Science seawater diaphragm pump","TOI discrete","","",41.0327,-70.6572,"u2b bottle561","EN706"
"2791","2023-08-11 23:42:00+00:00","Underway Science seawater impeller","chl discrete","","",41.0298,-70.65,"","EN706"
"2792","2023-08-11 23:58:16+00:00","Underway Science seawater diaphragm pump","TOI discrete","","",41.0302,-70.7087,"U2b 1/2 U2a bottle133","EN706"
"2793","2023-08-12 00:00:37+00:00","Incubation C13","stop","L8","015",41.0301,-70.7158,"","EN706"
"2794","2023-08-12 00:29:42+00:00","CTD911","deploy","","21",41.0267,-70.7747,"","EN706"
"2795","2023-08-12 01:01:13+00:00","Underway Science seawater diaphragm pump","TOI discrete","","",41.0303,-70.8256,"U2a 1/2 L2 bottle838","EN706"
"2796","2023-08-12 01:36:31+00:00","Underway Science seawater diaphragm pump","TOI discrete","","",41.0306,-70.9463,"between L2 and d2a bottle #576","EN706"
"2797","2023-08-12 01:37:00+00:00","Underway Science seawater impeller","chl discrete","","",41.0306,-70.9463,"","EN706"
"2798","2023-08-12 01:49:05+00:00","Incubation Grazing","stop","L8","",41.0302,-70.9909,"","EN706"
"2799","2023-08-12 01:53:31+00:00","Underway Science seawater diaphragm pump","TOI discrete","","",41.029,-70.9948,"d2a bottle #375","EN706"
"2800","2023-08-12 01:58:41+00:00","CTD911","deploy","","22",41.0263,-70.9959,"","EN706"
"2801","2023-08-12 02:55:24+00:00","Underway Science seawater diaphragm pump","TOI discrete","","",41.0296,-71.1022,"d2b bottle#572","EN706"
"2802","2023-08-12 04:05:58+00:00","CTD911","deploy","","23",41.0292,-70.8834,"","EN706"
"2803","2023-08-12 05:38:38+00:00","Other","start","","",41.1186,-70.8838,"Started the bridge navigation echosounder 12KHz","EN706"
"2804","2023-08-12 05:55:35+00:00","Underway Science seawater diaphragm pump","TOI discrete","","",41.1643,-70.8823,"L1.5 bottle #819","EN706"
"2805","2023-08-12 08:10:42+00:00","CTD911","deploy","","24",41.3152,-70.5821,"","EN706"
"2806","2023-08-12 08:38:20+00:00","Bongo Net","deploy","MVCO","B24",41.311,-70.5805,"12th bongo","EN706"
"2807","2023-08-12 08:43:35+00:00","Bongo Net","recover","MVCO","B24",41.3092,-70.5793,"","EN706"
"2808","2023-08-12 09:00:37+00:00","Incubation C13","stop","L6","019",41.2973,-70.5964,"","EN706"
"2809","2023-08-12 10:15:44+00:00","Simrad EK-80","stop","","",41.1854,-70.8128,"EK80 turned off for end of cruise","EN706"
"2810","2023-08-12 10:26:36+00:00","Incubation Grazing","stop","L6","019",41.1674,-70.8504,"","EN706"
"2811","2023-08-12 10:40:34+00:00","CTD911","deploy","","25",41.1563,-70.8776,"","EN706"
"2812","2023-08-12 12:12:40+00:00","Underway Science seawater diaphragm pump","TOI discrete","","",41.2433,-71.0522,"before EMIS shutdown bottle #183","EN706"
"2813","2023-08-12 12:22:24+00:00","Underway Science seawater diaphragm pump","TOI discrete","","",41.2538,-71.0752,"S of L1 bottle#218","EN706"
"2814","2023-08-12 12:30:50+00:00","EIMS","stop","","",41.2611,-71.0907,"","EN706"
"2815","2023-08-12 12:40:28+00:00","Attune Flow Cytometer","stop","","",41.2695,-71.1086,"","EN706"
"2816","2023-08-12 12:45:03+00:00","Underway Science seawater diaphragm pump","stop","","",41.2738,-71.1175,"","EN706"
"2817","2023-08-12 12:45:26+00:00","IFCB continuous","stop","","",41.2738,-71.1175,"","EN706"
"2818","2023-08-12 15:18:35+00:00","Thermosalinographs on underway impeller","stop","","",41.4464,-71.4116,"stopped sci sw impeller pump. Flow stopped to SBE45 and SBE21 with fluorometers. Mouth of Narragansett Bay.","EN706"
"2819","2023-08-12 15:19:14+00:00","Underway Science seawater impeller","stop","","",41.4477,-71.4114,"stopped sci sw impeller pump. Flow stopped to SBE45 and SBE21 with fluorometers. Mouth of Narragansett Bay.","EN706"
"2820","2023-08-12 15:23:30+00:00","Fluorometers on underway impeller","stop","","",41.453,-71.4109,"stopped sci sw impeller pump. Flow stopped to SBE45 and SBE21 with fluorometers. Mouth of Narragansett Bay.","EN706"
"2821","2023-08-12 15:32:44+00:00","UHDAS for both ADCPs","stop","","",41.4648,-71.4095,"UHDAS controls both OS75 and WH300 KHz ADCPs. East of Bonnet Shores. Entering Narragansett Bay.","EN706"
"2822","2023-08-12 16:32:19+00:00","Ship","endCruise","","",41.4925,-71.4186,"Lines over to dock at URI","EN706"
"2823","2023-08-12 16:34:36+00:00","Echosounder12","stop","","",41.4924,-71.4186,"12KHz powered down / turned off at the dock","EN706"
"2824","2023-08-12 17:08:23+00:00","SUNAV2","sync time","","",41.4925,-71.4186,"1 sec slow","EN706"
"2825","2023-08-12 17:09:38+00:00","MeteorologicalSensor","stop","","",41.4925,-71.4186,"met sensors remain operating and logging as usual","EN706"
"2826","2023-08-12 17:22:29+00:00","Ship","other","","",41.4925,-71.4186,"Gangway installed from 02 deck to dock at GSO","EN706"
"2827","2023-10-10 14:00:00+00:00","SUNAV2","synce time","","",41.524,-70.672,"time sync to ships server day before departure","AR77"
"2828","2023-10-11 13:10:32+00:00","EK80 broadband","start","","",41.496,-70.674,"","AR77"
"2829","2023-10-11 13:11:46+00:00","Ship","startCruise","","",41.493,-70.68,"","AR77"
"2830","2023-10-11 13:12:15+00:00","UHDAS","start","","",41.493,-70.68,"","AR77"
"2831","2023-10-11 13:28:24+00:00","Underway Science seawater","start","","",41.465,-70.73,"","AR77"
"2832","2023-10-11 13:28:36+00:00","GO pCO2 8050","start","","",41.465,-70.73,"","AR77"
"2833","2023-10-11 14:02:25+00:00","IFCB_continuous","start","","",41.404,-70.843,"","AR77"
"2834","2023-10-11 14:23:50+00:00","Attune","start","","",41.354,-70.904,"","AR77"
"2835","2023-10-11 15:44:27+00:00","CTD911","deploy","","1",41.195,-70.877,"","AR77"
"2836","2023-10-11 16:28:57+00:00","Bongo Net","deploy","L1","B01",41.194,-70.878,"","AR77"
"2837","2023-10-11 16:30:00+00:00","Bongo Net","recover","L1","B01",41.194,-70.878,"","AR77"
"2838","2023-10-11 16:48:00+00:00","Sting Ray","deploy towed","L1","tow001",41.19,-70.879,"","AR77"
"2839","2023-10-11 16:49:07+00:00","Fluorometer","service","","",41.19,-70.879,"Flow diverted for fluorometer cleaning. about 2 minutes","AR77"
"2840","2023-10-11 17:14:15+00:00","Incubation Grazing","start","L1","001",41.184,-70.879,"","AR77"
"2841","2023-10-11 18:05:38+00:00","Incubation Mixotrophy","start","L1","001",41.173,-70.88,"10min incubation","AR77"
"2842","2023-10-12 00:00:55+00:00","Sting Ray","recover","L4","tow001",40.687,-70.884,"","AR77"
"2843","2023-10-12 02:38:28+00:00","Bongo Net","deploy","L2","B02a",41.033,-70.884,"Winch problem during the recovery of the bongo","AR77"
"2844","2023-10-12 02:50:00+00:00","Bongo Net","abort","L2","B02a",41.038,-70.885,"winch hydraulics shutdown midtow revoer to rinse and redeploy","AR77"
"2845","2023-10-12 03:06:00+00:00","Bongo Net","deploy","L2","B02",41.043,-70.885,"","AR77"
"2846","2023-10-12 03:15:00+00:00","Bongo Net","recover","L2","B02",41.047,-70.886,"","AR77"
"2847","2023-10-12 03:39:57+00:00","CTD911","deploy","","2",41.03,-70.884,"","AR77"
"2848","2023-10-12 04:27:46+00:00","Incubation C13","start","L2","002",41.03,-70.804,"","AR77"
"2849","2023-10-12 05:21:11+00:00","CTD911","deploy","","3",41.029,-70.772,"","AR77"
"2850","2023-10-12 05:35:00+00:00","Incubation Grazing","start","L2","002",41.029,-70.772,"","AR77"
"2851","2023-10-12 05:50:00+00:00","Incubation Mixotrophy","start","L2","002",41.029,-70.822,"10min incubation","AR77"
"2852","2023-10-12 06:39:53+00:00","CTD911","deploy","","4",41.03,-70.996,"","AR77"
"2853","2023-10-12 10:41:07+00:00","Isaacs-Kidd Midwater Trawl","startSample","L5","1",40.518,-70.883,"","AR77"
"2854","2023-10-12 11:01:10+00:00","Isaacs-Kidd Midwater Trawl","stopSample","L5","1",40.499,-70.883,"","AR77"
"2855","2023-10-12 11:32:02+00:00","CTD911","deploy","","5",40.513,-70.883,"","AR77"
"2856","2023-10-12 11:46:23+00:00","Underway MET system","other","","",40.513,-70.883,"Restarted after noting no air temp, RH, or baropress","AR77"
"2857","2023-10-12 12:05:46+00:00","Bongo Net","deploy","L5","B05",40.511,-70.882,"","AR77"
"2858","2023-10-12 12:13:03+00:00","Bongo Net","recover","L5","B05",40.508,-70.88,"","AR77"
"2859","2023-10-12 12:37:24+00:00","Incubation Mixotrophy","start","L5","005",40.558,-70.88,"10min incubation","AR77"
"2860","2023-10-12 13:31:03+00:00","Sting Ray","deploy towed","L4","tow002",40.693,-70.883,"","AR77"
"2861","2023-10-12 16:52:17+00:00","Underway Science seawater","chl discrete","","",40.416,-70.885,"","AR77"
"2862","2023-10-12 17:10:24+00:00","Incubation Grazing","stop","L1","001",40.391,-70.886,"","AR77"
"2863","2023-10-12 19:20:07+00:00","Underway Science seawater","chl discrete","","",40.207,-70.885,"","AR77"
"2864","2023-10-12 20:35:14+00:00","SUNAV2","synce time","","",40.102,-70.887,"suna was 2 seconds off. synced to the dell computer","AR77"
"2865","2023-10-12 22:25:41+00:00","Underway Science seawater","chl discrete","","",39.948,-70.882,"","AR77"
"2866","2023-10-13 00:35:24+00:00","Sting Ray","recover","L11","tow002",39.777,-70.884,"","AR77"
"2867","2023-10-13 01:52:00+00:00","Isaacs-Kidd Midwater Trawl","startSample","L10","2",39.927,-70.884,"","AR77"
"2868","2023-10-13 02:12:00+00:00","Isaacs-Kidd Midwater Trawl","stopSample","L10","2",39.946,-70.884,"","AR77"
"2869","2023-10-13 02:37:14+00:00","CTD911","deploy","","6",39.94,-70.884,"","AR77"
"2870","2023-10-13 03:27:00+00:00","Bongo Net","deploy","L10","B06",39.941,-70.885,"","AR77"
"2871","2023-10-13 03:48:00+00:00","Bongo Net","recover","L10","B06",39.939,-70.881,"","AR77"
"2872","2023-10-13 03:50:53+00:00","Incubation C13","start","L10","006",39.939,-70.881,"","AR77"
"2873","2023-10-13 04:45:15+00:00","Incubation C13","stop","L2","002",39.806,-70.882,"","AR77"
"2874","2023-10-13 04:45:35+00:00","Incubation Grazing","start","L10","006",39.806,-70.882,"","AR77"
"2875","2023-10-13 04:59:04+00:00","Incubation Mixotrophy","start","L10","006",39.773,-70.868,"10min incubation","AR77"
"2876","2023-10-13 05:36:05+00:00","CTD911","deploy","","7",39.773,-70.775,"","AR77"
"2877","2023-10-13 05:48:35+00:00","Incubation Grazing","stop","L2","002",39.773,-70.775,"","AR77"
"2878","2023-10-13 07:15:01+00:00","CTD911","deploy","","8",39.774,-70.991,"","AR77"
"2879","2023-10-13 08:31:57+00:00","Isaacs-Kidd Midwater Trawl","startSample","L11","3",39.772,-70.894,"","AR77"
"2880","2023-10-13 08:51:47+00:00","Isaacs-Kidd Midwater Trawl","stopSample","L11","3",39.772,-70.87,"","AR77"
"2881","2023-10-13 09:21:41+00:00","CTD911","deploy","","9",39.773,-70.884,"","AR77"
"2882","2023-10-13 10:19:21+00:00","Bongo Net","deploy","L11","B08",39.773,-70.885,"","AR77"
"2883","2023-10-13 10:30:23+00:00","Incubation C13","start","L11","008",39.777,-70.886,"","AR77"
"2884","2023-10-13 10:35:41+00:00","Bongo Net","recover","L11","B08",39.778,-70.887,"","AR77"
"2885","2023-10-13 10:50:45+00:00","Sting Ray","deploy towed","L11","tow003",39.779,-70.887,"","AR77"
"2886","2023-10-13 11:19:58+00:00","Incubation Grazing","start","L11","009",39.787,-70.886,"","AR77"
"2887","2023-10-13 12:11:16+00:00","MK21 XBT launcher","start","L10.75","01",39.814,-70.885,"","AR77"
"2888","2023-10-13 12:11:52+00:00","Incubation Mixotrophy","start","L11","009",39.815,-70.885,"10min incubation","AR77"
"2889","2023-10-13 12:55:03+00:00","MK21 XBT launcher","start","L10.5","02",39.875,-70.884,"","AR77"
"2890","2023-10-13 13:31:26+00:00","MK21 XBT launcher","start","L10","03",39.93,-70.885,"","AR77"
"2891","2023-10-13 14:12:32+00:00","MK21 XBT launcher","start","L9.7","04",39.984,-70.884,"","AR77"
"2892","2023-10-13 14:41:52+00:00","MK21 XBT launcher","start","L9.3","05",40.024,-70.884,"XBT 606037","AR77"
"2893","2023-10-13 15:08:00+00:00","MK21 XBT launcher","start","L9","06",40.06,-70.883,"","AR77"
"2894","2023-10-13 15:33:58+00:00","MK21 XBT launcher","start","L8.7","07",40.094,-70.883,"","AR77"
"2895","2023-10-13 15:55:55+00:00","MK21 XBT launcher","start","L8.3","08",40.124,-70.883,"","AR77"
"2896","2023-10-13 16:18:52+00:00","MK21 XBT launcher","start","L8","09",40.156,-70.883,"","AR77"
"2897","2023-10-13 16:58:43+00:00","MK21 XBT launcher","other","L7.5","10",40.211,-70.882,"aborted bad XBT no data","AR77"
"2898","2023-10-13 19:07:15+00:00","Sting Ray","recover","L6","tow003",40.381,-70.888,"","AR77"
"2899","2023-10-13 19:23:11+00:00","Isaacs-Kidd Midwater Trawl","startSample","L6","4",40.371,-70.889,"","AR77"
"2900","2023-10-13 19:43:15+00:00","Isaacs-Kidd Midwater Trawl","stopSample","L6","4",40.352,-70.889,"","AR77"
"2901","2023-10-13 20:08:46+00:00","CTD911","deploy","","10",40.363,-70.883,"","AR77"
"2902","2023-10-13 20:36:00+00:00","Bongo Net","deploy","L6","B10",40.363,-70.884,"","AR77"
"2903","2023-10-13 20:45:00+00:00","Bongo Net","recover","L6","B10",40.364,-70.888,"","AR77"
"2904","2023-10-13 20:56:42+00:00","Incubation C13","start","L6","010",40.364,-70.881,"","AR77"
"2905","2023-10-13 21:35:22+00:00","CTD911","deploy","","11",40.364,-70.774,"","AR77"
"2906","2023-10-13 22:01:19+00:00","Incubation Grazing","start","L6","010",40.364,-70.809,"","AR77"
"2907","2023-10-13 22:09:28+00:00","Incubation Mixotrophy","start","L6","010",40.363,-70.838,"10min incubation","AR77"
"2908","2023-10-13 22:57:25+00:00","CTD911","deploy","","12",40.364,-70.993,"","AR77"
"2909","2023-10-14 01:38:53+00:00","CTD911","deploy","","13",40.031,-70.881,"","AR77"
"2910","2023-10-14 02:14:00+00:00","Bongo Net","deploy","L9","B13",40.029,-70.884,"","AR77"
"2911","2023-10-14 02:40:00+00:00","Bongo Net","recover","L9","B13",40.034,-70.886,"","AR77"
"2912","2023-10-14 03:01:51+00:00","Incubation Mixotrophy","start","L9","013",40.035,-70.835,"10min incubation","AR77"
"2913","2023-10-14 03:25:18+00:00","Incubation C13","stop","L10","006",40.033,-70.77,"","AR77"
"2914","2023-10-14 03:29:33+00:00","CTD911","deploy","","14",40.033,-70.77,"","AR77"
"2915","2023-10-14 04:42:51+00:00","Incubation Grazing","stop","L10","006",40.031,-70.954,"","AR77"
"2916","2023-10-14 05:00:13+00:00","CTD911","deploy","","15",40.032,-70.994,"","AR77"
"2917","2023-10-14 06:49:15+00:00","Isaacs-Kidd Midwater Trawl","startSample","L8","5",40.138,-70.884,"","AR77"
"2918","2023-10-14 07:09:35+00:00","Isaacs-Kidd Midwater Trawl","stopSample","L8","5",40.157,-70.883,"","AR77"
"2919","2023-10-14 07:37:31+00:00","CTD911","deploy","","16",40.151,-70.884,"","AR77"
"2920","2023-10-14 08:13:38+00:00","Bongo Net","deploy","L8","B16",40.152,-70.886,"","AR77"
"2921","2023-10-14 08:28:35+00:00","Incubation C13","start","L8","016",40.157,-70.887,"","AR77"
"2922","2023-10-14 08:29:45+00:00","Bongo Net","recover","L8","B16",40.157,-70.887,"","AR77"
"2923","2023-10-14 09:17:03+00:00","Incubation Grazing","start","L8","016",40.244,-70.882,"","AR77"
"2924","2023-10-14 09:19:53+00:00","Isaacs-Kidd Midwater Trawl","startSample","L7","6",40.247,-70.883,"","AR77"
"2925","2023-10-14 09:30:00+00:00","Incubation Mixotrophy","start","L8","016",40.256,-70.883,"10min incubation","AR77"
"2926","2023-10-14 09:39:00+00:00","Isaacs-Kidd Midwater Trawl","stopSample","L7","6",40.264,-70.883,"","AR77"
"2927","2023-10-14 10:05:05+00:00","Incubation C13","stop","L11","008",40.257,-70.884,"","AR77"
"2928","2023-10-14 10:05:20+00:00","CTD911","deploy","","17",40.257,-70.884,"","AR77"
"2929","2023-10-14 10:34:42+00:00","Bongo Net","deploy","L7","B17",40.258,-70.884,"","AR77"
"2930","2023-10-14 10:46:27+00:00","Bongo Net","recover","L7","B17",40.261,-70.887,"","AR77"
"2931","2023-10-14 11:11:13+00:00","Incubation Grazing","stop","L11","009",40.31,-70.883,"","AR77"
"2932","2023-10-14 11:42:30+00:00","Sting Ray","deploy towed","L6","tow004",40.363,-70.884,"","AR77"
"2933","2023-10-14 12:00:05+00:00","Incubation Mixotrophy","start","L7","017",40.376,-70.884,"10min incubation","AR77"
"2934","2023-10-14 19:45:00+00:00","Sting Ray","recover","L2","tow004",41.024,-70.882,"","AR77"
"2935","2023-10-14 20:19:23+00:00","Incubation C13","stop","L6","010",40.943,-70.882,"","AR77"
"2936","2023-10-14 20:52:37+00:00","CTD911","deploy","","18",40.863,-70.883,"","AR77"
"2937","2023-10-14 21:16:00+00:00","Bongo Net","deploy","L3","B18",40.863,-70.885,"","AR77"
"2938","2023-10-14 21:21:22+00:00","Bongo Net","recover","L3","B18",40.862,-70.887,"","AR77"
"2939","2023-10-14 21:39:07+00:00","Incubation Mixotrophy","start","L3","018",40.838,-70.886,"10min incubation","AR77"
"2940","2023-10-14 22:10:05+00:00","Incubation Grazing","stop","L6","010",40.752,-70.884,"","AR77"
"2941","2023-10-14 22:42:00+00:00","Bongo Net","deploy","L4","B19",40.694,-70.884,"","AR77"
"2942","2023-10-14 22:49:00+00:00","Bongo Net","recover","L4","B19",40.697,-70.884,"","AR77"
"2943","2023-10-14 23:03:21+00:00","CTD911","deploy","","19",40.697,-70.884,"","AR77"
"2944","2023-10-14 23:49:01+00:00","Isaacs-Kidd Midwater Trawl","startSample","L4","7",40.696,-70.873,"","AR77"
"2945","2023-10-14 23:53:11+00:00","Incubation C13","start","L4","019",40.696,-70.868,"","AR77"
"2946","2023-10-15 00:09:08+00:00","Isaacs-Kidd Midwater Trawl","stopSample","L4","7",40.696,-70.848,"","AR77"
"2947","2023-10-15 00:50:37+00:00","Incubation Grazing","start","L4","018",40.697,-70.774,"","AR77"
"2948","2023-10-15 01:13:20+00:00","CTD911","deploy","","20",40.697,-70.774,"","AR77"
"2949","2023-10-15 01:24:01+00:00","Incubation Mixotrophy","start","L4","019",40.697,-70.774,"10min incubation","AR77"
"2950","2023-10-15 02:01:01+00:00","Incubation Grazing","start","u4a","020",40.698,-70.899,"","AR77"
"2951","2023-10-15 02:31:45+00:00","CTD911","deploy","","21",40.697,-70.993,"","AR77"
"2952","2023-10-15 03:15:40+00:00","Incubation Grazing","start","d4a","021",40.654,-71.081,"","AR77"
"2953","2023-10-15 04:00:39+00:00","CTD911","deploy","","22",40.597,-71.212,"","AR77"
"2954","2023-10-15 05:06:29+00:00","CTD911","deploy","","23",40.512,-71.324,"","AR77"
"2955","2023-10-15 06:35:34+00:00","CTD911","deploy","","24",40.513,-71.103,"","AR77"
"2956","2023-10-15 08:06:41+00:00","CTD911","deploy","","25",40.513,-70.884,"","AR77"
"2957","2023-10-15 08:21:29+00:00","Incubation C13","stop","L8","016",40.513,-70.884,"","AR77"
"2958","2023-10-15 09:12:19+00:00","Incubation Grazing","stop","L8","016",40.513,-70.739,"","AR77"
"2959","2023-10-15 09:44:15+00:00","CTD911","deploy","","26",40.513,-70.665,"","AR77"
"2960","2023-10-15 11:25:32+00:00","CTD911","deploy","","27",40.514,-70.446,"","AR77"
"2961","2023-10-15 12:50:23+00:00","CTD911","deploy","","28",40.514,-70.667,"","AR77"
"2962","2023-10-15 13:18:00+00:00","Underway Science seawater","FCM discrete","u5b","UW1",40.514,-70.675,"will count as surface sample to pair with 2 FCM discrete from CTD at depth","AR77"
"2963","2023-10-15 14:19:47+00:00","CTD911","deploy","","29",40.514,-70.885,"","AR77"
"2964","2023-10-15 15:56:48+00:00","CTD911","deploy","","30",40.513,-71.105,"","AR77"
"2965","2023-10-15 16:05:10+00:00","Incubation Grazing","other","","",40.513,-71.106,"Hose to incubators was kinked due to seas. Un kinked","AR77"
"2966","2023-10-15 17:26:48+00:00","CTD911","deploy","","31",40.513,-71.324,"","AR77"
"2967","2023-10-15 18:57:14+00:00","CTD911","deploy","","32",40.363,-71.322,"","AR77"
"2968","2023-10-15 20:40:46+00:00","CTD911","deploy","","33",40.363,-71.105,"","AR77"
"2969","2023-10-15 22:20:40+00:00","CTD911","deploy","","34",40.364,-70.885,"","AR77"
"2970","2023-10-15 22:49:51+00:00","Sting Ray","deploy towed","L6","tow005",40.37,-70.885,"","AR77"
"2971","2023-10-15 23:33:49+00:00","Incubation C13","stop","L4","019",40.425,-70.884,"","AR77"
"2972","2023-10-16 00:29:03+00:00","EK80 broadband","stop","","",40.502,-70.883,"cycle on/off for error clearing","AR77"
"2973","2023-10-16 00:29:33+00:00","EK80 broadband","start","","",40.502,-70.883,"back on after error clearing","AR77"
"2974","2023-10-16 00:32:11+00:00","Underway Science seawater","IFCB discrete","","uw1",40.506,-70.883,"","AR77"
"2975","2023-10-16 00:57:12+00:00","Incubation Grazing","stop","L4","019",40.54,-70.882,"","AR77"
"2976","2023-10-16 02:31:48+00:00","Incubation Grazing","stop","u4a","020",40.669,-70.882,"","AR77"
"2977","2023-10-16 03:17:48+00:00","Incubation Grazing","stop","d4a","021",40.732,-70.883,"","AR77"
"2978","2023-10-16 05:00:05+00:00","Sting Ray","recover","L3","tow005",40.867,-70.882,"","AR77"
"2979","2023-10-16 08:50:15+00:00","CTD911","deploy","","35",41.325,-70.578,"","AR77"
"2980","2023-10-16 09:10:43+00:00","Bongo Net","deploy","MVCO","B35",41.325,-70.578,"issue with winch wire reading","AR77"
"2981","2023-10-16 09:17:17+00:00","Bongo Net","recover","MVCO","B35",41.327,-70.581,"","AR77"
"2982","2023-10-16 09:39:37+00:00","EK80 broadband","stop","","",41.318,-70.597,"","AR77"
"2983","2023-10-16 11:12:35+00:00","UHDAS","stop","","",41.244,-70.886,"","AR77"
"2984","2023-10-16 11:20:00+00:00","IFCB_continuous","stop","","",41.267,-70.889,"","AR77"
"2985","2023-10-16 11:20:00+00:00","Attune","stop","","",41.267,-70.889,"","AR77"
"2986","2023-10-16 11:27:15+00:00","Underway Science seawater","IFCB discrete","","UW2",41.288,-70.893,"","AR77"
"2987","2023-10-16 11:34:38+00:00","GO pCO2 8050","end","","",41.308,-70.896,"","AR77"
"2988","2023-10-16 11:38:03+00:00","Underway Science seawater","stop","","",41.32,-70.898,"","AR77"
"2989","2023-10-16 14:39:15+00:00","SUNAV2","synce time","","",41.473,-70.739,"synced time for suna 1903, was 4 seconds behind","AR77"
"2990","2023-10-16 14:47:13+00:00","SUNAV2","synce time","","",41.473,-70.739,"suna 1227 was 2 seconds behind. synced to the dell computer","AR77"
"2991","2023-10-16 16:24:55+00:00","Ship","endCruise","","",41.524,-70.673,"","AR77"
